Max_BPM,Avg_BPM,Resting_BPM,Session_Duration (hours),Fat_Percentage,BMI,Water_Intake (liters),Workout_Frequency (days/week),Experience_Level_enc,Cluster,Workout_Type,Experience_Level
163,149,71,1.01,22.1,20.4,3.5,3,1,0,HIIT,1
170,126,73,0.25,19.9,18.0,3.4,3,0,0,Yoga,0
190,171,60,0.33,20.4,26.5,2.7,3,1,0,HIIT,1
189,135,69,0.78,30.3,28.5,4.4,3,0,0,Yoga,0
176,138,66,0.55,23.7,32.5,2.2,2,0,0,Cardio,0
163,124,77,0.75,28.7,18.1,3.7,5,1,0,Yoga,1
183,136,78,0.41,25.5,27.1,3.3,2,0,0,Yoga,0
176,137,63,0.52,18.3,27.3,2.7,3,1,0,Cardio,1
191,164,83,0.78,26.5,21.7,4.2,2,0,0,Mixed,0
199,166,66,0.67,21.3,20.3,3.7,4,1,0,Mixed,1
179,126,62,1.07,14.5,19.7,3.8,7,3,1,Yoga,3
161,140,77,0.44,28.7,21.9,3.5,3,0,0,Mixed,0
163,135,70,0.43,27.6,24.8,2.8,4,1,0,Strength,1
168,142,63,1.0,20.9,29.4,4.6,6,2,1,Mixed,2
205,186,75,0.65,37.7,28.4,3.0,3,0,0,HIIT,0
175,143,69,0.97,27.0,18.0,3.6,4,1,0,Strength,1
202,171,76,0.48,25.5,20.8,4.4,2,0,0,Mixed,0
180,149,76,0.25,28.3,29.2,2.8,2,0,0,Strength,0
169,136,57,1.39,9.0,21.1,3.9,7,3,1,Strength,3
171,149,81,0.56,24.7,23.8,4.3,3,0,0,Mixed,0
205,184,66,0.44,16.1,18.0,2.5,5,1,0,HIIT,1
178,163,77,0.84,29.1,28.6,3.8,3,0,0,HIIT,0
174,143,73,0.25,29.8,18.0,2.5,3,0,0,Strength,0
186,157,71,0.58,21.2,18.0,3.9,3,0,0,Mixed,0
188,171,74,0.27,17.1,28.2,2.6,3,0,0,HIIT,0
184,155,67,0.8,25.8,31.7,3.9,5,1,0,Mixed,1
181,153,68,0.87,14.4,22.8,4.4,4,2,1,Mixed,2
153,115,70,0.69,24.2,23.8,4.0,5,1,0,Yoga,1
172,129,77,0.6,31.4,27.6,3.5,5,1,0,Yoga,1
184,129,60,1.0,22.6,25.2,4.4,7,2,1,Yoga,2
185,153,55,1.69,11.1,22.5,5.0,6,3,1,Mixed,3
205,158,72,0.89,20.6,22.1,3.5,3,1,0,Cardio,1
157,135,69,1.25,14.7,18.0,4.3,7,3,1,Mixed,3
198,179,72,0.87,20.9,24.9,2.9,5,1,0,HIIT,1
186,167,60,1.22,18.7,23.6,3.8,6,2,1,HIIT,2
190,172,65,0.91,24.6,22.2,3.3,3,1,0,HIIT,1
167,133,70,1.29,12.6,20.0,3.2,7,3,1,Cardio,3
187,151,68,0.37,18.6,20.4,2.7,4,1,0,Strength,1
198,163,60,1.01,19.7,26.5,4.2,5,2,1,Mixed,2
183,135,76,0.63,22.1,27.5,3.6,5,1,0,Yoga,1
186,167,59,1.35,9.0,22.7,3.8,5,3,1,HIIT,3
199,178,55,1.16,18.3,22.3,3.7,7,3,1,HIIT,3
178,150,85,0.81,26.3,20.6,3.3,3,0,0,Strength,0
199,161,73,0.57,26.6,27.7,3.4,5,1,0,Strength,1
182,148,67,0.83,28.7,24.1,3.7,3,0,0,Strength,0
168,147,82,0.8,20.3,25.5,4.2,3,0,0,Mixed,0
194,173,55,1.35,19.2,25.4,3.6,7,3,1,HIIT,3
189,146,64,0.87,17.9,22.8,3.2,4,1,1,Cardio,1
169,133,66,1.01,24.3,19.3,3.1,3,1,0,Cardio,1
194,158,75,1.06,25.0,20.0,3.8,7,2,1,Strength,2
188,150,80,0.95,23.8,28.5,3.1,4,1,0,Cardio,1
163,141,72,0.67,24.0,21.1,4.5,2,0,0,Mixed,0
162,134,84,0.54,25.8,22.4,2.3,2,0,0,Cardio,0
200,158,59,1.14,13.9,19.5,3.9,3,1,1,Strength,1
203,160,80,0.69,20.7,19.1,2.8,2,0,0,Cardio,0
205,187,82,0.55,25.0,20.9,3.1,2,0,0,HIIT,0
164,144,83,0.83,25.8,30.8,4.4,3,0,0,Mixed,0
200,165,60,1.52,16.3,26.6,4.0,7,3,1,Mixed,3
175,150,78,0.25,22.8,21.9,3.6,3,0,0,Mixed,0
183,165,61,1.06,16.7,28.3,4.0,5,2,1,HIIT,2
177,161,70,0.7,26.8,23.4,2.8,4,1,0,HIIT,1
173,158,74,1.08,25.4,29.4,3.4,2,0,0,HIIT,0
189,135,69,1.14,19.5,32.8,4.3,5,1,1,Yoga,1
169,146,76,0.56,15.6,28.1,3.4,5,1,0,Mixed,1
188,152,66,1.04,15.0,24.4,3.6,5,2,1,Strength,2
181,141,68,1.05,15.8,26.8,3.4,5,3,1,Cardio,3
189,139,76,0.25,21.7,24.1,3.1,3,0,0,Yoga,0
197,154,76,0.71,21.8,18.0,3.6,4,2,0,Cardio,2
185,148,81,0.6,28.8,21.4,2.2,3,0,0,Cardio,0
187,170,75,0.44,22.1,20.2,2.6,2,0,0,HIIT,0
166,125,76,0.66,27.3,21.3,4.2,3,0,0,Yoga,0
189,150,61,0.93,18.1,31.2,4.1,4,2,1,Strength,2
186,147,76,0.64,22.3,28.5,2.9,3,0,0,Cardio,0
185,143,65,0.92,22.7,25.8,2.4,3,1,0,Cardio,1
172,127,72,1.0,22.7,27.2,4.3,5,2,1,Yoga,2
186,149,63,1.25,15.3,18.0,4.8,6,2,1,Strength,2
180,144,62,1.42,10.5,26.9,4.7,7,3,1,Strength,3
171,139,64,0.52,29.1,27.8,3.2,3,0,0,Strength,0
172,136,69,1.27,18.2,18.0,3.7,3,1,1,Cardio,1
190,171,58,1.09,16.8,27.1,3.4,6,3,1,HIIT,3
205,149,80,0.43,25.3,18.3,3.5,2,0,0,Yoga,0
180,146,68,1.22,25.8,18.0,4.2,5,2,1,Strength,2
194,177,80,0.41,34.9,29.3,2.4,3,0,0,HIIT,0
192,154,67,1.03,23.0,20.0,4.1,5,2,1,Strength,2
177,140,71,0.99,17.4,21.1,3.3,5,2,1,Cardio,2
205,162,62,1.31,15.2,28.0,4.0,5,3,1,Strength,3
192,147,63,0.78,17.5,22.8,2.5,5,1,0,Cardio,1
169,122,65,1.07,24.3,23.3,4.2,6,2,1,Yoga,2
192,151,75,0.25,26.2,23.2,2.1,2,0,0,Cardio,0
186,147,55,0.74,30.6,25.4,3.2,4,1,0,Strength,1
193,161,65,0.93,29.2,23.1,4.5,3,1,0,Mixed,1
165,152,80,0.89,26.1,24.5,3.5,4,1,0,HIIT,1
167,132,69,0.52,22.0,22.0,3.2,3,1,0,Cardio,1
163,127,59,1.13,15.9,25.4,3.4,7,3,1,Cardio,3
205,170,64,0.62,32.7,25.3,3.8,3,0,0,Mixed,0
162,134,68,0.25,28.9,31.6,2.5,3,0,0,Strength,0
165,149,62,1.33,11.0,22.5,3.9,7,3,1,HIIT,3
167,152,68,0.77,23.6,23.3,3.7,4,1,0,HIIT,1
189,170,64,0.72,22.4,25.0,3.6,4,1,0,HIIT,1
194,177,81,0.7,21.3,27.9,2.9,3,0,0,HIIT,0
196,140,71,0.27,27.7,19.6,3.7,3,0,0,Yoga,0
199,153,68,0.76,18.2,24.4,3.1,3,0,0,Cardio,0
194,141,75,0.67,26.5,18.0,3.5,2,0,0,Yoga,0
174,125,66,0.44,18.8,22.9,3.8,5,1,0,Yoga,1
175,140,61,0.98,13.8,28.3,3.8,7,2,1,Strength,2
178,137,60,1.32,18.8,21.1,3.6,6,3,1,Cardio,3
185,151,72,0.41,26.2,24.7,3.1,2,0,0,Strength,0
165,121,67,0.43,15.3,21.9,3.3,3,0,0,Yoga,0
169,140,73,0.69,16.6,20.6,3.3,3,1,0,Strength,1
166,127,79,0.25,33.4,27.9,3.2,3,0,0,Yoga,0
177,149,64,0.92,8.0,19.8,4.4,7,2,1,Mixed,2
178,131,73,0.95,24.4,25.2,4.0,4,1,0,Yoga,1
171,132,58,1.31,8.0,25.2,3.5,5,3,1,Cardio,3
193,154,65,0.27,21.6,20.6,3.5,3,0,0,Strength,0
175,161,79,0.35,24.1,24.6,3.1,3,0,0,HIIT,0
162,149,75,1.03,29.7,20.3,3.9,3,0,0,HIIT,0
190,150,76,0.5,36.2,26.1,2.5,2,0,0,Cardio,0
205,163,64,0.9,17.6,18.7,3.9,4,2,1,Strength,2
205,183,59,0.84,16.2,22.6,3.6,7,3,1,HIIT,3
203,165,76,0.63,26.4,23.0,3.3,2,0,0,Strength,0
183,167,76,0.63,25.4,28.5,3.3,2,0,0,HIIT,0
187,150,81,0.57,29.2,24.6,3.1,2,0,0,Cardio,0
159,146,72,0.94,19.4,27.8,3.6,3,1,0,HIIT,1
178,163,76,0.77,27.6,26.2,3.2,5,1,0,HIIT,1
198,179,73,0.94,23.7,26.2,3.4,5,2,0,HIIT,2
194,146,57,1.0,20.5,22.7,3.5,6,2,1,Cardio,2
192,140,76,0.65,22.1,28.1,4.1,5,1,0,Yoga,1
175,144,73,1.12,20.5,22.6,4.6,5,1,1,Strength,1
165,141,67,1.1,24.9,18.0,4.2,7,2,1,Mixed,2
179,153,75,1.08,24.4,23.1,4.5,5,1,1,Mixed,1
177,162,74,0.58,26.3,25.8,2.8,3,0,0,HIIT,0
160,135,78,0.37,25.8,18.0,3.2,2,0,0,Strength,0
166,152,70,0.6,28.9,20.5,2.8,3,0,0,HIIT,0
205,162,63,1.39,21.0,19.1,4.3,4,1,1,Strength,1
173,148,73,0.9,34.6,27.1,3.8,4,1,0,Mixed,1
165,151,75,0.68,34.3,30.7,2.8,3,0,0,HIIT,0
174,158,65,0.95,18.5,23.2,3.3,4,2,1,HIIT,2
166,136,66,0.82,23.6,26.1,3.5,3,1,0,Strength,1
192,140,77,0.34,28.7,26.0,3.5,3,0,0,Yoga,0
172,156,63,0.71,16.0,30.2,3.2,5,2,1,HIIT,2
156,133,65,0.92,17.1,21.4,4.2,5,2,1,Mixed,2
198,179,73,0.31,26.4,23.1,2.6,2,0,0,HIIT,0
170,130,56,1.32,12.8,22.6,3.1,7,3,1,Cardio,3
194,152,74,0.46,21.4,24.3,2.9,2,0,0,Cardio,0
181,131,71,1.01,20.6,34.0,4.6,6,2,1,Yoga,2
171,137,58,1.14,8.0,24.1,4.0,5,3,1,Strength,3
205,156,64,1.03,16.9,20.6,3.5,7,2,1,Cardio,2
165,149,64,0.71,26.8,19.4,2.9,4,2,0,HIIT,2
199,178,57,1.31,17.5,29.0,3.6,7,3,1,HIIT,3
187,155,81,0.25,25.9,20.6,2.4,2,0,0,Strength,0
172,135,68,0.54,26.6,26.7,2.4,3,0,0,Cardio,0
189,159,70,1.08,17.2,21.3,4.3,3,1,1,Mixed,1
162,130,56,1.54,9.7,18.9,4.4,5,3,1,Strength,3
195,165,73,0.67,14.0,26.4,4.3,3,1,0,Mixed,1
186,167,61,1.14,13.1,21.5,3.5,7,3,1,HIIT,3
173,150,81,0.62,28.5,25.7,3.8,2,0,0,Mixed,0
172,141,69,1.09,16.2,26.0,3.7,7,2,1,Strength,2
163,127,60,0.75,15.4,26.2,3.1,7,3,1,Cardio,3
205,166,74,0.55,18.4,22.9,3.1,5,1,0,Strength,1
174,124,64,1.13,15.6,26.7,4.8,6,3,1,Yoga,3
186,134,70,0.66,23.1,20.3,3.9,3,0,0,Yoga,0
159,135,64,1.18,12.9,18.0,4.5,7,3,1,Mixed,3
200,179,61,1.05,9.7,26.8,3.8,7,3,1,HIIT,3
163,133,77,0.83,23.7,24.7,3.3,3,0,0,Cardio,0
197,165,68,1.17,28.5,21.6,4.6,3,1,0,Mixed,1
197,157,66,0.57,17.4,18.1,3.1,5,1,0,Strength,1
177,129,70,0.77,27.5,18.0,4.0,3,0,0,Yoga,0
194,146,58,0.77,25.3,24.2,3.0,3,0,0,Cardio,0
164,122,71,0.44,26.2,30.6,3.4,2,0,0,Yoga,0
172,141,82,0.86,22.5,23.4,2.9,3,1,0,Cardio,1
163,132,74,0.71,33.2,22.6,2.5,3,1,0,Cardio,1
181,127,62,1.34,13.2,23.9,5.1,6,3,1,Yoga,3
188,139,80,0.5,26.9,32.7,3.4,3,0,0,Yoga,0
168,136,64,0.89,16.6,27.0,4.3,4,2,1,Strength,2
171,142,73,0.59,34.8,20.3,3.6,3,0,0,Strength,0
178,138,64,1.4,9.6,24.1,3.3,5,2,1,Cardio,2
152,123,56,0.97,13.5,25.3,3.7,7,3,1,Strength,3
196,157,67,0.95,23.1,19.8,3.4,5,1,0,Strength,1
165,138,75,0.41,29.1,27.0,2.7,3,0,0,Strength,0
201,155,70,1.02,28.7,20.7,3.3,4,1,0,Cardio,1
203,184,82,0.83,28.8,18.0,3.7,2,0,0,HIIT,0
162,149,75,0.8,20.8,24.3,3.6,4,1,0,HIIT,1
193,161,68,0.37,25.3,23.7,3.7,3,0,0,Mixed,0
205,185,74,0.44,24.1,24.0,3.2,3,0,0,HIIT,0
195,134,59,1.09,17.6,20.9,4.0,6,2,1,Yoga,2
172,119,55,1.37,15.9,21.5,4.7,5,3,1,Yoga,3
183,149,70,1.01,21.7,28.5,3.5,5,1,1,Strength,1
167,145,78,0.38,27.1,25.8,3.8,2,0,0,Mixed,0
171,142,75,0.7,27.2,20.2,3.9,3,0,0,Strength,0
172,139,62,1.06,8.0,18.0,3.7,6,3,1,Strength,3
193,172,58,1.28,13.5,20.3,3.7,7,3,1,HIIT,3
179,147,70,0.56,27.7,24.6,3.1,3,0,0,Strength,0
198,163,58,1.25,13.0,21.5,4.3,7,3,1,Mixed,3
181,164,67,1.08,11.9,21.2,3.9,6,3,1,HIIT,3
160,139,77,1.15,24.8,21.6,4.1,3,0,0,Mixed,0
198,156,57,1.33,14.5,23.7,4.0,7,2,1,Strength,2
169,140,71,1.12,18.2,27.1,3.4,3,1,0,Strength,1
202,184,81,0.63,22.2,24.0,2.8,2,0,0,HIIT,0
196,155,79,0.67,27.2,24.2,2.8,3,0,0,Cardio,0
194,177,76,0.5,22.1,23.1,3.1,3,1,0,HIIT,1
159,123,55,0.99,17.9,22.0,3.2,7,3,1,Cardio,3
175,137,66,1.03,19.6,27.6,3.4,6,2,1,Cardio,2
198,179,73,0.81,23.7,27.0,3.1,3,0,0,HIIT,0
176,145,73,0.96,22.2,32.2,3.2,3,1,0,Strength,1
199,166,66,0.88,22.8,26.4,4.5,5,1,1,Mixed,1
182,147,66,0.92,32.5,22.0,3.4,4,1,0,Strength,1
198,152,65,1.1,21.3,20.4,3.6,4,2,1,Cardio,2
185,131,65,0.54,27.9,27.8,3.6,5,1,0,Yoga,1
176,151,76,0.4,28.4,20.7,4.0,3,0,0,Mixed,0
203,161,65,0.68,32.4,27.2,3.5,2,0,0,Strength,0
196,142,76,0.54,22.7,21.0,3.4,3,1,0,Yoga,1
179,123,55,0.8,13.3,25.4,3.9,7,2,1,Yoga,2
175,150,75,0.97,24.1,19.8,4.2,5,1,0,Mixed,1
205,157,67,1.09,24.4,27.1,3.8,5,1,1,Cardio,1
185,128,58,0.76,20.2,19.1,3.7,7,2,1,Yoga,2
160,120,71,0.74,28.5,25.1,3.6,5,1,0,Yoga,1
190,159,64,1.21,8.0,23.2,4.9,6,3,1,Mixed,3
181,166,81,0.6,25.9,24.4,2.9,2,0,0,HIIT,0
205,170,66,1.37,21.9,22.4,4.5,6,3,1,Mixed,3
190,148,71,0.63,23.9,22.3,2.9,2,0,0,Cardio,0
180,148,71,1.04,24.6,24.6,3.8,5,1,0,Strength,1
176,142,61,0.51,17.7,20.0,3.0,4,1,0,Strength,1
193,138,70,0.95,21.4,20.0,4.5,5,1,1,Yoga,1
156,114,62,1.03,19.1,22.6,4.3,5,3,1,Yoga,3
166,124,73,0.58,30.2,22.4,3.5,3,0,0,Yoga,0
166,133,56,0.94,21.8,20.0,3.8,5,2,1,Strength,2
162,132,62,1.29,17.3,27.7,4.0,6,2,1,Strength,2
192,155,85,0.66,24.9,22.7,2.9,3,0,0,Cardio,0
169,153,62,1.08,15.8,23.1,3.4,7,3,1,HIIT,3
205,184,68,0.86,14.8,18.7,3.3,3,1,0,HIIT,1
199,136,59,1.04,15.4,32.3,4.2,6,3,1,Yoga,3
169,133,67,0.82,15.8,33.7,2.8,6,2,1,Cardio,2
183,165,62,0.86,21.5,20.9,3.3,3,1,0,HIIT,1
183,131,68,0.84,26.3,28.9,4.6,2,0,0,Yoga,0
166,150,61,0.91,19.6,23.6,3.8,5,2,1,HIIT,2
169,155,72,0.59,26.3,30.4,3.2,2,0,0,HIIT,0
160,136,79,1.17,18.7,25.3,4.3,4,1,1,Strength,1
167,135,75,0.61,30.5,24.4,3.0,2,0,0,Cardio,0
196,159,72,0.6,20.2,18.0,3.6,2,0,0,Strength,0
184,135,75,0.69,29.3,20.5,3.4,3,0,0,Yoga,0
184,165,55,0.82,15.8,24.1,3.2,7,3,1,HIIT,3
195,156,65,0.92,24.4,24.8,4.2,5,1,1,Strength,1
196,156,61,1.03,19.8,19.1,3.8,7,2,1,Strength,2
186,147,55,1.47,20.1,21.1,4.4,7,3,1,Strength,3
195,176,71,0.82,17.0,26.2,3.3,5,2,1,HIIT,2
162,150,78,0.54,28.5,18.5,3.3,2,0,0,HIIT,0
179,127,64,0.83,16.9,24.5,4.3,4,1,1,Yoga,1
191,150,55,1.23,15.5,29.0,4.1,6,3,1,Strength,3
161,147,69,0.67,24.0,25.5,2.3,3,0,0,HIIT,0
162,120,69,0.75,19.7,25.3,4.0,4,1,0,Yoga,1
182,132,71,1.1,16.6,18.0,4.2,4,1,1,Yoga,1
190,155,72,0.86,18.5,20.7,3.6,5,1,0,Strength,1
203,137,55,1.09,11.1,32.2,4.4,5,3,1,Yoga,3
188,158,69,0.84,24.6,21.6,4.2,4,1,0,Mixed,1
174,139,75,0.51,38.8,29.1,2.9,3,0,0,Cardio,0
167,121,66,0.89,8.2,21.6,4.4,6,3,1,Yoga,3
183,143,69,0.94,20.5,22.9,3.6,5,2,1,Cardio,2
192,136,68,0.43,20.7,26.1,3.4,3,0,0,Yoga,0
195,156,66,0.61,30.9,24.4,3.5,2,0,0,Strength,0
170,131,59,1.08,16.8,25.5,3.6,7,3,1,Cardio,3
170,136,72,0.38,28.0,20.7,2.6,2,0,0,Cardio,0
160,126,65,1.01,21.8,19.5,3.1,5,1,1,Cardio,1
182,144,71,0.33,30.3,20.5,2.3,3,0,0,Cardio,0
167,120,63,1.17,23.3,21.9,4.0,7,3,1,Yoga,3
173,133,57,0.93,20.6,23.1,2.6,5,2,1,Cardio,2
169,142,79,0.54,26.3,28.1,3.3,4,1,0,Strength,1
175,141,61,0.84,20.6,24.3,3.3,5,2,1,Strength,2
174,146,63,0.73,14.8,25.9,3.8,7,3,1,Mixed,3
188,149,57,1.04,8.0,24.6,4.5,7,3,1,Strength,3
186,128,57,1.09,15.1,19.5,4.4,5,2,1,Yoga,2
197,157,64,0.9,19.4,24.1,3.4,5,2,1,Strength,2
169,153,64,0.95,28.3,24.5,3.6,5,1,0,HIIT,1
188,147,71,0.93,22.7,27.0,2.8,5,1,0,Cardio,1
159,131,65,0.97,24.0,19.7,3.8,7,2,1,Strength,2
163,117,62,0.99,16.5,18.0,4.3,6,2,1,Yoga,2
171,138,61,1.29,15.4,24.7,4.2,7,3,1,Strength,3
192,142,80,0.47,20.2,25.4,3.2,3,0,0,Yoga,0
165,150,64,0.92,27.7,23.3,3.4,7,2,1,HIIT,2
183,142,66,0.81,28.8,24.1,3.0,5,1,0,Cardio,1
176,160,67,0.76,18.4,27.5,2.9,5,2,1,HIIT,2
181,165,77,0.39,29.7,22.2,2.7,2,0,0,HIIT,0
200,166,64,1.28,18.1,22.9,4.6,5,2,1,Mixed,2
199,158,82,0.78,29.9,24.3,2.9,3,0,0,Cardio,0
205,184,64,0.71,20.7,19.1,3.1,5,2,1,HIIT,2
183,167,77,0.95,15.1,23.4,3.1,5,1,0,HIIT,1
160,127,67,0.92,25.6,23.7,2.9,3,1,0,Cardio,1
188,170,69,1.16,16.8,30.5,3.4,5,2,1,HIIT,2
187,148,59,1.21,19.3,22.8,4.3,7,3,1,Strength,3
179,148,76,0.73,27.2,24.8,3.5,3,0,0,Strength,0
173,138,55,1.13,15.5,27.7,3.4,7,2,1,Strength,2
164,136,85,0.45,20.9,20.7,2.7,2,0,0,Cardio,0
168,138,67,1.21,24.3,29.5,4.1,4,2,1,Strength,2
199,181,75,0.6,23.4,31.1,3.4,3,1,0,HIIT,1
168,137,63,0.59,18.3,23.9,3.4,3,1,0,Strength,1
164,139,66,1.16,18.2,21.8,4.4,4,2,1,Mixed,2
172,136,69,1.03,22.0,30.5,3.3,4,1,0,Cardio,1
181,131,70,0.92,30.2,27.2,3.8,3,0,0,Yoga,0
176,143,66,1.12,18.1,24.3,3.9,5,3,1,Strength,3
169,144,71,0.83,17.9,29.7,5.1,4,1,1,Mixed,1
178,145,70,0.9,24.2,29.3,4.0,3,1,0,Strength,1
169,126,73,0.58,24.3,22.7,4.0,4,1,0,Yoga,1
194,132,56,1.46,17.4,25.0,4.4,5,3,1,Yoga,3
182,155,76,0.89,21.4,26.3,4.6,3,0,0,Mixed,0
198,143,75,0.76,25.3,24.1,3.8,3,0,0,Yoga,0
171,141,71,0.63,12.9,18.4,3.7,4,1,0,Strength,1
185,158,75,0.56,19.8,20.2,4.3,5,1,0,Mixed,1
170,145,73,0.63,21.2,18.6,3.6,2,0,0,Mixed,0
181,163,62,0.95,23.5,26.0,3.3,7,2,1,HIIT,2
176,139,72,0.32,26.4,19.3,2.1,2,0,0,Cardio,0
204,140,62,1.31,13.1,24.8,4.7,7,2,1,Yoga,2
163,149,71,1.4,27.5,31.3,3.7,7,2,1,HIIT,2
161,135,75,0.67,31.2,29.7,3.4,2,0,0,Strength,0
167,137,80,0.71,29.4,18.0,2.7,2,0,0,Cardio,0
182,148,66,0.8,11.6,18.9,4.2,7,2,1,Strength,2
165,149,61,1.29,21.8,20.9,3.8,5,2,1,HIIT,2
163,147,57,1.25,20.3,19.3,3.9,6,2,1,HIIT,2
165,150,68,0.42,30.8,18.0,2.9,3,0,0,HIIT,0
173,132,56,1.11,10.8,24.0,3.1,5,3,1,Cardio,3
179,141,70,0.84,15.7,26.8,2.7,6,2,1,Cardio,2
170,157,82,0.56,32.9,27.8,3.0,3,0,0,HIIT,0
180,131,70,0.84,27.0,22.1,3.8,5,1,0,Yoga,1
166,142,70,0.76,14.9,22.9,4.6,4,2,1,Mixed,2
205,145,72,0.36,31.3,25.4,3.7,2,0,0,Yoga,0
181,162,57,1.23,11.9,23.6,4.2,6,3,1,HIIT,3
168,123,69,1.32,17.0,27.2,4.4,4,2,1,Yoga,2
156,144,76,0.65,31.4,25.7,3.5,3,0,0,HIIT,0
168,152,64,1.32,16.4,22.5,4.3,7,3,1,HIIT,3
201,181,70,0.98,19.8,18.0,3.0,4,1,0,HIIT,1
164,135,68,0.75,20.6,30.0,3.4,4,1,0,Strength,1
182,129,64,0.72,14.9,21.3,4.0,6,2,1,Yoga,2
180,164,72,0.92,22.0,25.4,3.4,3,1,0,HIIT,1
181,148,71,0.96,18.1,18.0,3.7,5,1,1,Strength,1
184,167,70,0.52,30.2,24.0,2.6,2,0,0,HIIT,0
199,141,69,1.14,21.3,24.4,4.2,5,1,1,Yoga,1
177,160,62,0.6,24.3,24.6,3.4,3,1,0,HIIT,1
159,132,68,0.71,23.6,35.0,3.5,4,1,0,Strength,1
200,140,65,0.91,15.5,21.5,4.2,3,1,1,Yoga,1
178,147,55,0.52,18.7,27.3,4.5,3,1,1,Mixed,1
191,158,81,0.88,22.0,26.1,3.7,4,1,0,Strength,1
163,148,66,1.17,21.9,21.3,3.9,4,1,1,HIIT,1
170,125,70,0.91,25.3,27.2,4.2,2,0,0,Yoga,0
196,167,83,0.7,28.3,23.3,4.4,3,0,0,Mixed,0
168,153,64,0.68,17.0,27.5,3.3,3,1,0,HIIT,1
167,132,68,0.59,31.3,31.8,2.4,3,0,0,Cardio,0
162,149,74,0.68,23.5,24.6,3.3,3,0,0,HIIT,0
170,146,73,0.65,26.9,22.9,4.1,3,0,0,Mixed,0
175,144,72,0.77,27.6,28.2,3.2,2,0,0,Strength,0
180,151,65,0.46,19.0,29.6,3.7,3,1,0,Mixed,1
185,168,69,0.69,26.5,20.5,3.0,5,1,0,HIIT,1
182,152,83,0.75,24.1,22.2,3.3,2,0,0,Strength,0
195,137,67,0.72,28.6,26.7,3.4,3,0,0,Yoga,0
171,144,79,0.66,19.7,23.5,3.8,2,0,0,Strength,0
190,173,78,1.03,20.3,20.2,3.6,5,1,0,HIIT,1
204,182,62,1.23,24.1,26.2,3.9,7,2,1,HIIT,2
193,158,77,0.34,22.0,26.7,3.1,2,0,0,Strength,0
186,151,69,0.87,24.2,22.7,4.0,4,1,0,Strength,1
184,149,66,0.82,28.9,24.2,3.5,3,0,0,Strength,0
198,181,81,0.58,29.6,21.7,3.2,2,0,0,HIIT,0
183,144,70,0.78,23.7,19.6,3.6,5,1,0,Cardio,1
187,151,67,0.91,20.2,22.0,3.6,5,1,1,Strength,1
178,145,67,0.25,19.2,24.3,3.1,2,0,0,Strength,0
168,128,78,0.54,19.8,18.1,3.7,3,0,0,Yoga,0
199,169,76,0.48,30.3,22.3,3.9,2,0,0,Mixed,0
167,123,68,0.98,18.5,24.4,3.7,5,2,1,Yoga,2
176,142,78,0.93,32.4,28.8,3.2,2,0,0,Cardio,0
183,149,71,0.73,26.8,22.7,3.4,3,0,0,Strength,0
183,164,55,0.61,20.6,19.0,2.7,6,2,1,HIIT,2
179,143,74,0.43,19.6,23.2,3.1,2,0,0,Cardio,0
177,162,74,0.25,22.1,21.7,3.0,3,0,0,HIIT,0
166,139,76,0.56,33.7,26.2,3.6,3,0,0,Strength,0
197,169,83,0.62,30.2,22.6,3.9,3,0,0,Mixed,0
177,162,75,0.65,24.3,18.0,2.9,3,0,0,HIIT,0
162,118,63,1.07,22.1,35.0,4.1,6,3,1,Yoga,3
172,123,62,0.99,18.5,24.6,4.0,6,3,1,Yoga,3
191,172,63,0.67,23.2,24.4,3.2,3,1,0,HIIT,1
198,138,64,0.85,26.9,18.0,4.0,5,1,1,Yoga,1
158,129,76,0.75,18.0,18.1,3.1,5,1,0,Cardio,1
197,151,66,0.79,19.0,23.6,3.1,5,1,0,Cardio,1
192,154,67,1.21,22.6,25.3,4.3,4,2,1,Strength,2
165,150,65,0.86,17.7,26.8,3.3,4,1,0,HIIT,1
169,138,79,0.65,26.8,24.9,3.5,3,0,0,Cardio,0
172,144,76,0.75,22.2,19.3,3.8,3,0,0,Strength,0
165,128,59,1.32,8.0,18.0,3.8,7,3,1,Cardio,3
197,144,78,0.74,23.5,23.6,3.5,3,0,0,Yoga,0
187,168,61,1.17,18.4,21.9,3.8,5,3,1,HIIT,3
166,135,61,0.94,23.6,18.9,3.2,5,2,1,Strength,2
182,132,70,0.8,25.1,27.3,3.5,4,1,0,Yoga,1
190,151,78,0.43,29.9,18.0,2.9,3,0,0,Cardio,0
192,164,81,0.51,23.0,26.5,4.0,3,0,0,Mixed,0
185,156,69,0.71,24.7,18.4,4.4,3,1,0,Mixed,1
176,151,74,0.88,18.9,24.5,4.3,6,2,1,Mixed,2
172,139,61,0.88,10.7,27.7,3.6,7,2,1,Strength,2
153,139,62,0.97,23.4,22.6,3.4,5,1,1,HIIT,1
178,126,63,1.05,25.9,30.8,4.0,4,1,1,Yoga,1
175,142,65,1.15,23.4,31.7,3.6,7,2,1,Strength,2
192,159,60,1.12,8.0,24.9,4.8,7,3,1,Mixed,3
187,168,61,1.26,16.6,26.2,3.7,5,3,1,HIIT,3
204,183,67,0.72,14.2,28.2,2.9,3,1,0,HIIT,1
201,166,85,0.47,25.8,26.2,2.9,3,0,0,Strength,0
175,161,83,0.62,26.8,25.7,2.9,3,0,0,HIIT,0
167,142,64,0.92,20.4,21.9,4.1,4,1,1,Mixed,1
179,145,64,1.17,14.3,18.0,4.1,6,2,1,Strength,2
162,121,70,0.43,22.0,18.4,3.6,3,1,0,Yoga,1
201,162,73,0.75,25.3,33.5,4.0,3,1,0,Strength,1
187,141,57,1.11,13.9,25.3,3.1,4,2,1,Cardio,2
172,135,66,0.44,34.2,23.0,3.0,2,0,0,Cardio,0
202,165,55,1.24,14.0,29.1,4.4,5,3,1,Mixed,3
179,135,83,0.99,32.4,21.0,4.5,2,0,0,Yoga,0
171,136,72,0.59,21.9,26.3,3.0,2,0,0,Cardio,0
196,164,69,0.79,16.7,24.3,4.4,5,2,1,Mixed,2
192,134,63,1.17,13.2,25.8,4.2,7,3,1,Yoga,3
169,133,64,1.26,18.0,22.7,3.4,5,2,1,Cardio,2
186,133,69,1.0,19.6,20.1,4.2,5,2,1,Yoga,2
168,151,55,1.02,8.0,20.7,3.9,7,3,1,HIIT,3
177,144,68,0.86,23.9,20.9,3.2,5,1,0,Strength,1
174,138,55,1.25,23.0,24.0,3.9,6,2,1,Strength,2
190,162,75,0.54,30.4,18.0,4.3,3,0,0,Mixed,0
166,123,71,0.55,25.4,19.0,3.5,3,0,0,Yoga,0
199,146,81,0.69,18.5,24.5,3.8,5,1,0,Yoga,1
171,155,65,1.31,13.6,23.5,4.5,4,2,1,HIIT,2
205,146,74,0.72,20.4,24.8,3.8,5,1,0,Yoga,1
192,139,73,0.71,19.6,23.8,3.9,4,1,0,Yoga,1
182,127,60,1.26,8.0,34.1,4.5,7,3,1,Yoga,3
168,154,75,0.83,19.5,24.5,3.0,3,1,0,HIIT,1
177,159,60,1.26,18.5,22.5,4.0,7,3,1,HIIT,3
189,170,62,1.17,17.1,24.4,3.8,7,3,1,HIIT,3
161,125,82,0.72,20.6,28.1,4.2,3,1,0,Yoga,1
169,127,76,0.37,23.9,23.8,3.5,2,0,0,Yoga,0
174,143,72,0.29,28.4,26.7,3.0,2,0,0,Strength,0
176,127,66,0.84,14.9,25.6,4.0,3,1,1,Yoga,1
166,141,65,1.04,13.5,22.8,4.2,7,2,1,Mixed,2
177,161,71,0.73,24.7,24.4,3.1,4,1,0,HIIT,1
192,135,65,1.08,20.0,30.4,4.0,7,2,1,Yoga,2
193,172,57,0.64,21.8,25.0,2.9,7,2,1,HIIT,2
162,147,64,0.52,24.0,20.1,3.5,2,0,0,HIIT,0
174,146,60,1.05,25.7,22.7,4.4,6,2,1,Mixed,2
174,159,75,0.85,30.7,18.0,3.3,3,0,0,HIIT,0
194,177,75,0.61,26.4,24.5,3.0,2,0,0,HIIT,0
180,165,77,0.7,29.2,29.2,3.1,2,0,0,HIIT,0
177,147,77,0.25,24.2,18.6,2.6,2,0,0,Strength,0
201,159,63,0.79,8.4,24.6,3.6,5,2,1,Strength,2
199,138,65,0.74,24.0,27.9,4.3,5,1,1,Yoga,1
205,165,73,0.88,21.4,28.4,4.0,4,1,0,Strength,1
183,131,66,0.66,10.5,29.1,3.7,5,2,1,Yoga,2
176,141,60,0.91,24.0,18.0,3.7,5,2,1,Strength,2
192,162,73,0.59,30.1,26.0,4.0,3,1,0,Mixed,1
205,185,70,1.11,17.2,18.0,3.8,5,2,1,HIIT,2
177,151,74,0.84,24.6,20.0,4.4,5,1,0,Mixed,1
160,119,70,0.85,22.8,27.3,3.8,7,2,1,Yoga,2
182,128,61,0.84,25.2,24.6,3.6,5,2,1,Yoga,2
180,145,79,0.45,28.3,26.9,2.6,3,0,0,Cardio,0
176,144,69,0.87,28.4,20.3,3.6,5,1,0,Strength,1
190,156,75,0.93,17.1,29.9,3.8,5,2,1,Strength,2
162,139,69,0.92,9.9,26.8,4.6,4,2,1,Mixed,2
176,146,77,0.51,36.9,27.6,3.6,3,0,0,Strength,0
171,149,84,1.02,28.3,19.7,4.4,3,0,0,Mixed,0
169,139,67,0.73,13.9,28.7,3.2,3,1,0,Strength,1
187,171,78,0.48,28.0,22.7,2.6,2,0,0,HIIT,0
205,151,85,0.25,36.8,21.6,3.3,2,0,0,Yoga,0
205,167,79,0.52,30.8,26.5,3.3,3,0,0,Strength,0
164,150,76,0.76,26.4,26.3,2.5,2,0,0,HIIT,0
157,126,69,0.77,33.0,20.6,2.8,5,1,0,Cardio,1
189,144,60,1.23,18.4,32.2,3.4,6,2,1,Cardio,2
179,152,74,0.57,30.1,31.3,3.9,2,0,0,Mixed,0
191,172,66,0.7,26.1,26.4,3.5,5,1,0,HIIT,1
191,148,69,1.15,29.9,25.7,2.7,3,1,0,Cardio,1
174,146,64,0.54,12.8,25.3,3.5,5,2,1,Mixed,2
205,172,75,0.98,24.8,18.0,4.3,3,1,0,Mixed,1
159,129,73,0.52,32.0,24.5,2.5,2,0,0,Cardio,0
178,136,57,0.79,24.8,24.4,3.0,7,3,1,Cardio,3
171,140,69,1.52,17.2,21.7,4.8,7,2,1,Strength,2
180,132,73,0.64,30.1,22.8,3.3,5,1,0,Yoga,1
200,156,74,0.4,29.1,18.0,2.5,3,0,0,Cardio,0
172,144,78,0.69,30.9,19.6,3.8,3,0,0,Strength,0
180,154,74,0.55,25.0,27.7,3.5,3,0,0,Mixed,0
185,157,74,0.3,22.2,30.9,3.5,2,0,0,Mixed,0
179,165,83,0.77,22.6,20.2,3.5,3,0,0,HIIT,0
181,165,74,0.47,26.3,24.7,2.6,3,0,0,HIIT,0
160,134,73,1.16,28.1,28.4,3.8,3,0,0,Strength,0
198,152,65,0.7,18.5,21.9,2.8,6,2,1,Cardio,2
196,161,55,1.34,19.5,26.7,5.1,6,2,1,Mixed,2
193,163,74,0.69,38.5,23.9,4.5,3,0,0,Mixed,0
180,162,61,1.41,20.1,28.8,3.7,6,3,1,HIIT,3
170,141,75,1.23,17.8,18.9,4.5,5,2,1,Strength,2
177,142,75,0.63,27.9,19.6,2.8,2,0,0,Cardio,0
181,145,77,0.55,19.6,25.1,3.1,2,0,0,Cardio,0
161,148,77,0.72,23.7,24.4,3.5,3,0,0,HIIT,0
198,155,76,1.24,18.5,23.8,3.1,7,2,1,Cardio,2
170,143,80,0.51,21.9,26.3,3.1,3,0,0,Strength,0
188,158,68,0.76,27.0,20.3,4.7,3,0,0,Mixed,0
180,164,76,0.75,22.2,18.5,3.5,4,1,0,HIIT,1
163,127,60,0.9,25.1,22.0,2.8,5,2,1,Cardio,2
166,142,72,0.79,35.0,22.4,3.7,3,0,0,Mixed,0
171,123,64,0.95,20.1,22.9,3.7,5,1,1,Yoga,1
190,174,84,0.38,25.6,29.1,2.9,2,0,0,HIIT,0
168,154,76,0.88,20.1,27.1,3.5,4,1,0,HIIT,1
170,128,76,0.73,21.9,26.1,3.3,3,1,0,Yoga,1
181,149,75,0.48,24.4,24.9,3.3,5,1,0,Strength,1
176,161,73,1.01,17.4,22.3,3.2,3,1,0,HIIT,1
175,149,73,1.19,21.4,20.6,4.8,2,0,0,Mixed,0
166,143,76,0.47,27.3,19.2,3.5,2,0,0,Mixed,0
189,171,72,0.68,28.3,21.2,3.0,2,0,0,HIIT,0
186,152,71,0.47,19.1,23.8,3.4,3,0,0,Strength,0
183,133,72,1.08,32.2,19.4,4.3,3,0,0,Yoga,0
177,163,85,0.33,21.8,24.7,3.2,2,0,0,HIIT,0
166,151,68,0.66,18.1,23.2,3.1,3,1,0,HIIT,1
160,136,80,0.51,23.9,22.4,3.2,2,0,0,Strength,0
167,138,70,1.35,20.4,28.6,4.6,5,3,1,Strength,3
187,156,64,1.23,14.4,18.0,4.8,6,3,1,Mixed,3
184,150,71,0.48,24.5,22.5,3.1,2,0,0,Strength,0
171,145,66,0.65,20.6,18.0,4.1,5,1,1,Mixed,1
176,158,61,0.9,23.1,25.0,3.5,7,3,1,HIIT,3
182,152,81,0.8,18.0,27.0,3.5,5,1,0,Strength,1
190,155,72,0.92,14.4,18.6,3.7,4,2,1,Strength,2
170,124,68,0.87,14.3,19.1,4.2,6,2,1,Yoga,2
197,162,59,1.58,15.3,18.0,5.3,7,3,1,Mixed,3
170,147,77,0.51,27.5,24.3,3.8,3,0,0,Mixed,0
186,153,76,1.04,27.5,22.6,4.2,3,0,0,Strength,0
191,173,76,0.63,19.7,22.9,3.1,2,0,0,HIIT,0
195,156,66,0.55,14.9,22.5,3.4,3,1,0,Strength,1
193,161,66,0.84,24.9,20.1,4.3,4,1,0,Mixed,1
171,129,77,0.74,25.3,28.5,3.7,2,0,0,Yoga,0
187,157,69,0.49,27.0,25.1,3.4,3,0,0,Mixed,0
171,154,62,1.14,22.8,19.3,4.0,4,2,1,HIIT,2
176,161,75,0.28,32.0,21.2,2.5,2,0,0,HIIT,0
181,132,72,0.68,30.9,20.5,3.4,5,1,0,Yoga,1
192,173,71,1.14,11.6,29.6,3.5,4,2,1,HIIT,2
161,147,64,1.06,22.4,26.8,3.8,4,1,1,HIIT,1
194,150,69,0.57,19.1,23.5,2.4,2,0,0,Cardio,0
176,149,67,1.2,20.6,30.8,4.7,7,3,1,Mixed,3
181,166,83,0.73,34.2,29.8,3.3,2,0,0,HIIT,0
169,131,60,1.07,30.1,23.1,3.4,6,2,1,Cardio,2
184,153,61,1.07,9.6,22.4,4.1,7,2,1,Mixed,2
189,148,73,0.88,27.8,22.6,2.9,4,1,0,Cardio,1
172,137,70,0.77,16.6,20.2,3.2,4,1,0,Cardio,1
161,134,70,0.82,23.3,30.9,3.5,3,1,0,Strength,1
165,118,61,1.29,13.0,20.0,4.7,5,2,1,Yoga,2
186,148,79,0.49,21.3,27.5,2.5,3,0,0,Cardio,0
163,148,69,0.91,21.8,26.8,3.4,3,1,0,HIIT,1
198,142,74,0.37,35.0,22.8,3.4,3,0,0,Yoga,0
172,131,55,1.12,18.1,31.2,4.0,7,3,1,Cardio,3
176,159,64,0.89,13.1,18.0,3.4,7,3,1,HIIT,3
171,155,63,0.91,18.0,23.7,3.2,7,2,1,HIIT,2
197,152,70,0.45,18.7,22.0,2.2,3,1,0,Cardio,1
185,148,81,0.59,26.4,27.8,2.3,2,0,0,Cardio,0
186,144,65,1.03,31.8,25.4,3.2,4,1,0,Cardio,1
189,158,65,0.84,11.5,18.0,4.2,5,2,1,Mixed,2
196,149,62,1.18,16.8,29.0,3.5,3,1,1,Cardio,1
185,132,67,0.65,26.0,25.9,3.4,5,1,0,Yoga,1
164,136,71,1.01,22.1,19.9,3.7,6,2,1,Strength,2
189,146,67,0.72,25.3,22.6,2.7,2,0,0,Cardio,0
192,146,61,1.28,8.0,18.8,3.4,6,3,1,Cardio,3
168,146,78,0.82,22.0,23.3,4.6,5,1,0,Mixed,1
159,123,78,0.45,34.5,24.6,4.0,2,0,0,Yoga,0
196,176,62,0.77,14.5,22.7,3.3,4,2,1,HIIT,2
174,132,55,0.94,14.0,22.2,3.6,7,3,1,Cardio,3
204,182,60,0.87,24.8,18.0,3.8,3,1,0,HIIT,1
200,164,78,0.94,19.4,25.3,3.2,5,1,0,Strength,1
172,134,63,1.0,21.1,18.0,3.7,4,2,1,Cardio,2
155,125,55,1.32,8.0,24.1,4.3,7,3,1,Strength,3
161,145,55,1.06,18.4,18.0,3.9,5,3,1,HIIT,3
186,145,70,0.64,31.5,24.2,2.7,3,0,0,Cardio,0
199,153,68,0.78,19.8,24.0,3.3,4,1,0,Cardio,1
199,144,77,1.06,12.9,25.6,4.1,6,2,1,Yoga,2
188,137,75,1.19,17.8,27.4,4.0,4,1,1,Yoga,1
193,151,72,1.11,20.5,28.2,3.4,3,1,0,Cardio,1
199,162,76,1.09,25.5,18.0,4.0,4,1,0,Strength,1
172,149,79,0.75,22.6,23.8,4.2,3,1,0,Mixed,1
203,165,78,0.31,20.3,32.0,2.8,3,0,0,Strength,0
164,127,82,0.69,25.0,24.5,3.6,2,0,0,Yoga,0
194,137,67,0.88,29.4,20.7,3.7,3,1,0,Yoga,1
174,147,66,0.77,20.4,23.7,4.1,4,1,0,Mixed,1
186,127,55,1.13,9.1,22.5,4.4,7,3,1,Yoga,3
166,126,76,0.28,22.8,19.3,3.0,2,0,0,Yoga,0
179,162,62,0.59,31.8,27.5,3.2,2,0,0,HIIT,0
193,161,67,1.04,18.3,26.3,4.0,6,3,1,Mixed,3
170,124,68,0.71,22.2,18.7,4.2,4,1,0,Yoga,1
194,160,79,0.31,24.9,23.6,2.9,2,0,0,Strength,0
162,114,55,1.16,18.0,21.7,4.2,6,3,1,Yoga,3
196,152,71,0.98,20.3,18.0,3.2,4,2,1,Cardio,2
184,157,77,0.84,20.7,18.3,4.2,3,1,0,Mixed,1
176,141,61,0.85,13.9,18.9,3.4,7,3,1,Strength,3
183,146,78,0.64,29.6,23.8,2.7,2,0,0,Cardio,0
174,136,65,0.65,23.4,22.2,2.5,5,1,0,Cardio,1
202,182,65,0.81,15.8,20.2,2.8,4,2,1,HIIT,2
165,152,75,1.11,20.7,22.4,4.0,3,1,0,HIIT,1
159,129,58,1.48,9.1,27.0,4.7,6,3,1,Strength,3
205,174,83,0.75,23.5,25.4,4.0,3,0,0,Mixed,0
192,155,66,0.55,23.0,28.0,3.3,3,0,0,Strength,0
189,147,68,1.09,27.0,23.1,3.4,4,1,0,Cardio,1
171,154,55,1.18,16.9,30.4,3.2,4,2,1,HIIT,2
180,144,77,0.74,40.0,25.4,2.4,3,0,0,Cardio,0
173,138,74,0.58,28.2,22.0,3.6,2,0,0,Cardio,0
163,147,59,1.35,8.0,24.4,4.2,7,3,1,HIIT,3
202,181,64,1.24,10.7,19.0,3.4,7,3,1,HIIT,3
172,147,74,0.36,31.3,22.8,3.3,3,0,0,Mixed,0
189,152,84,1.1,21.0,25.7,3.3,3,1,0,Cardio,1
192,174,74,0.78,19.9,26.4,3.1,5,1,0,HIIT,1
180,144,60,1.02,9.0,22.4,4.1,7,3,1,Strength,3
197,152,67,0.99,17.8,34.9,3.9,5,1,1,Cardio,1
163,137,60,1.03,19.8,23.3,4.8,6,2,1,Mixed,2
170,143,62,1.02,16.8,18.0,4.1,7,3,1,Mixed,3
171,134,67,0.82,18.9,28.9,3.1,3,1,0,Cardio,1
181,136,80,1.01,22.3,26.4,3.9,2,0,0,Yoga,0
173,137,70,1.04,20.3,24.9,3.3,4,1,0,Cardio,1
192,153,60,1.36,20.4,22.1,4.2,6,3,1,Strength,3
164,141,71,0.83,25.2,25.6,4.3,3,1,0,Mixed,1
189,170,59,0.61,13.6,30.5,3.1,5,3,1,HIIT,3
188,169,61,1.47,9.1,24.8,3.8,6,3,1,HIIT,3
177,143,80,1.11,19.7,18.1,3.4,4,1,0,Cardio,1
205,185,73,0.46,22.7,18.0,3.3,4,1,0,HIIT,1
205,156,67,0.98,20.3,25.5,3.4,7,2,1,Cardio,2
189,139,79,0.41,29.0,20.1,3.1,3,0,0,Yoga,0
181,165,69,1.11,24.9,23.6,3.9,5,1,1,HIIT,1
194,157,70,0.92,27.4,20.8,3.2,3,0,0,Strength,0
186,147,55,0.48,13.7,20.5,3.1,4,2,1,Strength,2
196,161,55,1.61,19.1,20.9,5.2,6,3,1,Mixed,3
164,152,79,0.52,29.0,21.3,2.9,3,0,0,HIIT,0
189,146,67,0.62,21.6,27.1,2.3,7,2,1,Cardio,2
193,137,69,0.83,28.4,26.3,3.2,4,1,0,Yoga,1
169,142,77,1.04,21.3,19.2,4.0,6,2,1,Strength,2
193,161,65,0.9,17.0,19.7,4.0,4,2,1,Mixed,2
177,137,63,0.81,23.5,25.5,2.7,2,0,0,Cardio,0
170,143,79,0.51,30.5,28.2,3.1,2,0,0,Strength,0
202,184,81,0.34,27.4,28.1,2.5,2,0,0,HIIT,0
175,147,64,1.58,14.7,20.0,5.3,5,3,1,Mixed,3
176,151,76,0.68,18.7,28.0,4.7,5,1,0,Mixed,1
171,130,55,1.33,11.7,18.0,3.4,7,3,1,Cardio,3
194,163,70,0.79,28.5,23.2,3.8,4,1,0,Mixed,1
164,134,66,0.93,22.3,25.9,3.4,5,1,1,Strength,1
179,140,68,0.91,19.3,18.0,3.5,5,2,1,Cardio,2
170,141,73,1.12,12.3,32.4,3.7,6,2,1,Strength,2
159,133,73,0.62,25.2,29.3,3.3,3,0,0,Strength,0
164,151,78,0.79,32.7,26.6,3.4,3,0,0,HIIT,0
174,148,71,0.74,20.8,20.1,4.1,2,0,0,Mixed,0
185,167,65,0.69,22.6,23.7,2.9,5,2,0,HIIT,2
191,133,62,0.96,17.5,27.2,4.2,6,2,1,Yoga,2
175,134,84,0.47,28.4,19.5,3.9,2,0,0,Yoga,0
181,164,70,1.02,32.2,23.3,3.3,3,0,0,HIIT,0
181,131,70,1.27,25.5,27.6,4.7,5,1,1,Yoga,1
174,130,77,0.7,20.4,18.0,3.7,5,1,0,Yoga,1
171,155,60,0.82,25.1,25.3,2.9,3,1,0,HIIT,1
183,165,62,1.14,14.5,18.0,3.7,7,3,1,HIIT,3
169,153,66,1.04,24.8,20.2,3.5,7,2,1,HIIT,2
187,135,72,0.61,27.0,22.0,4.0,2,0,0,Yoga,0
187,160,81,0.74,25.8,26.1,3.8,3,0,0,Mixed,0
198,164,84,0.69,29.9,21.2,3.3,3,0,0,Strength,0
175,146,78,0.88,20.9,24.5,3.6,2,0,0,Strength,0
195,162,64,1.29,16.2,21.3,5.1,7,2,1,Mixed,2
186,167,63,0.56,22.6,21.9,3.1,4,1,0,HIIT,1
177,140,71,0.9,29.1,29.0,2.5,3,1,0,Cardio,1
197,152,69,0.75,23.0,19.4,2.7,5,1,0,Cardio,1
162,149,75,0.48,30.8,27.0,2.6,2,0,0,HIIT,0
202,163,73,0.86,27.3,24.0,3.6,2,0,0,Strength,0
184,141,62,1.09,13.9,21.7,3.3,4,2,1,Cardio,2
178,149,60,1.02,11.9,19.1,4.5,7,3,1,Mixed,3
190,148,69,0.41,23.0,19.4,2.5,3,0,0,Cardio,0
187,159,75,0.99,23.7,21.0,4.6,5,1,0,Mixed,1
176,138,66,0.74,24.3,23.4,3.2,5,1,0,Cardio,1
172,140,66,1.18,21.6,26.4,3.7,7,2,1,Strength,2
183,165,63,0.91,25.1,22.8,3.6,7,2,1,HIIT,2
182,140,63,1.46,8.0,23.1,3.6,7,3,1,Cardio,3
195,154,78,0.72,24.0,23.7,2.8,2,0,0,Cardio,0
172,157,73,0.89,20.8,25.9,3.5,5,1,0,HIIT,1
174,145,59,1.05,19.5,26.6,4.1,5,2,1,Mixed,2
163,128,64,0.75,16.1,18.5,2.8,6,2,1,Cardio,2
168,130,83,0.41,32.7,22.9,3.3,3,0,0,Yoga,0
195,163,68,0.89,23.9,28.9,4.6,5,1,1,Mixed,1
183,157,80,0.68,26.8,18.7,3.6,3,0,0,Mixed,0
205,168,60,1.01,16.9,24.3,4.2,5,3,1,Mixed,3
167,120,63,1.0,19.8,23.3,4.1,6,2,1,Yoga,2
179,133,76,0.7,28.2,21.7,3.8,3,0,0,Yoga,0
196,157,66,0.76,26.5,30.4,3.4,5,1,0,Strength,1
165,138,74,0.83,26.6,24.1,4.0,3,1,0,Strength,1
201,162,71,0.4,21.6,30.0,2.8,3,0,0,Strength,0
156,142,63,1.11,19.3,24.0,3.7,5,3,1,HIIT,3
203,148,80,0.64,26.1,25.8,3.0,2,0,0,Yoga,0
185,168,72,0.81,16.2,21.7,3.2,3,1,0,HIIT,1
169,154,67,0.56,19.5,21.7,2.7,3,1,0,HIIT,1
166,121,66,0.78,18.2,25.6,3.7,6,2,1,Yoga,2
196,140,71,0.41,23.6,25.7,3.2,3,0,0,Yoga,0
187,152,69,0.77,15.6,26.4,3.6,5,1,1,Strength,1
185,146,72,0.65,27.3,25.5,2.7,2,0,0,Cardio,0
183,165,61,1.03,15.0,18.7,3.7,5,2,1,HIIT,2
186,138,78,0.55,26.6,20.8,3.9,3,0,0,Yoga,0
193,137,70,0.86,18.1,27.4,4.6,6,2,1,Yoga,2
190,156,75,0.6,27.2,18.0,3.2,3,1,0,Strength,1
204,165,76,0.72,25.1,25.2,2.4,3,0,0,Strength,0
192,176,82,0.77,34.4,23.6,3.4,3,0,0,HIIT,0
197,153,72,0.86,20.2,27.4,3.2,3,0,0,Cardio,0
202,155,66,1.21,15.4,25.7,3.3,6,3,1,Cardio,3
166,143,75,0.92,21.3,21.3,3.8,5,1,0,Mixed,1
169,142,60,1.43,17.4,21.2,4.8,6,3,1,Mixed,3
165,138,76,0.25,19.9,21.9,2.7,3,0,0,Strength,0
176,162,80,0.69,26.3,26.3,3.0,3,0,0,HIIT,0
179,150,63,1.22,17.8,18.0,5.1,7,3,1,Mixed,3
194,175,66,1.02,21.7,24.6,3.9,7,2,1,HIIT,2
162,127,63,0.87,16.3,20.5,2.7,5,2,1,Cardio,2
173,138,55,1.3,13.6,24.8,4.1,6,3,1,Strength,3
175,158,61,1.2,15.7,25.4,4.2,7,3,1,HIIT,3
204,157,69,0.68,27.9,18.0,2.9,3,0,0,Cardio,0
190,151,79,0.66,24.6,23.1,3.5,3,0,0,Cardio,0
198,178,66,0.6,23.5,24.6,2.5,3,0,0,HIIT,0
194,175,67,1.33,23.9,24.4,3.9,6,2,1,HIIT,2
169,144,69,0.58,23.3,23.5,4.4,4,1,0,Mixed,1
171,145,68,0.53,23.9,19.1,3.9,3,1,0,Mixed,1
183,127,59,1.05,19.7,19.7,3.9,7,3,1,Yoga,3
176,134,55,1.05,17.7,18.5,3.3,4,2,1,Cardio,2
194,139,73,0.75,25.6,26.2,4.1,3,0,0,Yoga,0
174,147,66,0.56,24.3,23.5,4.3,5,1,0,Mixed,1
177,140,71,0.79,29.5,23.8,3.4,3,0,0,Cardio,0
186,171,85,0.66,18.8,18.0,3.0,3,1,0,HIIT,1
196,151,68,0.61,21.2,23.9,2.8,2,0,0,Cardio,0
194,176,77,0.95,26.8,26.5,3.4,2,0,0,HIIT,0
162,132,61,0.9,15.7,18.0,4.2,6,2,1,Strength,2
160,144,55,1.29,13.1,21.9,4.1,6,3,1,HIIT,3
177,134,55,1.1,11.7,18.0,3.1,7,3,1,Cardio,3
167,146,81,0.71,20.3,22.3,4.3,2,0,0,Mixed,0
164,150,71,1.23,16.1,20.4,3.7,4,2,1,HIIT,2
193,134,62,1.22,21.7,25.5,4.5,4,2,1,Yoga,2
167,138,70,1.18,22.7,24.7,3.6,7,2,1,Strength,2
191,152,60,1.44,16.8,29.2,4.0,4,2,1,Strength,2
188,169,58,1.27,18.1,23.8,4.4,5,3,1,HIIT,3
168,128,78,0.76,23.3,25.4,3.4,2,0,0,Yoga,0
164,117,60,1.24,16.9,21.8,4.3,6,2,1,Yoga,2
171,133,61,0.88,26.8,19.6,3.0,6,2,1,Cardio,2
190,156,75,0.47,27.6,27.3,2.5,3,0,0,Strength,0
195,177,70,0.57,17.7,29.0,2.5,4,1,0,HIIT,1
171,125,70,0.55,25.1,26.8,2.9,2,0,0,Yoga,0
163,149,71,1.31,12.5,24.5,3.9,7,3,1,HIIT,3
191,143,56,1.23,8.6,20.1,3.5,7,3,1,Cardio,3
196,178,75,1.04,24.5,28.6,3.0,5,1,0,HIIT,1
168,154,73,0.92,21.7,26.3,3.5,5,1,0,HIIT,1
204,144,71,0.25,32.2,32.1,3.1,2,0,0,Yoga,0
196,138,67,0.95,19.0,19.4,4.3,6,2,1,Yoga,2
188,135,71,0.97,26.4,27.5,4.4,3,0,0,Yoga,0
199,166,70,0.26,18.6,26.2,3.3,4,1,0,Mixed,1
180,140,64,0.98,10.0,22.6,3.5,6,3,1,Cardio,3
182,130,67,0.68,20.1,29.5,3.6,3,1,0,Yoga,1
192,162,72,0.93,22.1,25.6,4.2,3,1,0,Mixed,1
201,156,72,0.96,28.7,20.3,3.3,2,0,0,Cardio,0
172,138,76,0.85,26.9,23.5,2.9,3,0,0,Cardio,0
198,158,66,0.91,20.6,20.2,3.7,4,2,1,Strength,2
192,138,73,0.51,25.8,22.1,3.5,3,0,0,Yoga,0
186,150,66,0.42,29.7,26.8,3.1,3,0,0,Strength,0
197,166,74,0.95,16.1,28.0,5.3,4,1,1,Mixed,1
177,153,80,0.64,26.0,24.9,3.9,3,1,0,Mixed,1
186,157,71,0.63,23.4,21.0,3.7,5,1,0,Mixed,1
173,157,67,1.03,23.6,25.5,2.8,5,1,0,HIIT,1
187,146,71,1.05,18.8,26.9,3.4,3,1,0,Cardio,1
181,166,81,0.59,26.8,18.0,2.6,2,0,0,HIIT,0
195,144,81,0.72,28.2,24.5,3.6,3,0,0,Yoga,0
197,159,70,0.93,13.9,23.2,3.6,7,2,1,Strength,2
164,150,72,0.52,23.3,27.8,3.1,4,1,0,HIIT,1
192,162,73,0.52,26.2,25.5,3.6,3,1,0,Mixed,1
175,144,71,0.82,25.2,25.9,3.4,5,1,0,Strength,1
203,170,70,0.54,24.5,22.1,3.6,3,0,0,Mixed,0
186,146,73,0.64,35.1,24.0,3.1,2,0,0,Cardio,0
201,168,68,0.85,18.2,27.8,4.3,5,1,1,Mixed,1
179,152,71,0.7,28.3,23.7,4.5,4,1,0,Mixed,1
176,136,61,0.62,21.7,24.7,2.9,5,1,0,Cardio,1
172,130,78,0.84,28.2,18.0,4.4,2,0,0,Yoga,0
187,132,65,0.72,31.1,23.7,3.7,2,0,0,Yoga,0
177,161,72,0.66,17.9,18.0,3.2,5,1,0,HIIT,1
196,154,76,0.73,9.6,21.9,3.5,3,1,0,Cardio,1
186,131,64,0.98,18.1,24.3,4.3,7,3,1,Yoga,3
170,135,71,0.91,26.7,27.1,3.0,3,0,0,Cardio,0
163,133,63,1.63,10.2,20.0,5.3,7,3,1,Strength,3
171,123,64,1.51,10.5,25.5,4.8,7,3,1,Yoga,3
186,159,79,0.38,27.9,29.9,3.6,3,1,0,Mixed,1
196,177,67,0.76,10.3,21.4,3.3,4,2,1,HIIT,2
205,142,65,1.35,12.8,18.0,5.1,5,3,1,Yoga,3
203,144,73,0.92,21.9,25.2,3.9,2,0,0,Yoga,0
169,140,71,0.42,34.0,19.2,2.7,3,0,0,Strength,0
192,153,79,0.53,26.9,20.7,2.3,3,0,0,Cardio,0
168,145,74,0.63,17.1,27.7,4.8,4,1,0,Mixed,1
160,138,72,0.29,31.4,31.5,3.2,2,0,0,Mixed,0
183,144,55,1.08,20.2,20.0,3.6,7,3,1,Strength,3
181,142,71,0.71,31.2,21.1,2.6,5,1,0,Cardio,1
169,153,60,1.47,8.0,22.2,3.7,5,3,1,HIIT,3
193,152,76,0.68,17.2,21.8,3.3,2,0,0,Cardio,0
175,149,69,0.97,8.9,31.7,4.1,7,2,1,Mixed,2
183,167,75,1.08,20.8,21.9,3.4,3,1,0,HIIT,1
177,150,70,0.98,26.1,22.4,4.4,5,1,1,Mixed,1
186,127,55,1.12,8.4,30.5,4.4,5,3,1,Yoga,3
181,152,66,0.95,25.7,26.3,4.5,4,1,1,Mixed,1
161,135,72,0.25,22.4,27.9,2.7,2,0,0,Strength,0
205,139,59,1.46,14.8,20.4,4.8,5,3,1,Yoga,3
196,151,67,0.86,21.9,21.9,3.3,3,1,0,Cardio,1
172,128,74,0.53,29.3,19.8,3.3,2,0,0,Yoga,0
185,145,70,0.74,21.5,27.2,2.6,4,1,0,Cardio,1
171,134,67,0.45,23.6,28.9,1.8,4,1,0,Cardio,1
192,156,72,0.73,14.2,21.6,3.2,4,1,0,Strength,1
176,162,79,0.98,23.5,22.5,3.6,3,1,0,HIIT,1
181,152,64,0.98,17.4,22.7,3.9,4,2,1,Mixed,2
182,132,72,0.71,27.9,18.0,3.5,2,0,0,Yoga,0
204,166,77,0.57,23.0,21.3,3.1,3,0,0,Strength,0
185,148,61,1.19,16.6,27.1,3.8,7,2,1,Strength,2
200,139,64,0.63,8.6,20.5,3.6,4,2,1,Yoga,2
169,154,72,0.25,25.8,24.4,2.8,3,0,0,HIIT,0
185,156,70,0.6,29.3,18.8,4.2,3,0,0,Mixed,0
191,151,56,1.29,14.2,23.4,3.8,7,3,1,Strength,3
197,148,57,1.18,13.2,21.7,3.5,5,3,1,Cardio,3
179,161,60,1.11,20.5,19.1,3.6,5,2,1,HIIT,2
187,160,81,0.66,23.3,27.2,4.2,3,0,0,Mixed,0
172,127,72,0.29,22.0,27.4,3.7,3,1,0,Yoga,1
164,138,80,0.67,33.9,20.1,2.9,3,0,0,Strength,0
181,150,58,0.49,13.5,23.1,3.6,7,2,1,Mixed,2
182,147,64,0.86,16.1,24.2,3.2,5,2,1,Strength,2
173,148,72,0.86,17.1,18.0,4.5,3,1,0,Mixed,1
173,141,83,0.6,24.2,18.4,2.7,3,0,0,Cardio,0
198,164,61,0.76,12.6,29.1,3.6,6,2,1,Mixed,2
168,130,59,0.98,17.5,19.7,2.8,6,2,1,Cardio,2
177,130,71,0.48,23.4,29.0,2.7,3,1,0,Yoga,1
161,146,62,0.89,21.0,18.6,3.1,4,2,1,HIIT,2
179,155,84,0.85,31.3,26.6,3.5,3,0,0,Mixed,0
187,151,68,1.18,24.6,22.8,3.9,6,2,1,Strength,2
181,130,69,0.95,18.7,23.3,3.8,5,1,1,Yoga,1
183,156,74,0.25,31.3,31.4,3.4,3,0,0,Mixed,0
187,132,64,1.06,16.3,19.0,4.3,6,2,1,Yoga,2
175,124,61,0.7,32.7,26.4,3.5,5,1,0,Yoga,1
183,132,70,1.05,20.4,26.2,4.1,5,1,1,Yoga,1
201,143,73,0.56,29.2,35.0,3.8,2,0,0,Yoga,0
196,161,78,1.12,20.5,19.7,3.9,3,0,0,Strength,0
194,145,56,1.4,16.0,21.5,3.9,7,3,1,Cardio,3
166,133,73,0.87,19.8,27.3,3.2,4,1,0,Cardio,1
184,152,78,0.73,20.4,23.2,3.8,3,0,0,Strength,0
163,117,61,1.15,14.1,22.1,3.9,6,3,1,Yoga,3
184,153,81,0.54,23.3,27.8,2.8,3,0,0,Strength,0
163,117,61,0.7,16.0,22.9,3.5,3,1,1,Yoga,1
196,142,77,0.26,25.9,20.4,2.8,3,0,0,Yoga,0
162,146,60,1.15,11.1,26.9,4.0,5,3,1,HIIT,3
189,147,70,0.97,15.2,25.5,3.1,4,1,0,Cardio,1
165,134,60,0.91,20.9,22.7,3.9,4,2,1,Strength,2
162,138,63,0.75,31.0,22.6,4.1,3,1,0,Mixed,1
167,128,79,0.66,31.4,20.3,3.2,2,0,0,Yoga,0
200,168,74,1.22,22.8,26.9,4.4,3,1,0,Mixed,1
177,162,79,0.85,18.2,22.6,3.4,5,1,0,HIIT,1
165,132,70,1.32,8.0,20.9,3.3,7,3,1,Cardio,3
195,133,57,0.98,21.1,18.9,3.9,4,2,1,Yoga,2
160,135,59,0.76,15.1,25.6,4.0,6,3,1,Mixed,3
175,160,76,0.92,32.1,22.0,3.2,2,0,0,HIIT,0
183,147,80,0.83,24.7,18.0,3.0,2,0,0,Cardio,0
180,154,77,0.89,21.0,19.2,4.2,3,1,0,Mixed,1
193,155,65,0.86,30.4,23.1,3.4,5,1,0,Strength,1
198,137,62,0.97,19.6,23.2,4.0,5,2,1,Yoga,2
192,174,72,1.21,19.4,23.0,3.4,6,2,1,HIIT,2
168,139,55,0.91,11.1,22.5,4.3,5,3,1,Mixed,3
192,155,70,0.7,29.3,18.1,3.2,2,0,0,Strength,0
185,156,67,1.06,14.5,20.5,5.0,4,2,1,Mixed,2
174,160,80,0.91,32.4,28.7,3.6,4,1,0,HIIT,1
180,127,62,0.83,17.4,28.1,3.9,4,1,1,Yoga,1
188,147,70,0.98,22.4,26.3,3.0,5,1,0,Cardio,1
195,149,63,1.33,17.3,26.0,3.7,7,3,1,Cardio,3
179,143,77,0.9,23.3,27.6,3.3,5,1,0,Cardio,1
161,148,77,0.87,21.5,19.5,3.5,2,0,0,HIIT,0
166,129,61,0.74,26.7,24.1,2.8,4,1,0,Cardio,1
170,118,55,1.35,18.2,19.5,4.8,6,3,1,Yoga,3
177,161,72,0.89,11.5,19.6,3.5,5,2,1,HIIT,2
169,146,77,0.51,17.5,25.5,3.4,2,0,0,Mixed,0
188,156,59,1.16,14.9,27.8,4.8,5,2,1,Mixed,2
195,177,77,0.61,27.1,23.2,3.7,3,0,0,HIIT,0
186,137,77,0.8,32.6,30.6,3.9,3,0,0,Yoga,0
173,156,58,0.84,24.0,24.8,3.8,3,1,0,HIIT,1
195,175,60,0.89,24.6,20.9,3.3,3,1,0,HIIT,1
191,162,77,0.46,25.4,19.7,3.9,3,0,0,Mixed,0
192,175,75,1.01,16.8,28.1,3.5,6,2,1,HIIT,2
197,138,66,1.07,23.9,24.5,3.9,4,2,1,Yoga,2
166,128,58,0.83,25.5,26.7,2.7,5,1,0,Cardio,1
171,124,67,0.89,29.3,18.0,3.8,2,0,0,Yoga,0
194,142,78,0.65,23.9,25.0,3.0,3,0,0,Yoga,0
193,165,79,0.81,33.7,22.0,4.4,2,0,0,Mixed,0
192,151,74,0.48,26.0,18.4,2.7,2,0,0,Cardio,0
191,151,58,1.06,14.0,23.7,3.5,5,3,1,Strength,3
186,169,74,0.85,28.7,28.4,3.1,4,1,0,HIIT,1
200,158,81,0.58,24.9,33.1,2.9,3,0,0,Cardio,0
203,172,78,0.54,27.8,25.0,3.9,2,0,0,Mixed,0
179,161,55,1.66,20.9,21.2,4.6,7,3,1,HIIT,3
198,167,74,0.98,27.3,20.9,4.4,4,1,0,Mixed,1
180,163,68,0.74,24.6,27.9,2.9,4,1,0,HIIT,1
182,153,67,0.75,24.8,20.0,4.2,4,1,0,Mixed,1
171,146,72,0.25,25.8,26.5,3.4,2,0,0,Mixed,0
187,155,60,1.14,14.4,25.2,4.3,7,3,1,Mixed,3
189,172,78,0.4,27.7,24.7,2.4,2,0,0,HIIT,0
205,160,55,0.98,11.5,18.0,3.4,4,2,1,Strength,2
185,145,71,0.49,29.4,22.6,2.2,2,0,0,Cardio,0
190,171,68,0.76,20.6,18.2,2.9,3,1,0,HIIT,1
155,128,65,1.22,18.1,21.6,4.1,7,3,1,Strength,3
166,129,61,0.89,17.6,27.7,2.9,6,2,1,Cardio,2
192,174,73,0.59,21.1,28.9,3.3,3,0,0,HIIT,0
166,134,74,1.05,34.7,24.9,3.5,3,1,0,Cardio,1
182,150,75,0.8,27.6,21.7,3.9,2,0,0,Strength,0
201,168,68,1.22,17.3,30.4,4.8,6,3,1,Mixed,3
167,121,64,1.3,15.7,21.7,4.9,7,2,1,Yoga,2
196,156,79,0.93,30.9,19.5,2.9,3,1,0,Cardio,1
198,181,85,0.4,23.8,26.8,2.7,3,0,0,HIIT,0
194,141,77,0.76,28.6,25.8,3.7,3,0,0,Yoga,0
179,140,67,1.03,16.3,21.8,3.2,5,2,1,Cardio,2
192,150,73,1.02,23.5,24.4,3.0,5,1,0,Cardio,1
200,146,79,0.25,27.0,25.8,3.4,2,0,0,Yoga,0
188,156,61,1.9,18.8,24.8,5.6,7,3,1,Mixed,3
161,149,81,0.4,25.8,25.8,3.3,3,0,0,HIIT,0
205,186,78,0.66,26.8,22.0,2.9,2,0,0,HIIT,0
181,156,82,0.32,22.1,26.1,3.7,3,0,0,Mixed,0
203,163,68,0.46,32.1,24.1,3.4,2,0,0,Strength,0
167,133,71,0.96,14.3,22.1,2.8,5,1,1,Cardio,1
194,159,75,0.72,15.5,23.0,3.6,4,1,0,Strength,1
188,135,69,0.36,23.9,23.6,3.7,2,0,0,Yoga,0
191,174,77,0.41,22.3,18.2,2.7,3,0,0,HIIT,0
199,145,78,0.74,25.4,21.5,3.8,3,0,0,Yoga,0
183,148,84,0.53,30.3,24.3,2.6,2,0,0,Cardio,0
178,162,73,1.05,30.1,18.6,3.5,3,0,0,HIIT,0
159,122,76,0.56,23.6,21.5,3.6,2,0,0,Yoga,0
172,157,72,0.4,23.6,33.5,3.0,2,0,0,HIIT,0
168,153,64,1.1,28.6,19.5,3.0,7,2,1,HIIT,2
176,162,83,0.25,18.0,22.5,2.7,2,0,0,HIIT,0
199,159,65,1.06,14.5,20.7,4.1,7,2,1,Strength,2
190,137,71,0.62,21.8,23.5,3.4,3,0,0,Yoga,0
198,164,64,0.86,15.3,20.7,4.5,7,2,1,Mixed,2
191,172,62,1.06,21.4,23.0,3.2,6,2,1,HIIT,2
176,138,68,1.09,25.2,21.1,3.9,4,1,0,Cardio,1
189,154,72,0.71,27.3,28.2,3.0,3,0,0,Strength,0
170,141,73,1.05,28.5,24.3,3.4,2,0,0,Strength,0
167,140,59,0.8,16.4,20.0,4.1,4,2,1,Mixed,2
205,171,70,0.58,26.1,27.4,4.0,5,1,0,Mixed,1
158,132,70,0.55,28.3,20.2,3.2,2,0,0,Strength,0
182,147,66,1.22,17.9,18.0,3.7,6,3,1,Strength,3
174,127,68,0.48,20.8,24.0,2.6,3,1,0,Yoga,1
197,158,67,1.06,15.5,31.6,3.8,5,2,1,Strength,2
194,159,77,0.95,27.4,18.0,3.2,2,0,0,Strength,0
158,144,66,0.25,25.9,18.7,2.4,2,0,0,HIIT,0
173,147,69,1.09,21.2,27.0,4.6,5,1,1,Mixed,1
189,139,79,0.68,30.7,21.4,3.2,4,1,0,Yoga,1
177,145,71,0.36,33.8,26.4,2.9,3,0,0,Strength,0
162,126,81,0.91,34.9,20.7,4.3,4,1,0,Yoga,1
180,152,68,0.8,12.8,24.6,4.3,6,2,1,Mixed,2
171,143,78,0.86,28.3,31.0,3.6,3,0,0,Strength,0
205,184,66,1.19,18.5,19.2,4.1,4,2,1,HIIT,2
186,153,75,0.74,25.1,28.1,3.5,5,1,0,Strength,1
189,160,76,0.63,19.2,26.7,3.8,5,1,0,Mixed,1
172,128,75,0.77,20.1,18.0,4.2,2,0,0,Yoga,0
203,182,63,1.11,13.2,26.2,3.4,7,2,1,HIIT,2
180,140,68,0.66,33.7,24.3,2.1,3,0,0,Cardio,0
150,122,69,0.92,15.9,24.4,3.3,5,2,1,Cardio,2
169,145,70,0.8,28.1,25.3,3.9,5,1,0,Mixed,1
187,157,66,0.98,22.1,22.6,4.1,5,1,1,Mixed,1
159,144,57,1.26,10.5,24.3,3.9,7,3,1,HIIT,3
190,138,75,0.9,31.2,25.0,4.2,3,0,0,Yoga,0
163,134,65,0.77,22.8,27.0,3.6,5,1,1,Strength,1
165,132,70,0.39,26.4,18.0,1.9,4,1,0,Cardio,1
196,147,55,1.11,15.2,29.2,3.1,5,3,1,Cardio,3
167,141,62,1.11,29.6,19.4,5.1,7,2,1,Mixed,2
167,140,59,1.42,21.6,27.0,5.0,7,2,1,Mixed,2
165,125,76,0.77,31.1,24.3,3.6,2,0,0,Yoga,0
178,161,70,0.25,26.3,18.9,2.8,2,0,0,HIIT,0
189,148,72,0.89,29.1,26.1,2.9,3,0,0,Cardio,0
169,130,81,0.7,23.2,20.2,4.0,3,1,0,Yoga,1
171,157,74,0.66,25.2,28.3,3.5,4,1,0,HIIT,1
189,150,78,0.31,27.3,21.2,2.4,2,0,0,Cardio,0
174,145,76,0.76,21.3,18.0,3.8,4,1,0,Strength,1
205,143,68,0.81,21.4,30.1,3.9,5,2,1,Yoga,2
190,147,68,0.79,25.1,24.7,2.7,2,0,0,Cardio,0
164,148,55,1.09,16.2,27.5,3.5,7,3,1,HIIT,3
165,128,61,0.37,28.8,20.6,2.8,2,0,0,Cardio,0
157,133,76,0.75,24.0,18.0,3.6,2,0,0,Strength,0
191,158,60,0.8,16.6,30.7,4.1,5,2,1,Mixed,2
197,164,67,0.73,19.1,24.0,3.9,4,1,0,Mixed,1
189,130,58,1.47,18.9,26.0,4.4,5,3,1,Yoga,3
190,172,67,0.58,23.8,26.6,2.9,4,1,0,HIIT,1
193,153,60,1.32,11.2,22.7,4.3,7,3,1,Strength,3
166,152,74,0.41,30.2,24.9,3.0,2,0,0,HIIT,0
189,135,68,0.71,24.8,30.4,3.2,5,1,0,Yoga,1
166,133,55,1.17,8.0,23.9,3.8,5,3,1,Strength,3
170,135,71,0.51,23.6,27.8,2.7,4,1,0,Cardio,1
176,153,85,0.41,24.3,18.0,3.6,3,0,0,Mixed,0
168,136,76,0.68,29.5,28.5,3.3,2,0,0,Cardio,0
181,143,71,0.71,15.3,18.0,2.9,5,3,1,Cardio,3
173,157,67,1.17,21.2,28.0,3.9,4,1,1,HIIT,1
177,161,69,0.49,22.5,25.6,2.7,5,1,0,HIIT,1
167,121,65,1.1,18.3,23.6,3.9,7,2,1,Yoga,2
171,134,64,1.14,16.9,23.6,3.2,6,2,1,Cardio,2
170,137,76,0.83,23.5,23.0,3.3,3,1,0,Cardio,1
172,131,55,1.3,19.5,20.7,3.5,6,3,1,Cardio,3
169,144,68,1.21,21.3,23.2,4.7,3,1,1,Mixed,1
196,159,73,0.8,18.2,32.8,3.8,4,2,0,Strength,2
183,156,73,0.54,23.6,29.2,3.8,2,0,0,Mixed,0
200,158,80,0.59,25.4,20.5,2.8,3,0,0,Cardio,0
198,137,63,1.13,23.1,25.1,4.3,6,3,1,Yoga,3
198,161,75,0.65,26.6,24.4,3.2,3,0,0,Strength,0
198,162,77,0.61,23.6,23.4,3.0,2,0,0,Strength,0
159,126,65,1.37,19.6,20.0,3.5,5,2,1,Cardio,2
161,115,59,0.85,17.4,25.8,4.3,4,1,1,Yoga,1
195,165,77,0.78,22.1,27.4,4.1,2,0,0,Mixed,0
172,156,62,1.06,18.8,20.7,3.3,5,2,1,HIIT,2
172,145,63,0.54,24.7,31.8,3.4,4,1,0,Mixed,1
180,145,62,1.19,9.1,30.1,4.1,5,3,1,Strength,3
183,133,72,0.66,17.3,26.2,3.4,5,1,0,Yoga,1
183,145,75,0.55,20.9,19.1,2.9,5,1,0,Cardio,1
192,161,69,0.91,27.4,25.6,4.5,5,1,0,Mixed,1
194,160,79,0.48,15.9,25.1,3.2,3,0,0,Strength,0
178,163,75,0.32,26.3,26.1,2.9,3,0,0,HIIT,0
194,153,77,0.3,25.3,30.4,2.4,3,0,0,Cardio,0
185,142,62,0.83,13.5,23.3,3.4,7,3,1,Cardio,3
197,176,55,1.2,9.8,32.2,3.9,7,3,1,HIIT,3
180,153,72,0.87,20.9,25.6,4.9,4,1,1,Mixed,1
183,151,76,0.48,17.8,22.8,2.9,3,0,0,Strength,0
167,144,74,0.35,28.6,33.6,3.6,3,0,0,Mixed,0
163,150,76,0.67,33.1,27.3,2.8,2,0,0,HIIT,0
183,133,73,1.21,16.1,22.2,4.5,6,3,1,Yoga,3
173,122,60,0.66,15.6,24.3,3.8,5,1,1,Yoga,1
196,176,64,0.77,21.6,26.5,3.2,6,2,1,HIIT,2
185,146,74,0.94,26.6,23.4,3.2,3,1,0,Cardio,1
198,158,64,0.99,21.7,24.5,3.3,3,1,0,Strength,1
193,157,72,0.75,26.5,20.7,3.0,4,1,0,Strength,1
161,132,77,0.83,35.4,18.0,3.1,2,0,0,Cardio,0
177,125,62,0.8,25.0,24.4,4.3,4,1,1,Yoga,1
194,146,57,1.64,9.8,24.6,3.5,5,3,1,Cardio,3
192,141,79,0.98,18.5,26.1,4.3,4,1,0,Yoga,1
178,149,62,0.59,20.4,21.7,4.1,5,1,1,Mixed,1
180,163,68,0.85,29.3,18.6,3.6,3,1,0,HIIT,1
189,135,69,0.47,24.8,20.1,3.4,4,1,0,Yoga,1
181,142,70,1.03,13.7,28.2,2.9,5,1,1,Cardio,1
190,172,73,0.83,28.5,21.3,3.5,2,0,0,HIIT,0
161,116,60,1.65,10.1,22.2,4.8,7,3,1,Yoga,3
182,145,75,0.71,34.5,22.8,2.5,3,0,0,Cardio,0
178,152,74,1.12,24.2,21.5,4.6,3,1,0,Mixed,1
172,140,79,0.72,20.2,21.2,2.4,3,0,0,Cardio,0
163,141,77,1.0,25.2,20.5,4.9,2,0,0,Mixed,0
192,173,66,1.03,17.2,29.6,3.4,4,2,1,HIIT,2
163,136,55,1.17,13.4,26.7,4.3,7,3,1,Mixed,3
195,137,66,0.74,23.9,29.0,3.8,7,2,1,Yoga,2
198,169,81,0.51,23.4,29.8,3.5,2,0,0,Mixed,0
167,130,62,0.82,23.5,18.0,3.1,4,1,0,Cardio,1
195,138,68,0.65,20.5,25.4,4.1,3,0,0,Yoga,0
158,138,77,0.77,27.2,21.7,4.1,5,1,0,Mixed,1
175,138,68,0.64,22.4,28.5,3.5,3,0,0,Cardio,0
172,156,64,0.83,18.4,21.0,3.4,6,2,1,HIIT,2
193,157,72,0.98,28.8,19.8,3.6,2,0,0,Strength,0
171,140,82,0.59,26.1,18.3,3.1,3,0,0,Cardio,0
192,133,62,1.08,20.5,22.8,3.9,6,3,1,Yoga,3
163,148,64,1.07,13.3,27.7,3.7,7,3,1,HIIT,3
158,146,75,0.55,24.9,25.0,3.1,2,0,0,HIIT,0
180,166,85,0.66,22.5,19.2,3.0,3,0,0,HIIT,0
189,157,61,1.32,21.8,32.6,5.2,5,2,1,Mixed,2
180,164,72,0.82,23.2,26.6,3.2,5,1,0,HIIT,1
205,184,66,1.36,16.8,27.1,3.9,5,3,1,HIIT,3
167,140,77,0.81,25.0,29.1,3.6,3,1,0,Strength,1
183,156,74,0.86,24.2,18.0,4.3,3,0,0,Mixed,0
184,142,65,0.32,30.8,20.4,2.1,2,0,0,Cardio,0
168,133,68,0.79,21.9,27.3,3.2,5,1,0,Cardio,1
182,133,74,1.01,16.1,20.8,4.4,5,2,1,Yoga,2
203,181,61,1.3,22.5,22.9,3.9,6,2,1,HIIT,2
161,116,61,1.15,13.8,23.7,4.4,6,3,1,Yoga,3
190,149,73,0.34,22.3,18.9,2.1,3,0,0,Cardio,0
191,172,65,0.89,20.3,22.6,3.6,5,2,1,HIIT,2
187,170,72,0.99,17.2,27.7,3.1,5,2,1,HIIT,2
192,148,66,1.4,11.4,26.9,4.0,4,2,1,Cardio,2
189,172,80,0.96,19.9,28.5,3.3,3,1,0,HIIT,1
173,149,75,0.78,16.7,28.0,3.8,3,1,0,Mixed,1
168,153,71,0.74,10.4,25.6,3.4,4,1,0,HIIT,1
167,153,70,0.69,30.8,25.3,3.1,4,1,0,HIIT,1
182,134,77,0.68,25.7,25.0,3.5,3,0,0,Yoga,0
174,139,59,0.8,11.9,21.5,3.5,4,2,1,Strength,2
189,144,60,1.0,19.9,19.9,3.6,5,2,1,Cardio,2
160,132,79,0.25,21.7,21.2,1.8,2,0,0,Cardio,0
205,159,75,0.49,20.9,22.7,2.8,3,1,0,Cardio,1
200,138,63,0.47,20.3,21.4,3.8,4,1,0,Yoga,1
180,163,69,1.19,17.6,25.7,3.7,5,2,1,HIIT,2
182,146,64,1.16,16.6,24.8,4.3,4,2,1,Strength,2
168,122,66,0.79,27.6,25.2,3.9,4,1,0,Yoga,1
178,144,63,1.0,17.9,25.4,4.1,4,2,1,Strength,2
186,160,79,0.62,19.9,28.8,4.3,2,0,0,Mixed,0
172,148,78,0.38,30.4,24.0,3.6,3,0,0,Mixed,0
174,130,76,0.47,32.9,28.0,3.5,2,0,0,Yoga,0
203,146,77,0.81,26.4,26.1,3.7,3,0,0,Yoga,0
202,159,59,1.3,24.8,28.5,4.3,7,2,1,Strength,2
174,124,63,1.02,11.9,30.5,4.0,7,3,1,Yoga,3
171,156,73,0.44,19.4,26.3,3.1,3,0,0,HIIT,0
173,127,70,1.3,14.8,24.4,4.5,6,3,1,Yoga,3
187,133,68,0.94,26.6,24.4,4.3,4,1,0,Yoga,1
176,162,85,0.55,19.9,22.1,3.0,2,0,0,HIIT,0
171,137,74,0.91,25.6,22.0,2.9,3,0,0,Cardio,0
186,143,65,1.0,18.7,27.6,3.7,5,2,1,Cardio,2
202,167,64,0.61,13.0,20.1,3.9,4,2,1,Mixed,2
188,134,69,0.91,31.1,30.5,4.1,3,0,0,Yoga,0
186,160,82,0.73,26.8,23.4,3.8,2,0,0,Mixed,0
156,113,60,1.58,8.0,35.0,4.5,5,3,1,Yoga,3
177,162,78,0.52,23.3,21.2,3.4,3,0,0,HIIT,0
174,144,73,0.75,17.7,25.0,3.4,6,2,1,Strength,2
180,133,74,0.62,24.4,22.6,3.3,2,0,0,Yoga,0
161,138,70,0.82,14.4,20.8,4.6,5,1,1,Mixed,1
200,168,71,0.64,24.1,28.3,4.3,5,1,0,Mixed,1
199,138,64,0.35,20.8,19.6,2.7,4,1,0,Yoga,1
171,145,66,0.46,30.1,21.3,3.8,3,0,0,Mixed,0
186,156,67,0.95,34.4,26.3,4.2,3,0,0,Mixed,0
171,156,71,1.12,12.2,27.0,3.4,5,2,1,HIIT,2
171,147,73,0.65,20.2,18.4,4.1,3,0,0,Mixed,0
182,144,74,0.49,24.6,26.3,2.8,4,1,0,Cardio,1
169,132,64,1.12,17.9,24.5,3.8,6,2,1,Cardio,2
165,132,57,0.76,30.2,20.3,3.5,6,2,1,Strength,2
176,142,79,0.96,20.1,20.8,3.5,3,0,0,Cardio,0
177,136,61,1.1,14.5,18.0,3.1,6,2,1,Cardio,2
170,155,73,0.7,18.0,30.9,2.9,3,1,0,HIIT,1
181,135,80,0.79,25.8,28.1,4.2,3,0,0,Yoga,0
172,156,70,0.52,20.9,18.8,2.8,4,1,0,HIIT,1
185,158,77,0.8,26.8,27.2,4.1,3,0,0,Mixed,0
173,135,63,0.87,18.6,21.7,3.1,4,1,1,Cardio,1
200,170,80,1.07,19.9,27.7,4.5,6,2,1,Mixed,2
186,130,62,1.36,16.2,22.0,4.9,5,3,1,Yoga,3
197,140,69,0.99,15.0,22.5,4.4,7,2,1,Yoga,2
180,149,75,0.97,16.4,22.8,3.8,4,1,0,Strength,1
174,140,59,1.16,12.8,21.4,3.7,7,3,1,Strength,3
168,154,70,1.17,20.1,29.6,3.6,4,1,1,HIIT,1
198,155,75,0.67,19.1,27.6,2.9,5,1,0,Cardio,1
205,168,58,0.99,11.4,24.4,4.7,7,3,1,Mixed,3
193,158,77,0.45,27.5,28.1,3.1,3,0,0,Strength,0
175,131,77,0.4,22.9,18.0,3.2,2,0,0,Yoga,0
166,119,61,0.91,19.8,19.1,3.6,6,2,1,Yoga,2
197,156,62,1.3,9.2,25.9,4.1,5,3,1,Strength,3
161,118,67,0.38,23.7,26.9,2.9,3,0,0,Yoga,0
185,144,70,0.96,15.1,25.1,2.8,7,2,1,Cardio,2
205,160,78,1.05,25.5,18.0,3.3,4,1,0,Cardio,1
187,170,70,0.86,15.2,19.8,3.8,7,2,1,HIIT,2
172,141,82,0.39,21.4,25.7,2.2,3,0,0,Cardio,0
177,141,56,1.09,8.1,33.7,4.0,7,3,1,Strength,3
174,140,59,1.09,8.0,28.9,4.0,5,3,1,Strength,3
171,136,71,1.04,28.3,30.3,3.4,3,1,0,Cardio,1
165,134,61,1.72,10.2,25.4,4.6,7,3,1,Strength,3
205,183,58,1.01,10.8,25.3,3.3,7,3,1,HIIT,3
169,153,65,0.9,26.0,19.9,3.3,5,1,0,HIIT,1
201,142,69,1.22,12.5,27.8,4.4,6,3,1,Yoga,3
199,177,56,1.09,16.8,23.7,3.5,7,3,1,HIIT,3
200,171,83,0.67,24.1,26.8,3.9,3,0,0,Mixed,0
185,148,77,0.73,19.5,24.1,2.8,2,0,0,Cardio,0
181,150,76,0.52,25.5,25.1,3.2,2,0,0,Strength,0
194,158,73,0.51,27.7,23.6,2.8,4,1,0,Strength,1
177,163,83,0.49,33.8,24.9,2.9,3,0,0,HIIT,0
191,171,62,0.5,16.2,28.0,3.1,3,0,0,HIIT,0
165,150,62,1.0,16.8,18.9,3.3,6,3,1,HIIT,3
173,141,66,1.27,21.3,18.0,4.3,6,2,1,Strength,2
200,165,61,1.23,22.1,25.7,4.2,5,3,1,Mixed,3
166,136,65,1.18,23.5,29.8,3.8,5,3,1,Strength,3
173,157,67,0.74,22.5,30.8,3.0,5,1,0,HIIT,1
162,137,59,1.08,17.3,19.1,4.1,7,2,1,Mixed,2
185,167,68,0.93,29.7,22.4,3.5,2,0,0,HIIT,0
193,161,65,0.66,22.4,18.1,4.0,3,1,0,Mixed,1
166,153,78,0.55,28.1,21.8,2.9,2,0,0,HIIT,0
187,160,78,0.86,24.8,28.5,3.5,2,0,0,Mixed,0
198,156,79,0.57,21.5,23.9,2.9,2,0,0,Cardio,0
168,143,68,0.96,32.4,22.5,4.5,4,1,0,Mixed,1
188,168,58,1.26,12.8,26.2,4.0,7,3,1,HIIT,3
186,140,83,0.76,24.9,20.8,4.2,3,0,0,Yoga,0
174,159,75,0.46,23.0,30.4,2.3,5,1,0,HIIT,1
186,133,69,0.74,18.0,24.0,3.3,5,2,1,Yoga,2
197,156,61,1.02,32.1,22.4,4.0,4,1,0,Strength,1
200,168,70,0.97,9.0,26.3,5.3,7,3,1,Mixed,3
197,166,75,0.4,22.2,27.8,3.7,3,0,0,Mixed,0
164,151,76,0.34,29.0,30.4,3.5,2,0,0,HIIT,0
184,150,72,0.25,22.1,23.2,2.8,5,1,0,Strength,1
190,172,71,0.79,27.7,28.3,3.2,5,1,0,HIIT,1
185,146,74,0.58,32.3,24.4,2.3,3,0,0,Cardio,0
191,150,76,0.48,30.3,21.6,2.7,3,0,0,Cardio,0
165,121,68,1.58,19.4,20.9,5.3,4,2,1,Yoga,2
176,152,79,0.49,24.4,19.6,4.1,2,0,0,Mixed,0
177,132,76,0.73,16.0,21.0,4.1,4,1,0,Yoga,1
198,134,55,1.38,12.9,28.5,4.0,6,3,1,Yoga,3
203,169,67,0.9,15.9,26.8,4.2,4,1,1,Mixed,1
201,157,74,0.85,23.7,19.0,2.9,3,1,0,Cardio,1
185,130,62,0.84,14.8,18.0,3.5,4,1,1,Yoga,1
198,167,71,1.04,17.3,19.6,4.6,5,1,1,Mixed,1
153,121,61,0.92,14.7,20.9,3.2,5,2,1,Cardio,2
205,171,68,1.04,16.7,22.8,4.3,5,2,1,Mixed,2
196,164,66,0.87,17.6,28.7,4.3,3,1,0,Mixed,1
174,157,63,0.69,23.6,21.8,2.8,4,2,0,HIIT,2
196,153,74,0.58,22.9,30.7,3.2,3,0,0,Cardio,0
177,132,76,0.59,33.4,18.0,3.7,3,0,0,Yoga,0
205,171,70,0.98,22.3,22.6,4.3,7,2,1,Mixed,2
155,144,80,0.37,29.5,27.1,3.2,3,0,0,HIIT,0
161,131,61,0.87,13.4,27.4,3.0,7,3,1,Strength,3
177,144,64,0.84,20.9,22.7,3.7,5,1,1,Strength,1
197,180,83,0.55,18.2,28.0,2.8,4,1,0,HIIT,1
156,124,65,0.98,23.9,27.2,3.3,5,2,1,Cardio,2
165,135,66,1.2,21.0,21.3,3.6,6,2,1,Strength,2
172,125,66,1.3,15.5,25.3,4.8,4,2,1,Yoga,2
180,163,67,0.93,12.1,26.8,3.1,4,2,1,HIIT,2
186,156,66,0.95,24.8,21.6,4.4,3,1,0,Mixed,1
192,172,62,1.11,16.8,30.8,3.5,5,3,1,HIIT,3
172,126,69,0.89,15.5,20.7,4.0,6,3,1,Yoga,3
174,158,65,0.63,25.7,24.6,2.5,3,0,0,HIIT,0
167,121,65,1.08,15.5,19.0,4.5,5,2,1,Yoga,2
191,130,55,1.23,12.3,24.4,4.6,6,3,1,Yoga,3
184,167,75,0.66,20.3,19.7,2.7,3,1,0,HIIT,1
186,170,76,1.25,23.3,22.8,4.0,5,1,1,HIIT,1
200,179,64,1.11,16.2,18.0,4.0,5,2,1,HIIT,2
157,137,75,0.89,24.2,27.2,4.4,2,0,0,Mixed,0
205,171,71,0.59,24.4,25.4,3.9,2,0,0,Mixed,0
186,127,55,1.04,18.9,28.3,4.2,6,2,1,Yoga,2
159,132,69,1.04,22.6,22.6,3.9,3,1,0,Strength,1
199,180,74,0.6,27.9,28.5,2.8,2,0,0,HIIT,0
170,140,70,0.62,23.2,24.2,3.6,5,1,0,Strength,1
200,150,59,0.69,21.6,24.5,2.6,2,0,0,Cardio,0
172,131,55,1.19,18.0,32.5,3.5,7,3,1,Cardio,3
177,159,63,0.89,22.3,22.1,3.6,4,1,0,HIIT,1
171,136,70,0.7,22.8,28.9,2.7,4,1,0,Cardio,1
179,148,78,0.52,29.1,25.9,3.4,2,0,0,Strength,0
161,125,59,1.22,19.4,21.7,3.6,6,2,1,Cardio,2
197,176,59,1.38,17.4,18.7,3.7,7,3,1,HIIT,3
197,136,62,0.64,20.5,19.9,3.6,5,2,1,Yoga,2
181,156,80,0.81,11.1,28.5,4.2,4,1,0,Mixed,1
179,150,63,1.4,17.4,30.9,5.5,7,2,1,Mixed,2
161,139,73,0.69,26.9,24.4,3.9,3,0,0,Mixed,0
167,123,71,0.79,25.1,24.6,4.2,3,0,0,Yoga,0
164,127,60,0.82,20.1,27.1,2.8,3,1,0,Cardio,1
170,147,78,0.28,27.0,24.3,3.7,3,0,0,Mixed,0
174,144,74,0.5,31.8,28.4,3.0,2,0,0,Strength,0
185,144,68,0.38,22.0,25.2,2.5,3,1,0,Cardio,1
168,124,71,0.93,31.1,24.5,4.0,3,1,0,Yoga,1
177,146,55,1.2,9.7,21.2,4.1,7,3,1,Mixed,3
171,141,84,0.77,24.6,20.2,2.8,3,0,0,Cardio,0
190,129,55,1.36,11.1,18.0,4.0,7,3,1,Yoga,3
181,165,79,0.98,24.5,28.9,3.9,3,1,0,HIIT,1
161,138,70,0.97,14.7,23.4,4.5,4,1,1,Mixed,1
183,167,73,0.25,24.5,22.4,3.0,3,0,0,HIIT,0
185,168,73,0.78,20.1,18.0,2.9,4,1,0,HIIT,1
183,152,58,0.99,12.8,21.4,4.2,7,3,1,Mixed,3
178,146,70,1.0,17.8,20.9,3.6,7,2,1,Strength,2
197,179,77,0.82,31.7,20.8,3.0,3,0,0,HIIT,0
176,130,74,0.93,21.6,25.3,3.8,3,1,0,Yoga,1
162,136,75,0.79,21.8,24.5,4.0,5,1,0,Strength,1
174,159,74,0.77,25.3,18.6,3.6,2,0,0,HIIT,0
192,173,65,1.27,9.3,18.8,3.7,7,3,1,HIIT,3
205,172,73,0.86,24.5,18.8,4.4,4,1,0,Mixed,1
193,164,77,0.72,22.0,31.2,3.8,3,1,0,Mixed,1
194,151,73,0.32,32.0,30.0,2.8,3,0,0,Cardio,0
185,159,82,0.77,26.5,20.6,3.5,2,0,0,Mixed,0
190,156,56,1.66,12.0,18.0,5.4,7,3,1,Mixed,3
173,135,65,0.55,22.8,24.5,3.0,3,0,0,Cardio,0
201,159,63,0.87,21.4,24.2,4.0,3,1,0,Strength,1
201,153,63,0.95,26.8,25.3,2.9,6,2,1,Cardio,2
174,150,76,0.95,26.4,27.0,4.5,2,0,0,Mixed,0
175,143,70,1.05,18.8,25.8,4.1,4,1,1,Strength,1
171,137,74,0.98,13.5,19.5,3.0,4,1,0,Cardio,1
185,140,55,1.35,15.7,25.2,3.9,6,3,1,Cardio,3
185,146,74,1.04,19.3,27.4,2.9,7,2,1,Cardio,2
167,142,67,1.08,12.1,21.1,5.0,7,3,1,Mixed,3
186,169,70,1.18,15.1,25.2,4.1,5,2,1,HIIT,2
165,136,81,0.43,24.8,21.8,2.5,2,0,0,Cardio,0
170,139,67,0.53,28.5,32.0,3.3,3,0,0,Strength,0
160,137,68,1.1,24.4,18.7,4.7,4,2,1,Mixed,2
170,141,74,0.4,25.2,28.6,3.4,5,1,0,Strength,1
175,160,75,1.01,28.0,18.0,3.3,4,1,0,HIIT,1
173,141,64,1.4,18.3,31.2,4.2,7,3,1,Strength,3
182,145,77,0.65,27.5,19.4,2.7,3,0,0,Cardio,0
201,162,72,0.86,23.1,24.8,3.7,3,1,0,Strength,1
163,135,71,0.8,19.9,18.0,3.8,7,2,1,Strength,2
162,137,62,1.13,13.2,18.6,4.9,4,2,1,Mixed,2
191,155,72,0.66,29.8,27.6,3.8,5,1,0,Strength,1
178,128,67,0.57,20.0,28.1,3.6,3,1,0,Yoga,1
166,125,74,0.73,31.0,25.0,3.7,2,0,0,Yoga,0
176,146,57,0.82,26.4,27.0,4.2,5,1,1,Mixed,1
165,120,66,1.17,25.2,28.2,4.5,5,1,1,Yoga,1
198,163,58,1.38,15.5,21.3,4.8,5,3,1,Mixed,3
182,149,73,0.44,26.2,18.4,3.5,2,0,0,Strength,0
205,170,63,1.03,20.9,23.9,4.4,7,2,1,Mixed,2
194,133,59,1.09,15.9,21.7,4.5,6,2,1,Yoga,2
189,145,63,0.96,13.6,25.6,3.0,6,2,1,Cardio,2
165,134,75,0.7,16.4,26.2,2.9,3,1,0,Cardio,1
184,132,69,0.51,23.0,21.3,3.7,5,1,0,Yoga,1
194,151,71,1.3,16.0,26.8,3.5,6,2,1,Cardio,2
178,150,66,1.3,11.8,26.6,5.0,5,3,1,Mixed,3
169,123,67,0.45,26.2,26.9,3.3,3,1,0,Yoga,1
167,151,63,1.6,14.8,22.4,4.4,7,3,1,HIIT,3
184,148,63,0.97,28.2,27.1,3.4,3,1,0,Strength,1
166,149,55,1.51,9.1,26.1,3.9,5,3,1,HIIT,3
163,141,76,1.12,26.0,26.6,5.0,3,0,0,Mixed,0
203,142,68,1.05,25.7,30.7,4.4,6,2,1,Yoga,2
167,139,73,1.07,14.8,25.3,3.7,7,2,1,Strength,2
172,156,64,0.49,28.1,21.6,2.9,6,2,0,HIIT,2
168,143,66,1.03,13.5,19.6,4.7,4,2,1,Mixed,2
171,147,75,0.51,24.3,28.5,3.0,3,0,0,Mixed,0
188,150,79,0.67,18.4,25.4,2.7,3,1,0,Cardio,1
181,151,82,0.33,30.9,30.7,2.5,2,0,0,Strength,0
160,135,77,0.72,34.7,18.0,3.7,3,0,0,Strength,0
187,171,79,0.45,25.2,27.6,3.3,2,0,0,HIIT,0
198,161,77,0.79,22.6,23.0,3.6,3,0,0,Strength,0
188,170,70,0.74,18.3,22.6,3.3,6,2,1,HIIT,2
182,131,69,0.63,18.5,20.9,3.5,6,2,1,Yoga,2
182,133,73,0.95,35.3,27.6,4.0,2,0,0,Yoga,0
192,135,65,1.26,17.4,26.5,4.9,4,2,1,Yoga,2
205,186,76,0.4,31.8,19.4,2.8,2,0,0,HIIT,0
180,164,76,0.48,30.5,24.7,2.9,2,0,0,HIIT,0
182,128,62,1.01,23.0,26.8,4.4,7,2,1,Yoga,2
181,132,72,0.97,19.5,24.7,3.8,4,1,0,Yoga,1
183,148,67,0.96,25.5,28.4,3.7,5,1,0,Strength,1
166,138,72,0.54,27.4,22.8,3.5,2,0,0,Strength,0
186,169,69,0.79,28.1,18.0,3.6,5,1,0,HIIT,1
205,160,76,0.66,21.9,24.7,3.0,2,0,0,Cardio,0
202,160,81,0.34,27.9,24.7,2.9,2,0,0,Cardio,0
181,149,74,0.75,19.4,25.2,3.8,4,1,0,Strength,1
185,156,71,1.03,18.9,28.4,4.3,5,2,1,Mixed,2
178,145,84,0.6,22.3,18.0,2.5,3,0,0,Cardio,0
183,167,72,1.01,29.0,23.0,4.0,3,0,0,HIIT,0
193,165,79,0.58,32.1,20.3,3.6,2,0,0,Mixed,0
183,167,74,0.48,22.9,19.2,3.3,4,1,0,HIIT,1
158,134,76,0.64,25.3,23.7,3.0,2,0,0,Strength,0
174,160,79,0.5,26.4,26.8,3.3,3,0,0,HIIT,0
176,135,60,1.24,10.6,25.2,3.7,6,3,1,Cardio,3
191,141,78,0.28,32.3,21.2,3.2,2,0,0,Yoga,0
193,173,63,0.89,15.9,23.4,3.7,4,1,1,HIIT,1
192,146,60,1.36,16.4,27.7,3.5,7,3,1,Cardio,3
184,137,79,0.62,23.8,26.7,4.1,3,0,0,Yoga,0
183,166,70,0.8,22.0,21.8,3.1,4,2,0,HIIT,2
175,148,66,0.89,19.7,21.5,4.3,4,1,1,Mixed,1
180,162,60,1.09,14.5,18.0,3.9,6,3,1,HIIT,3
179,160,55,1.28,13.8,22.3,3.9,7,3,1,HIIT,3
199,180,68,0.83,27.9,18.0,3.6,3,1,0,HIIT,1
194,165,77,0.25,22.4,32.3,3.7,2,0,0,Mixed,0
190,173,75,1.04,31.1,20.6,3.6,3,1,0,HIIT,1
193,161,65,1.36,8.0,28.4,5.1,5,3,1,Mixed,3
201,182,76,0.93,25.2,31.3,3.2,3,0,0,HIIT,0
196,133,57,0.89,12.7,24.9,3.4,5,3,1,Yoga,3
185,131,64,0.64,18.7,23.6,3.9,7,2,1,Yoga,2
168,147,85,0.58,32.2,18.7,3.9,2,0,0,Mixed,0
191,131,58,0.76,13.3,22.0,3.6,5,2,1,Yoga,2
170,155,69,0.54,26.4,30.4,2.8,3,0,0,HIIT,0
171,136,71,0.74,21.6,25.4,2.9,4,1,0,Cardio,1
166,134,74,0.79,25.5,24.1,2.7,5,1,0,Cardio,1
158,145,74,0.56,20.9,29.2,3.2,3,1,0,HIIT,1
187,135,71,0.65,20.4,26.8,3.1,4,1,0,Yoga,1
160,130,62,0.8,22.7,23.4,3.2,5,1,1,Strength,1
171,134,64,0.8,26.0,24.9,3.1,5,2,1,Cardio,2
187,128,56,1.09,23.9,20.9,4.2,4,2,1,Yoga,2
184,154,62,1.66,14.3,21.8,5.4,7,3,1,Mixed,3
168,123,67,0.84,18.2,23.2,3.8,7,2,1,Yoga,2
167,131,64,1.02,21.3,26.2,2.8,7,2,1,Cardio,2
180,145,64,0.67,22.0,19.0,3.5,5,1,0,Strength,1
156,131,71,0.39,28.0,24.3,3.2,2,0,0,Strength,0
197,152,67,0.62,27.1,22.4,3.0,2,0,0,Cardio,0
170,155,70,0.97,23.4,20.4,3.7,5,1,0,HIIT,1
170,139,81,1.26,14.1,22.5,3.8,7,2,1,Cardio,2
186,156,64,0.83,9.9,18.0,4.3,4,2,1,Mixed,2
180,125,58,1.27,14.2,21.0,4.6,7,3,1,Yoga,3
167,133,71,1.23,27.0,19.6,3.6,3,1,0,Cardio,1
186,156,64,0.77,21.8,22.9,4.4,4,1,1,Mixed,1
191,171,55,1.68,10.5,18.0,4.0,6,3,1,HIIT,3
169,138,67,0.62,19.9,24.8,3.2,4,1,0,Strength,1
172,158,74,0.42,17.6,27.6,3.1,4,1,0,HIIT,1
180,138,62,1.54,8.9,23.5,3.4,7,3,1,Cardio,3
188,153,69,0.87,17.8,26.0,3.7,5,1,1,Strength,1
184,132,69,0.92,15.5,21.9,4.2,7,2,1,Yoga,2
173,137,69,1.47,13.4,18.0,3.3,7,3,1,Cardio,3
188,154,74,1.07,18.2,24.0,4.4,3,1,0,Strength,1
164,131,70,0.74,32.4,26.7,3.1,3,0,0,Cardio,0
205,138,56,0.79,14.8,18.7,3.9,5,2,1,Yoga,2
164,126,56,0.88,28.5,22.1,2.7,4,2,1,Cardio,2
152,134,79,0.65,19.8,23.0,4.0,3,0,0,Mixed,0
166,151,66,1.16,19.4,35.0,3.8,3,1,1,HIIT,1
172,138,74,0.86,16.8,24.9,2.7,5,1,0,Cardio,1
192,160,63,0.91,16.7,18.0,4.1,7,2,1,Mixed,2
194,164,77,0.88,27.7,18.0,4.0,2,0,0,Mixed,0
180,143,74,0.58,23.9,26.9,2.6,5,1,0,Cardio,1
165,135,66,0.65,22.6,33.9,3.4,3,1,0,Strength,1
178,147,74,0.7,26.1,22.9,3.9,5,1,0,Strength,1
170,153,57,1.45,12.7,22.6,4.2,7,3,1,HIIT,3
166,133,56,0.72,18.0,25.7,3.8,6,3,1,Strength,3
175,132,79,0.56,27.2,20.8,3.3,3,0,0,Yoga,0
175,141,78,0.57,30.2,18.0,2.4,3,0,0,Cardio,0
186,153,77,0.77,28.1,28.1,3.3,2,0,0,Strength,0
189,133,64,0.55,20.7,21.5,3.2,4,1,0,Yoga,1
170,122,63,0.89,19.2,28.2,4.2,5,2,1,Yoga,2
189,160,73,0.76,20.9,21.0,4.2,5,1,0,Mixed,1
173,147,85,0.25,27.6,24.5,2.9,2,0,0,Strength,0
188,172,84,0.85,25.6,27.4,3.5,3,0,0,HIIT,0
198,141,73,0.78,32.9,28.3,3.9,2,0,0,Yoga,0
205,163,67,0.64,27.3,24.9,3.6,4,1,0,Strength,1
166,134,74,1.05,15.4,24.7,3.3,4,2,1,Cardio,2
205,186,78,0.75,33.3,26.5,3.8,2,0,0,HIIT,0
188,153,73,0.8,28.9,25.9,2.9,3,0,0,Strength,0
173,135,66,1.2,20.2,18.8,3.3,4,2,1,Cardio,2
199,134,55,1.34,14.8,18.9,4.5,7,3,1,Yoga,3
184,137,80,0.82,30.8,18.0,3.8,2,0,0,Yoga,0
170,137,77,0.92,24.8,27.1,3.1,5,1,0,Cardio,1
186,155,83,0.34,24.6,22.4,2.9,3,0,0,Strength,0
205,149,81,0.64,21.1,27.3,3.5,2,0,0,Yoga,0
188,151,63,0.93,20.5,25.6,3.6,4,2,1,Strength,2
189,137,74,0.83,20.9,20.0,3.5,4,1,0,Yoga,1
188,160,77,0.51,20.7,23.5,3.4,3,1,0,Mixed,1
179,127,65,0.65,8.0,22.2,4.0,6,3,1,Yoga,3
203,143,69,1.38,21.0,21.6,4.9,4,2,1,Yoga,2
188,159,71,0.88,24.0,27.7,4.2,5,1,0,Mixed,1
162,147,65,0.99,15.6,34.0,3.6,3,1,1,HIIT,1
167,147,84,0.89,31.3,28.5,4.5,2,0,0,Mixed,0
202,181,65,0.83,20.8,23.9,3.4,6,2,1,HIIT,2
165,127,81,0.66,17.9,29.0,4.3,3,0,0,Yoga,0
184,169,85,0.59,26.8,30.9,2.8,3,0,0,HIIT,0
186,148,80,0.71,26.1,18.4,3.1,2,0,0,Cardio,0
192,153,81,0.29,33.4,28.9,2.5,3,0,0,Cardio,0
163,129,65,0.89,19.9,27.1,3.3,5,1,1,Cardio,1
191,158,56,1.24,8.3,28.8,4.8,7,3,1,Mixed,3
203,155,66,1.14,10.7,27.3,3.8,7,3,1,Cardio,3
201,159,62,0.65,15.5,23.1,3.1,6,2,1,Strength,2
187,145,68,0.88,23.0,32.1,2.7,3,0,0,Cardio,0
176,127,67,0.54,25.5,25.4,3.8,2,0,0,Yoga,0
183,145,74,0.37,24.0,22.3,2.1,2,0,0,Cardio,0
187,170,74,0.32,27.1,26.0,3.1,3,0,0,HIIT,0
172,128,75,0.98,25.9,27.9,3.8,4,1,0,Yoga,1
186,127,55,1.06,14.7,24.4,4.3,7,3,1,Yoga,3
163,131,72,0.78,21.4,25.6,2.9,4,2,0,Cardio,2
194,174,59,0.95,24.1,24.4,3.2,6,2,1,HIIT,2
188,132,64,0.88,18.7,21.4,3.7,5,1,1,Yoga,1
200,142,71,1.17,23.5,20.7,4.5,3,1,0,Yoga,1
192,153,60,0.94,8.5,18.4,3.7,7,3,1,Strength,3
180,152,68,1.14,15.5,30.1,4.6,7,2,1,Mixed,2
189,170,64,1.03,18.9,23.1,3.2,5,1,1,HIIT,1
165,134,77,0.83,33.8,18.0,3.5,3,0,0,Cardio,0
180,129,67,0.77,31.5,25.6,3.8,2,0,0,Yoga,0
160,113,55,1.05,23.4,25.5,3.8,6,2,1,Yoga,2
164,144,84,1.13,20.7,18.0,4.2,3,0,0,Mixed,0
186,148,75,0.91,20.6,20.7,3.3,3,1,0,Cardio,1
191,155,70,0.96,22.1,20.5,2.8,3,1,0,Strength,1
177,141,55,1.24,10.6,21.0,4.2,6,2,1,Strength,2
201,182,73,0.58,29.0,28.9,2.6,2,0,0,HIIT,0
166,144,77,0.5,35.1,23.4,3.8,3,0,0,Mixed,0
160,136,63,0.86,15.0,22.3,4.0,4,2,1,Mixed,2
167,127,78,0.77,21.8,28.5,4.1,5,1,0,Yoga,1
194,142,78,0.58,30.7,26.0,3.5,3,0,0,Yoga,0
168,118,55,0.99,16.5,18.0,4.3,7,3,1,Yoga,3
194,132,57,0.81,21.5,21.5,3.6,4,2,1,Yoga,2
201,157,74,1.14,23.5,25.3,3.7,3,1,0,Cardio,1
190,148,69,1.31,18.3,20.3,3.6,5,2,1,Cardio,2
163,150,79,1.02,26.6,32.1,4.0,2,0,0,HIIT,0
169,139,68,1.36,21.1,24.5,4.1,5,3,1,Strength,3
197,176,62,1.23,16.1,21.0,3.5,7,3,1,HIIT,3
158,118,70,0.9,28.9,19.5,4.2,3,1,0,Yoga,1
205,171,69,0.81,22.8,27.7,4.2,5,2,1,Mixed,2
168,134,71,0.78,29.2,21.4,2.3,7,2,0,Cardio,2
178,140,68,0.92,17.3,25.5,3.0,6,2,1,Cardio,2
194,151,70,0.86,21.5,19.4,3.2,4,1,0,Cardio,1
197,155,75,0.57,24.4,24.3,2.1,3,1,0,Cardio,1
169,145,75,0.5,22.5,21.5,4.0,2,0,0,Mixed,0
175,159,68,0.73,19.5,22.7,3.5,3,1,0,HIIT,1
186,146,71,0.94,17.6,20.8,2.8,4,1,0,Cardio,1
161,121,73,0.54,30.5,28.1,3.0,2,0,0,Yoga,0
196,137,65,0.99,23.0,22.0,3.4,7,2,1,Yoga,2
200,180,66,0.77,22.1,23.4,3.7,3,1,0,HIIT,1
161,148,75,0.76,19.3,23.6,3.3,3,1,0,HIIT,1
178,163,76,0.67,28.1,30.4,2.7,3,0,0,HIIT,0
200,181,74,0.73,25.0,27.6,3.2,4,1,0,HIIT,1
193,161,67,0.92,20.2,27.2,4.5,6,2,1,Mixed,2
165,130,65,0.74,20.5,18.0,2.9,5,1,0,Cardio,1
186,159,77,0.55,21.7,21.4,3.2,3,1,0,Mixed,1
186,155,64,1.18,15.8,28.8,4.6,4,2,1,Mixed,2
167,133,68,0.82,19.5,19.3,2.8,5,1,0,Cardio,1
194,163,71,0.67,19.2,24.3,3.7,4,1,0,Mixed,1
195,177,76,0.42,30.6,19.7,2.9,3,0,0,HIIT,0
182,152,83,0.57,33.9,20.1,3.8,5,1,0,Strength,1
186,133,68,1.33,22.5,30.7,4.1,4,2,1,Yoga,2
186,168,68,0.96,25.1,26.9,3.5,3,1,0,HIIT,1
167,155,84,0.49,22.5,27.9,2.7,3,0,0,HIIT,0
187,145,67,0.75,19.1,27.1,2.8,2,0,0,Cardio,0
167,139,73,0.9,29.1,23.4,3.4,3,0,0,Strength,0
203,157,72,0.63,30.6,21.2,2.6,2,0,0,Cardio,0
186,169,70,0.61,23.3,22.4,3.4,5,1,0,HIIT,1
187,160,77,0.63,32.2,23.2,3.8,2,0,0,Mixed,0
168,122,67,0.9,11.8,31.1,3.9,6,2,1,Yoga,2
170,121,62,1.24,8.0,18.7,4.6,5,3,1,Yoga,3
175,161,78,0.67,26.7,21.8,3.1,3,0,0,HIIT,0
197,149,60,0.82,15.4,20.3,2.7,7,3,1,Cardio,3
169,139,71,0.77,15.3,28.2,3.6,5,2,1,Strength,2
168,134,55,1.37,18.2,31.4,3.7,7,3,1,Strength,3
166,150,62,0.71,25.4,25.2,3.2,3,0,0,HIIT,0
184,148,64,1.05,8.0,25.6,4.5,7,3,1,Strength,3
181,138,58,0.94,8.1,24.4,2.6,7,3,1,Cardio,3
167,137,69,1.12,9.8,25.7,4.1,5,3,1,Strength,3
196,152,70,0.67,25.7,27.1,2.7,6,2,0,Cardio,2
180,164,78,0.9,30.3,25.7,4.2,2,0,0,HIIT,0
187,153,73,0.86,32.0,26.0,3.4,2,0,0,Strength,0
193,148,63,1.31,15.1,27.1,3.5,5,3,1,Cardio,3
159,138,73,0.75,25.2,18.0,3.8,2,0,0,Mixed,0
174,144,75,0.54,27.6,24.0,3.4,2,0,0,Strength,0
176,130,73,0.33,34.9,25.2,2.8,3,0,0,Yoga,0
164,136,71,0.39,24.1,25.7,3.0,4,1,0,Strength,1
181,148,69,1.0,24.8,23.3,3.9,4,1,0,Strength,1
169,143,65,1.54,14.9,24.6,5.3,6,3,1,Mixed,3
159,130,62,1.29,13.7,21.1,4.3,7,3,1,Strength,3
170,139,67,0.95,20.3,18.0,3.7,5,1,1,Strength,1
179,162,68,0.81,20.7,27.9,2.7,5,1,0,HIIT,1
161,146,64,0.78,22.2,19.5,3.7,3,1,0,HIIT,1
199,152,65,0.8,28.1,23.4,2.8,3,0,0,Cardio,0
199,139,65,1.04,10.3,21.0,3.9,5,3,1,Yoga,3
167,137,68,0.77,25.9,30.3,3.5,4,1,0,Strength,1
177,160,64,0.73,27.5,23.7,3.0,4,1,0,HIIT,1
151,125,77,0.31,25.7,22.8,2.2,2,0,0,Cardio,0
187,156,61,0.89,20.2,27.0,4.0,5,2,1,Mixed,2
162,120,70,0.46,21.9,32.6,3.3,3,1,0,Yoga,1
165,141,69,0.66,26.8,25.6,4.3,3,0,0,Mixed,0
172,134,63,1.18,15.7,22.5,3.5,7,3,1,Cardio,3
170,146,75,0.25,28.4,26.8,3.6,2,0,0,Mixed,0
176,145,72,0.99,24.4,18.0,3.9,4,1,0,Strength,1
169,143,63,0.93,20.4,24.2,4.3,7,2,1,Mixed,2
202,182,66,1.35,20.9,32.0,4.3,7,2,1,HIIT,2
190,170,58,1.3,20.5,24.6,3.7,5,2,1,HIIT,2
186,157,71,1.08,14.9,24.4,4.9,6,3,1,Mixed,3
177,132,77,0.6,28.3,24.1,3.4,3,0,0,Yoga,0
186,168,69,1.08,20.1,22.4,3.7,7,3,1,HIIT,3
168,144,74,0.25,19.6,25.3,3.6,3,0,0,Mixed,0
205,164,70,0.71,28.2,27.1,3.2,3,0,0,Strength,0
171,156,73,0.6,25.3,22.7,3.4,3,0,0,HIIT,0
183,164,60,1.13,8.5,18.0,3.7,7,3,1,HIIT,3
180,152,69,0.77,20.0,25.9,4.5,5,1,1,Mixed,1
159,140,84,0.53,27.7,32.5,3.7,3,0,0,Mixed,0
187,158,71,0.43,30.6,22.5,3.5,2,0,0,Mixed,0
166,124,72,0.7,27.5,18.1,3.6,2,0,0,Yoga,0
168,154,74,1.07,24.3,26.7,3.4,5,1,0,HIIT,1
180,146,67,0.62,18.5,31.0,3.7,2,0,0,Strength,0
179,146,70,0.59,21.4,26.1,3.0,4,1,0,Strength,1
165,130,66,0.76,20.8,30.9,2.9,7,2,1,Cardio,2
202,170,72,1.17,26.5,27.2,4.6,3,1,0,Mixed,1
192,148,67,0.83,22.7,26.8,2.8,6,2,1,Cardio,2
163,135,85,0.58,25.7,21.9,2.7,3,0,0,Cardio,0
189,136,71,0.45,28.9,25.1,3.9,3,0,0,Yoga,0
189,132,62,1.06,21.6,23.9,4.2,7,2,1,Yoga,2
173,146,68,1.14,14.7,23.7,4.8,7,2,1,Mixed,2
169,144,71,0.76,20.2,23.0,4.7,4,1,0,Mixed,1
177,149,67,0.98,16.3,24.9,4.0,7,2,1,Mixed,2
176,142,63,0.55,26.7,18.8,3.7,5,1,0,Strength,1
181,157,85,0.42,21.2,27.2,3.5,3,0,0,Mixed,0
177,146,72,0.97,28.8,20.5,3.8,3,1,0,Strength,1
168,132,67,0.28,24.4,23.0,2.1,3,0,0,Cardio,0
170,146,73,0.98,22.4,25.3,4.2,3,1,0,Mixed,1
178,161,69,0.32,25.8,20.3,2.6,3,0,0,HIIT,0
194,160,80,0.86,25.3,18.0,3.7,3,0,0,Strength,0
180,149,55,1.34,19.3,22.5,4.5,7,3,1,Mixed,3
174,146,80,0.74,23.8,18.3,3.9,3,0,0,Strength,0
162,134,69,0.6,30.5,26.8,3.9,2,0,0,Strength,0
199,163,55,1.17,9.8,19.4,4.4,7,3,1,Mixed,3
178,140,71,0.81,17.5,29.9,2.8,5,1,0,Cardio,1
186,156,67,0.61,17.5,24.0,4.3,4,1,0,Mixed,1
183,141,62,0.95,12.9,24.2,3.2,6,2,1,Cardio,2
185,142,62,0.53,19.2,18.0,2.3,4,1,0,Cardio,1
180,153,73,0.59,28.5,24.6,3.7,3,0,0,Mixed,0
190,173,74,0.69,15.9,23.7,3.1,3,1,0,HIIT,1
200,181,74,1.16,19.5,18.8,3.8,7,2,1,HIIT,2
181,140,64,1.27,11.5,24.3,3.1,6,3,1,Cardio,3
177,148,78,0.56,24.4,22.4,2.9,2,0,0,Strength,0
188,170,67,0.72,23.9,23.1,3.3,3,0,0,HIIT,0
187,159,75,0.65,26.1,24.1,4.1,3,0,0,Mixed,0
168,153,67,0.84,17.3,22.1,3.5,3,1,0,HIIT,1
196,158,67,0.59,33.4,25.0,3.0,3,0,0,Strength,0
165,148,55,1.29,12.6,23.7,4.0,7,3,1,HIIT,3
167,141,63,1.09,20.3,25.9,4.9,7,3,1,Mixed,3
186,155,62,1.15,8.0,21.9,4.5,6,2,1,Mixed,2
192,144,55,1.34,13.3,19.7,3.8,6,3,1,Cardio,3
181,132,72,0.72,31.1,21.2,3.5,2,0,0,Yoga,0
185,150,66,1.06,13.8,29.8,3.6,5,2,1,Strength,2
164,149,62,1.07,18.8,27.8,2.9,4,2,1,HIIT,2
195,151,69,0.73,24.9,28.9,3.4,3,0,0,Cardio,0
190,136,70,0.81,24.1,29.1,3.7,2,0,0,Yoga,0
166,125,74,0.74,28.1,22.1,4.2,5,1,0,Yoga,1
184,139,55,0.83,23.3,25.2,2.8,4,2,1,Cardio,2
174,145,59,1.12,19.9,24.3,4.5,7,3,1,Mixed,3
175,149,69,0.49,28.2,26.6,4.0,4,1,0,Mixed,1
164,133,61,1.04,18.5,22.8,4.2,5,2,1,Strength,2
180,147,70,0.75,28.8,24.4,3.7,3,0,0,Strength,0
184,155,70,0.95,21.2,24.3,4.2,4,2,1,Mixed,2
205,166,75,0.7,22.9,26.1,3.1,5,1,0,Strength,1
188,154,76,0.53,27.5,26.6,3.5,3,0,0,Strength,0
170,153,57,1.4,17.4,24.4,3.8,7,3,1,HIIT,3
197,159,71,1.03,21.1,24.5,3.8,4,1,0,Strength,1
163,139,67,1.39,26.0,24.9,4.9,6,2,1,Mixed,2
160,128,69,0.56,26.5,30.6,2.3,5,1,0,Cardio,1
199,137,62,1.09,18.0,18.0,3.7,7,3,1,Yoga,3
177,151,73,0.69,27.0,20.1,4.1,2,0,0,Mixed,0
181,143,55,0.86,21.7,26.7,4.0,3,1,1,Strength,1
201,169,74,0.99,19.9,25.1,4.2,2,0,0,Mixed,0
162,141,78,0.77,18.7,25.1,4.0,2,0,0,Mixed,0
197,142,75,0.58,27.7,26.7,4.1,2,0,0,Yoga,0
188,153,72,0.56,19.6,24.9,3.5,3,1,0,Strength,1
186,143,64,0.96,15.2,21.8,3.3,7,2,1,Cardio,2
186,145,69,0.72,20.4,26.5,2.9,3,1,0,Cardio,1
192,174,71,1.11,26.7,24.1,3.3,5,1,0,HIIT,1
182,132,70,1.03,11.7,22.2,3.3,7,3,1,Yoga,3
203,170,69,1.06,24.3,26.8,4.6,4,2,1,Mixed,2
189,139,79,0.4,25.6,26.6,3.5,2,0,0,Yoga,0
174,130,76,0.59,28.2,24.9,3.2,3,0,0,Yoga,0
176,138,68,0.47,21.8,30.9,2.1,3,0,0,Cardio,0
184,137,81,0.6,24.7,29.3,3.7,3,0,0,Yoga,0
192,141,80,0.41,33.4,28.0,3.6,3,0,0,Yoga,0
159,136,67,0.64,19.6,34.3,4.0,4,2,1,Mixed,2
187,170,75,0.35,21.8,23.4,2.8,2,0,0,HIIT,0
189,160,73,0.81,27.5,22.1,4.0,4,1,0,Mixed,1
180,130,69,1.07,29.4,27.4,4.4,4,1,0,Yoga,1
201,182,74,0.96,18.8,23.0,3.5,5,1,0,HIIT,1
196,133,56,1.08,9.8,24.0,4.1,5,3,1,Yoga,3
202,158,55,1.29,13.6,20.1,4.8,7,3,1,Strength,3
160,131,64,0.8,23.1,26.4,3.6,3,1,0,Strength,1
191,155,71,1.06,15.4,18.1,3.8,5,1,1,Strength,1
169,153,63,1.0,18.8,23.6,3.5,5,2,1,HIIT,2
168,142,64,1.01,17.2,23.9,4.3,7,2,1,Mixed,2
183,166,64,0.71,29.2,22.3,3.4,4,1,0,HIIT,1
181,130,67,1.32,25.9,18.0,4.4,7,2,1,Yoga,2
193,161,65,0.77,22.3,18.0,4.1,3,1,0,Mixed,1
191,146,62,1.03,8.2,21.0,2.7,6,3,1,Cardio,3
194,163,68,0.62,24.0,26.2,4.4,3,0,0,Mixed,0
182,153,66,0.87,32.8,25.2,4.0,5,1,0,Mixed,1
180,163,65,0.77,30.3,23.9,3.0,5,1,0,HIIT,1
197,158,68,1.16,10.8,20.5,4.1,7,2,1,Strength,2
185,168,73,0.79,24.0,25.4,3.6,2,0,0,HIIT,0
180,142,72,0.71,26.4,18.0,3.2,4,1,0,Cardio,1
171,141,71,0.92,14.1,18.0,3.4,6,2,1,Strength,2
194,165,79,0.92,26.7,23.0,4.6,3,1,0,Mixed,1
195,176,71,0.77,17.3,21.8,3.4,4,1,0,HIIT,1
175,136,64,0.71,24.5,28.1,3.1,3,1,0,Cardio,1
196,177,71,0.98,17.9,24.6,3.8,7,2,1,HIIT,2
197,167,78,0.89,26.3,30.6,4.4,3,1,0,Mixed,1
178,125,60,1.29,18.4,21.8,5.2,5,3,1,Yoga,3
182,166,72,0.89,12.5,25.9,3.3,7,2,1,HIIT,2
197,179,77,0.61,23.7,23.0,2.7,2,0,0,HIIT,0
178,126,62,0.78,20.2,29.5,3.7,3,1,0,Yoga,1
192,174,72,0.87,22.2,23.2,3.4,3,0,0,HIIT,0
181,141,67,1.0,16.5,27.4,3.2,4,1,1,Cardio,1
170,139,68,0.97,25.7,19.7,4.3,4,1,0,Strength,1
192,144,55,1.19,14.3,22.3,3.4,7,3,1,Cardio,3
199,141,70,0.85,21.0,23.7,4.1,2,0,0,Yoga,0
192,152,77,0.52,25.6,29.1,2.3,5,1,0,Cardio,1
187,145,66,0.93,28.9,18.0,3.1,3,0,0,Cardio,0
165,138,56,1.46,15.4,22.7,5.2,7,3,1,Mixed,3
190,138,73,0.85,26.5,22.5,3.9,5,1,0,Yoga,1
175,141,62,0.82,25.2,18.0,3.1,7,2,1,Strength,2
178,147,72,0.6,21.3,22.1,3.3,4,1,0,Strength,1
192,174,73,0.46,24.6,18.0,2.0,3,0,0,HIIT,0
173,123,62,1.23,18.7,18.0,3.9,5,3,1,Yoga,3
185,131,65,0.64,24.6,23.0,3.7,3,1,0,Yoga,1
198,157,61,1.01,22.1,22.8,3.2,3,1,0,Strength,1
199,179,68,1.14,24.7,23.0,3.2,5,1,0,HIIT,1
187,141,55,0.98,14.0,25.0,3.3,5,3,1,Cardio,3
187,153,75,0.78,30.1,20.5,3.7,2,0,0,Strength,0
188,132,64,0.63,23.0,31.2,3.7,5,1,0,Yoga,1
187,149,59,1.21,11.3,23.9,4.0,7,2,1,Strength,2
179,155,82,0.66,29.5,29.1,3.9,2,0,0,Mixed,0
188,159,71,0.79,15.9,18.0,4.5,3,1,0,Mixed,1
165,134,62,1.02,19.2,20.7,3.7,5,1,1,Strength,1
168,145,75,0.47,20.9,26.7,3.5,3,0,0,Mixed,0
163,140,69,0.93,14.0,23.1,4.9,5,1,1,Mixed,1
188,148,55,1.12,22.7,19.7,4.5,5,2,1,Strength,2
183,144,72,0.87,24.2,18.0,2.6,5,1,0,Cardio,1
175,151,80,0.53,30.1,26.9,4.1,2,0,0,Mixed,0
160,121,73,0.27,37.0,26.6,3.1,3,0,0,Yoga,0
156,112,59,0.68,12.7,25.0,4.0,7,3,1,Yoga,3
195,140,72,0.52,29.8,22.0,3.0,3,0,0,Yoga,0
202,164,77,0.94,28.3,19.5,3.7,3,0,0,Strength,0
184,140,59,1.31,13.7,23.8,3.4,7,3,1,Cardio,3
191,131,59,1.2,15.4,18.7,4.1,5,3,1,Yoga,3
161,146,61,0.8,21.6,21.0,3.4,7,2,1,HIIT,2
190,164,85,0.66,21.6,29.0,3.8,3,0,0,Mixed,0
189,155,74,0.71,18.8,18.0,3.7,3,0,0,Strength,0
167,145,79,0.75,28.9,26.7,4.0,2,0,0,Mixed,0
183,144,71,0.7,23.1,30.0,3.1,4,1,0,Cardio,1
189,143,57,0.88,19.5,27.3,3.2,3,1,1,Cardio,1
187,136,73,0.71,37.1,25.6,4.2,2,0,0,Yoga,0
173,158,69,0.87,21.9,22.1,2.8,3,0,0,HIIT,0
190,171,65,1.15,17.4,21.4,3.1,6,3,1,HIIT,3
179,125,59,1.07,14.1,18.0,4.0,4,2,1,Yoga,2
197,160,72,0.93,25.4,24.1,3.9,4,1,0,Strength,1
165,143,80,0.53,22.4,22.4,4.0,2,0,0,Mixed,0
168,120,61,0.95,19.0,21.2,4.3,7,3,1,Yoga,3
177,145,70,0.98,26.1,23.9,3.6,4,1,0,Strength,1
195,151,68,0.93,26.7,24.2,3.0,3,1,0,Cardio,1
173,133,59,1.16,9.8,21.5,3.5,7,3,1,Cardio,3
164,130,68,0.64,26.0,30.5,2.9,3,0,0,Cardio,0
157,131,71,0.96,18.1,26.9,3.5,4,1,0,Strength,1
190,154,70,1.0,13.8,27.6,3.2,5,2,1,Strength,2
177,150,71,0.72,30.3,23.6,4.2,2,0,0,Mixed,0
175,138,70,0.67,24.1,26.0,2.8,5,1,0,Cardio,1
190,131,59,1.23,19.6,20.4,3.8,7,3,1,Yoga,3
175,145,77,0.61,27.4,26.7,2.6,2,0,0,Strength,0
177,161,67,1.0,18.3,23.2,3.7,3,1,0,HIIT,1
168,140,57,0.77,24.6,19.9,4.2,6,2,1,Mixed,2
204,155,64,0.86,19.2,23.9,3.3,4,1,0,Cardio,1
166,118,58,0.82,25.1,22.8,3.7,5,1,1,Yoga,1
166,144,79,0.93,32.4,33.3,4.1,3,0,0,Mixed,0
185,147,77,0.4,23.5,25.7,3.0,3,0,0,Cardio,0
193,133,60,1.25,12.2,30.3,4.4,5,3,1,Yoga,3
162,132,62,0.78,17.1,28.5,3.9,5,2,1,Strength,2
165,152,74,0.5,30.5,24.2,2.9,2,0,0,HIIT,0
170,135,70,1.03,26.6,22.2,3.2,3,1,0,Cardio,1
188,158,67,0.76,27.8,18.0,4.5,4,1,0,Mixed,1
205,172,73,0.98,25.5,20.5,4.6,3,0,0,Mixed,0
205,145,72,1.14,19.2,26.7,4.5,6,2,1,Yoga,2
196,164,69,0.63,30.9,22.8,4.1,3,0,0,Mixed,0
196,163,65,1.15,23.7,25.5,4.8,6,3,1,Mixed,3
193,156,67,0.52,26.8,18.0,3.1,2,0,0,Strength,0
165,131,68,1.37,10.2,25.8,3.7,7,3,1,Cardio,3
164,132,58,0.54,26.5,28.4,3.4,3,1,0,Strength,1
163,139,67,1.12,22.6,18.0,4.6,6,2,1,Mixed,2
163,148,62,1.24,12.9,25.5,3.9,5,2,1,HIIT,2
191,150,74,0.28,31.0,29.4,2.2,3,0,0,Cardio,0
198,179,69,0.73,15.3,30.7,3.0,3,1,0,HIIT,1
194,163,73,0.68,19.7,22.0,4.0,5,1,0,Mixed,1
175,135,60,0.89,21.7,27.1,3.0,4,1,0,Cardio,1
188,170,70,0.46,25.9,29.7,2.6,3,1,0,HIIT,1
185,168,76,0.47,27.2,25.6,3.1,2,0,0,HIIT,0
187,135,72,0.4,14.5,29.1,3.9,2,0,0,Yoga,0
180,142,69,0.58,18.0,23.9,2.9,3,1,0,Cardio,1
186,169,72,0.49,30.8,25.6,2.9,3,0,0,HIIT,0
192,147,63,1.33,16.5,21.5,3.4,7,3,1,Cardio,3
192,138,72,0.66,19.0,23.3,3.9,4,1,0,Yoga,1
184,145,71,0.57,15.4,25.7,2.8,3,1,0,Cardio,1
179,164,78,0.74,29.7,21.2,3.3,3,0,0,HIIT,0
186,170,76,1.2,25.4,23.1,3.5,4,1,0,HIIT,1
161,120,70,0.73,28.3,27.0,3.9,2,0,0,Yoga,0
160,135,76,0.98,12.4,32.2,3.3,4,2,1,Strength,2
184,158,77,0.68,24.0,18.0,4.2,3,0,0,Mixed,0
191,159,62,0.76,16.3,31.9,3.9,6,2,1,Mixed,2
187,171,81,0.94,21.9,23.0,3.6,5,1,0,HIIT,1
195,148,63,1.16,16.9,27.9,3.2,4,2,1,Cardio,2
181,147,69,0.65,27.8,28.6,3.6,3,0,0,Strength,0
194,139,72,0.68,28.2,30.3,3.9,2,0,0,Yoga,0
190,161,72,0.6,19.8,21.1,4.2,3,0,0,Mixed,0
167,139,75,0.83,16.8,23.1,3.9,5,1,1,Strength,1
183,134,74,0.57,23.0,23.8,3.5,2,0,0,Yoga,0
161,148,76,0.8,27.2,22.6,3.6,2,0,0,HIIT,0
196,141,75,0.55,26.7,29.3,3.3,2,0,0,Yoga,0
173,142,71,1.09,16.5,23.7,4.2,4,2,1,Strength,2
170,124,68,0.92,26.2,18.0,3.4,4,1,0,Yoga,1
181,138,59,1.1,17.5,21.5,2.8,7,3,1,Cardio,3
195,156,67,0.69,20.9,18.0,4.0,4,1,0,Strength,1
187,158,73,1.12,25.5,23.1,4.6,2,0,0,Mixed,0
179,151,68,0.94,24.0,26.7,3.9,6,2,1,Mixed,2
178,162,74,0.95,23.4,21.4,3.8,3,1,0,HIIT,1
157,134,78,0.92,21.7,22.4,3.9,3,1,0,Strength,1
172,133,59,1.19,14.3,22.9,3.1,7,3,1,Cardio,3
156,134,69,0.99,19.4,24.6,4.5,3,1,1,Mixed,1
200,155,72,0.58,24.4,26.1,2.9,4,1,0,Cardio,1
179,144,63,1.04,12.1,27.2,3.7,5,2,1,Strength,2
199,158,62,0.75,20.0,33.0,3.3,6,2,1,Strength,2
166,133,72,0.71,19.5,24.5,2.3,3,1,0,Cardio,1
177,151,73,0.76,15.6,26.9,4.0,2,0,0,Mixed,0
188,169,59,1.23,8.2,18.0,3.4,7,3,1,HIIT,3
161,139,73,0.78,29.4,22.5,4.0,4,1,0,Mixed,1
189,138,77,0.44,27.9,22.9,3.6,2,0,0,Yoga,0
195,139,70,1.31,10.1,19.9,4.8,5,3,1,Yoga,3
179,145,65,1.15,15.4,21.9,4.2,6,3,1,Strength,3
171,156,71,0.68,26.8,23.6,3.2,2,0,0,HIIT,0
174,128,73,0.77,19.7,22.0,3.6,2,0,0,Yoga,0
180,138,58,0.84,14.5,34.4,2.9,6,2,1,Cardio,2
179,152,70,0.83,23.1,26.0,4.5,2,0,0,Mixed,0
162,150,81,0.68,26.3,32.0,3.1,2,0,0,HIIT,0
194,173,59,1.5,20.8,30.0,3.6,7,3,1,HIIT,3
165,150,63,0.66,19.5,21.4,2.9,5,1,0,HIIT,1
178,141,55,1.2,19.0,24.2,3.7,5,2,1,Strength,2
182,145,58,1.56,18.1,22.3,4.5,4,2,1,Strength,2
169,131,61,1.15,22.4,23.4,3.2,5,2,1,Cardio,2
166,129,60,1.25,14.4,20.1,3.8,7,3,1,Cardio,3
157,130,68,0.95,24.1,22.2,3.7,4,1,0,Strength,1
171,125,68,1.43,26.1,25.4,4.6,7,2,1,Yoga,2
171,143,60,0.64,19.4,25.3,4.2,5,2,1,Mixed,2
188,157,66,0.81,22.8,25.0,4.3,7,3,1,Mixed,3
185,167,64,0.98,15.2,23.8,3.7,4,2,1,HIIT,2
171,133,62,1.24,14.9,27.4,3.5,7,3,1,Cardio,3
174,128,72,0.65,34.5,23.0,3.7,3,0,0,Yoga,0
190,163,80,0.75,25.7,29.6,3.9,3,0,0,Mixed,0
171,156,68,0.62,21.4,18.0,2.9,3,0,0,HIIT,0
163,149,69,0.6,31.7,26.6,3.0,3,0,0,HIIT,0
186,145,70,0.56,18.6,26.0,3.1,2,0,0,Cardio,0
205,174,81,0.33,26.5,21.3,3.3,3,0,0,Mixed,0
197,162,59,1.3,16.5,22.6,4.4,7,3,1,Mixed,3
161,120,70,0.77,25.2,25.9,3.4,3,0,0,Yoga,0
180,141,69,0.92,33.5,27.7,3.1,3,1,0,Cardio,1
183,142,66,0.99,17.4,18.0,3.1,4,2,1,Cardio,2
179,146,70,0.49,27.5,26.5,2.8,3,0,0,Strength,0
164,142,76,0.63,28.5,22.2,3.6,2,0,0,Mixed,0
172,143,74,0.76,25.7,28.5,3.6,2,0,0,Strength,0
192,138,72,0.56,31.6,18.0,3.4,3,0,0,Yoga,0
164,148,55,1.01,22.7,33.8,4.1,5,3,1,HIIT,3
170,133,64,1.2,11.1,20.5,3.5,5,3,1,Cardio,3
176,146,58,1.53,15.3,29.7,4.9,7,3,1,Mixed,3
157,127,55,1.38,13.3,23.7,4.2,7,3,1,Strength,3
190,173,77,0.44,30.0,20.7,2.7,2,0,0,HIIT,0
196,138,67,1.24,15.1,25.1,4.2,5,2,1,Yoga,2
196,164,70,0.79,22.8,28.1,3.6,6,2,1,Mixed,2
159,135,62,1.43,13.9,18.0,5.0,7,3,1,Mixed,3
200,156,76,0.52,26.7,26.8,2.8,2,0,0,Cardio,0
168,133,68,0.8,27.1,24.0,3.6,5,1,0,Cardio,1
170,141,73,0.39,31.1,26.3,2.9,3,0,0,Strength,0
196,161,78,0.9,25.7,24.0,3.8,3,0,0,Strength,0
156,115,64,0.85,25.6,21.7,3.9,6,2,1,Yoga,2
168,153,68,0.44,25.3,19.5,3.0,2,0,0,HIIT,0
186,133,68,0.7,24.1,26.7,3.8,3,1,0,Yoga,1
204,170,70,0.73,16.4,26.7,4.4,4,1,0,Mixed,1
171,140,65,0.73,18.8,26.6,3.1,2,0,0,Strength,0
199,145,79,0.44,21.6,25.7,3.2,2,0,0,Yoga,0
183,128,60,1.23,11.0,27.8,4.4,7,3,1,Yoga,3
183,139,58,1.2,15.3,29.6,3.6,6,2,1,Cardio,2
170,122,64,1.3,20.3,18.0,4.8,4,2,1,Yoga,2
205,183,59,1.25,17.0,18.0,3.6,7,3,1,HIIT,3
169,129,80,0.46,24.3,30.9,2.8,2,0,0,Yoga,0
162,150,80,0.62,26.4,18.6,3.4,2,0,0,HIIT,0
194,177,80,0.25,29.5,19.7,2.5,3,0,0,HIIT,0
203,170,72,0.73,17.5,22.8,3.9,3,1,0,Mixed,1
163,119,67,0.52,20.2,18.0,3.5,4,1,0,Yoga,1
190,154,70,0.43,21.7,22.5,3.2,3,0,0,Strength,0
160,138,71,0.51,24.1,20.2,3.9,3,0,0,Mixed,0
179,139,65,1.25,19.3,23.1,3.4,5,2,1,Cardio,2
176,128,70,0.82,28.3,25.1,3.7,3,1,0,Yoga,1
188,157,65,1.08,13.0,22.6,4.8,5,3,1,Mixed,3
194,152,74,0.35,32.3,22.4,2.3,2,0,0,Cardio,0
205,169,60,0.68,22.7,25.0,4.1,5,1,1,Mixed,1
192,159,59,1.04,18.3,28.2,4.8,6,2,1,Mixed,2
181,149,55,1.19,8.0,30.4,5.0,7,3,1,Mixed,3
195,176,70,0.73,28.9,23.1,2.8,3,0,0,HIIT,0
181,127,61,0.71,16.2,31.3,3.8,2,0,0,Yoga,0
195,156,83,0.25,27.2,27.5,1.8,3,0,0,Cardio,0
197,133,55,1.05,13.4,19.1,4.2,7,2,1,Yoga,2
178,150,67,1.19,22.3,19.0,4.9,4,1,1,Mixed,1
156,144,73,1.21,29.4,21.7,3.7,4,1,0,HIIT,1
205,167,78,0.68,26.0,29.8,3.2,2,0,0,Strength,0
204,169,63,0.62,30.4,22.0,3.7,4,1,0,Mixed,1
182,151,81,0.65,28.4,18.0,2.9,3,0,0,Strength,0
201,181,65,1.5,15.4,23.1,4.0,7,3,1,HIIT,3
190,171,64,1.33,15.9,18.0,3.9,6,2,1,HIIT,2
202,162,70,0.55,29.7,19.8,4.0,5,1,0,Strength,1
179,162,65,0.63,20.3,21.7,3.2,4,1,0,HIIT,1
170,142,76,0.62,22.2,24.6,3.5,2,0,0,Strength,0
167,152,71,0.93,24.7,28.1,2.7,5,1,0,HIIT,1
165,137,73,0.56,25.8,26.8,3.6,3,0,0,Strength,0
184,149,68,0.97,18.0,19.3,3.9,5,2,1,Strength,2
168,125,72,0.75,24.5,22.5,4.5,5,1,0,Yoga,1
178,164,85,0.63,16.0,24.3,2.8,2,0,0,HIIT,0
189,134,65,0.88,24.0,23.0,3.4,3,1,0,Yoga,1
198,146,82,0.54,28.3,22.9,3.7,3,0,0,Yoga,0
185,151,71,0.58,29.5,18.0,3.6,3,0,0,Strength,0
190,158,63,1.19,16.5,19.4,5.0,5,3,1,Mixed,3
203,159,57,0.78,25.4,22.4,3.8,5,1,1,Strength,1
197,177,67,0.69,18.1,18.0,3.1,5,1,0,HIIT,1
163,136,72,0.84,16.4,26.6,3.7,4,1,0,Strength,1
177,140,71,0.62,15.0,18.5,2.6,5,1,0,Cardio,1
179,161,60,0.68,30.2,26.7,3.8,3,1,0,HIIT,1
175,149,73,0.26,32.6,26.4,3.9,2,0,0,Mixed,0
204,160,77,0.69,23.2,21.8,2.5,3,1,0,Cardio,1
174,143,70,1.02,20.1,28.0,4.0,5,2,1,Strength,2
197,157,65,1.32,14.6,27.0,4.7,7,3,1,Strength,3
165,145,85,0.64,28.6,22.8,3.9,2,0,0,Mixed,0
200,160,66,0.94,26.1,22.3,3.8,2,0,0,Strength,0
165,138,58,1.38,10.4,28.4,4.5,7,3,1,Mixed,3
189,148,70,0.95,31.8,24.9,3.0,3,1,0,Cardio,1
190,157,56,1.06,18.6,28.2,4.4,5,3,1,Mixed,3
165,142,71,0.75,12.7,18.0,4.2,5,1,1,Mixed,1
181,165,77,0.54,22.6,24.4,3.2,3,1,0,HIIT,1
179,133,76,0.81,29.8,18.0,3.8,2,0,0,Yoga,0
168,153,64,0.79,25.5,23.9,3.3,2,0,0,HIIT,0
166,124,73,0.84,20.5,26.9,4.1,4,1,0,Yoga,1
171,138,75,0.66,26.4,31.0,2.8,3,0,0,Cardio,0
164,127,59,1.04,17.6,20.2,3.3,3,1,1,Cardio,1
168,136,62,0.97,19.0,21.9,3.9,4,2,1,Strength,2
179,162,66,0.41,35.3,23.6,2.9,3,0,0,HIIT,0
172,142,74,0.7,23.8,20.1,3.9,3,0,0,Strength,0
188,149,57,1.53,16.4,27.9,3.8,7,3,1,Strength,3
171,124,67,0.36,31.7,23.7,3.4,3,0,0,Yoga,0
191,173,71,0.58,21.8,24.5,2.3,5,1,0,HIIT,1
164,148,60,1.21,22.2,26.5,3.8,6,2,1,HIIT,2
195,161,82,0.89,32.6,23.7,3.5,3,0,0,Strength,0
170,139,66,1.11,18.4,20.7,3.3,4,2,1,Strength,2
205,164,69,0.82,19.9,23.7,3.9,3,1,0,Strength,1
193,143,81,0.54,27.3,20.6,3.7,2,0,0,Yoga,0
175,124,61,1.33,20.6,24.4,4.9,7,3,1,Yoga,3
166,143,72,0.84,21.1,28.0,3.6,5,1,0,Mixed,1
161,129,70,0.77,18.8,19.3,2.8,3,1,0,Cardio,1
203,183,68,0.74,22.8,18.0,3.5,4,1,0,HIIT,1
189,172,77,0.56,34.5,24.2,2.8,2,0,0,HIIT,0
167,137,83,0.77,32.4,20.9,2.6,3,0,0,Cardio,0
205,161,58,0.55,23.0,24.1,3.4,3,0,0,Strength,0
175,161,84,0.73,25.1,25.3,3.3,2,0,0,HIIT,0
191,173,70,0.91,30.9,18.0,3.0,2,0,0,HIIT,0
166,139,76,0.64,30.7,26.8,3.5,3,0,0,Strength,0
187,169,66,0.98,29.5,19.3,3.2,3,0,0,HIIT,0
185,139,82,0.59,17.7,23.9,4.1,3,0,0,Yoga,0
176,135,58,0.6,10.5,21.4,2.4,6,2,1,Cardio,2
193,142,81,0.87,20.5,21.8,3.5,3,0,0,Yoga,0
158,118,69,0.68,25.0,30.8,4.0,5,1,0,Yoga,1
194,175,69,0.76,23.4,25.3,3.1,3,1,0,HIIT,1
176,123,59,0.75,13.1,27.6,4.3,7,2,1,Yoga,2
199,168,76,0.68,24.1,24.6,4.9,5,1,0,Mixed,1
173,122,59,1.11,16.0,26.5,4.5,7,3,1,Yoga,3
200,181,74,0.69,22.4,25.7,3.1,3,1,0,HIIT,1
181,146,65,0.69,19.6,25.0,3.4,2,0,0,Strength,0
198,159,66,0.81,19.0,28.4,3.4,3,1,0,Strength,1
182,164,66,1.41,15.8,24.6,4.0,5,2,1,HIIT,2
170,121,62,0.69,21.2,33.1,4.2,5,1,1,Yoga,1
182,143,72,0.77,23.6,27.8,3.0,4,1,0,Cardio,1
197,136,62,1.32,20.0,19.4,4.9,6,2,1,Yoga,2
186,135,71,0.25,29.4,23.3,3.2,3,0,0,Yoga,0
156,123,63,1.27,12.3,25.6,3.9,6,3,1,Cardio,3
179,131,71,0.85,27.0,24.2,4.1,4,1,0,Yoga,1
171,123,64,0.78,22.0,26.7,4.0,4,1,1,Yoga,1
201,167,66,1.01,8.0,27.2,5.4,7,3,1,Mixed,3
197,165,68,1.23,13.0,18.6,5.0,5,2,1,Mixed,2
196,176,60,0.57,20.4,29.1,2.9,5,1,0,HIIT,1
170,120,58,1.03,17.4,22.0,4.0,5,3,1,Yoga,3
160,134,72,0.6,17.5,21.6,3.5,5,1,0,Strength,1
179,146,69,0.61,26.2,21.6,3.2,3,1,0,Strength,1
189,169,55,1.42,9.1,27.2,3.8,6,3,1,HIIT,3
202,171,75,0.93,18.8,22.9,4.7,2,0,0,Mixed,0
187,170,74,0.84,15.3,21.3,3.3,4,1,0,HIIT,1
175,160,75,0.36,26.6,22.3,2.5,2,0,0,HIIT,0
167,136,65,0.72,20.1,18.0,2.9,7,2,1,Strength,2
185,159,80,0.75,29.6,20.6,4.8,2,0,0,Mixed,0
193,159,57,0.84,18.8,19.0,4.1,4,2,1,Mixed,2
179,134,79,0.25,21.0,22.9,3.1,2,0,0,Yoga,0
162,149,77,0.39,29.4,26.7,2.7,2,0,0,HIIT,0
199,134,55,1.27,10.4,26.2,4.3,6,3,1,Yoga,3
164,134,78,0.25,28.1,29.0,2.3,3,0,0,Cardio,0
184,154,84,0.58,33.2,28.1,3.7,3,0,0,Strength,0
195,154,77,1.03,27.8,21.9,3.3,3,0,0,Cardio,0
170,134,68,1.05,16.1,24.1,3.0,7,2,1,Cardio,2
181,138,60,1.04,27.6,23.9,2.9,7,2,1,Cardio,2
189,156,57,0.87,16.9,18.0,3.8,5,3,1,Mixed,3
152,115,70,0.78,27.9,19.1,3.6,3,0,0,Yoga,0
179,131,72,1.29,14.7,23.3,4.9,5,1,1,Yoga,1
186,167,62,0.87,16.0,23.3,3.6,6,2,1,HIIT,2
197,177,67,0.92,23.2,26.0,3.7,3,1,0,HIIT,1
205,185,69,1.13,19.5,25.9,4.2,5,2,1,HIIT,2
177,141,73,0.83,17.7,18.0,2.7,6,2,1,Cardio,2
200,163,75,0.25,25.6,26.1,2.8,2,0,0,Strength,0
172,141,67,0.52,25.2,24.7,3.0,2,0,0,Strength,0
179,145,65,1.3,24.3,26.5,4.0,6,2,1,Strength,2
196,140,71,0.71,18.3,28.3,3.7,5,1,0,Yoga,1
203,171,74,0.91,18.9,23.4,4.2,4,1,0,Mixed,1
192,155,68,1.03,24.2,29.0,4.3,3,1,0,Strength,1
195,159,74,0.35,18.0,20.4,3.0,3,1,0,Strength,1
197,166,74,0.48,26.2,20.2,3.4,5,1,0,Mixed,1
185,168,74,0.76,30.8,25.7,3.2,3,0,0,HIIT,0
191,139,74,0.4,24.4,22.5,3.3,5,1,0,Yoga,1
171,130,80,0.25,26.7,25.0,3.2,2,0,0,Yoga,0
173,145,60,1.1,18.0,32.0,4.5,5,2,1,Mixed,2
166,132,70,0.93,16.0,25.6,3.4,6,2,1,Cardio,2
174,127,69,0.95,25.1,24.8,3.8,3,1,0,Yoga,1
176,139,69,0.77,25.4,20.5,3.0,3,1,0,Cardio,1
169,155,74,0.44,25.0,18.0,2.7,2,0,0,HIIT,0
181,136,81,0.53,26.5,23.7,4.1,3,0,0,Yoga,0
193,143,81,0.77,9.7,28.3,3.7,2,0,0,Yoga,0
162,149,77,0.83,34.1,22.7,3.6,3,0,0,HIIT,0
205,163,66,0.86,15.7,25.6,3.7,5,2,1,Strength,2
192,152,59,1.07,14.8,29.7,3.5,7,3,1,Strength,3
196,179,85,0.58,21.6,29.6,2.8,3,0,0,HIIT,0
205,172,72,0.53,33.4,25.7,4.0,2,0,0,Mixed,0
185,141,58,1.36,19.4,24.7,3.6,6,3,1,Cardio,3
197,165,67,1.02,17.3,18.0,4.4,7,2,1,Mixed,2
185,155,65,0.74,18.6,21.5,4.0,4,1,1,Mixed,1
176,126,65,1.44,11.7,22.9,3.9,7,3,1,Yoga,3
195,148,63,0.47,21.3,20.6,2.1,4,1,0,Cardio,1
205,169,61,1.04,19.1,25.0,4.7,7,2,1,Mixed,2
198,157,63,1.13,23.7,31.6,3.6,6,2,1,Strength,2
187,158,70,0.25,21.7,30.1,3.5,2,0,0,Mixed,0
174,144,75,0.7,18.4,25.0,3.6,3,1,0,Strength,1
181,147,68,0.58,19.9,27.1,3.3,2,0,0,Strength,0
180,140,65,0.43,20.8,21.1,2.9,3,1,0,Cardio,1
188,136,72,0.9,25.2,29.9,3.4,3,0,0,Yoga,0
193,157,74,1.13,26.7,18.0,4.1,4,1,0,Strength,1
169,155,77,0.77,24.2,27.7,3.4,5,1,0,HIIT,1
176,132,78,0.47,18.7,26.0,3.7,2,0,0,Yoga,0
186,168,68,0.28,25.5,21.0,2.6,2,0,0,HIIT,0
170,137,62,0.97,16.4,23.2,3.4,6,2,1,Strength,2
187,154,78,0.8,23.3,19.5,4.0,5,1,0,Strength,1
181,141,65,1.26,20.2,19.6,3.8,5,2,1,Cardio,2
203,181,58,1.35,16.8,18.0,4.0,7,2,1,HIIT,2
183,158,85,0.53,24.8,27.1,4.2,2,0,0,Mixed,0
177,149,67,0.73,19.8,28.8,4.4,4,1,0,Mixed,1
195,136,65,0.66,21.1,18.0,3.9,7,2,1,Yoga,2
185,132,67,0.61,25.4,31.4,3.6,3,1,0,Yoga,1
181,144,55,1.17,18.3,24.0,4.2,7,3,1,Strength,3
160,147,76,0.69,31.5,25.2,3.0,4,1,0,HIIT,1
198,154,71,0.91,17.9,18.1,2.6,4,1,0,Cardio,1
201,154,67,1.25,17.4,29.3,3.8,7,2,1,Cardio,2
199,140,69,0.5,27.3,24.8,4.0,3,0,0,Yoga,0
177,150,69,1.08,22.2,28.6,4.2,5,1,1,Mixed,1
194,157,72,0.87,25.8,28.9,3.0,3,0,0,Strength,0
181,148,71,0.49,26.8,29.3,2.8,3,0,0,Strength,0
195,165,77,0.55,26.9,21.4,4.0,3,0,0,Mixed,0
166,151,68,0.77,27.9,23.2,3.3,5,1,0,HIIT,1
182,154,68,1.29,19.8,21.6,5.0,6,2,1,Mixed,2
201,146,79,0.74,30.2,27.6,3.8,2,0,0,Yoga,0
179,150,63,1.07,20.0,25.3,5.0,4,2,1,Mixed,2
170,142,77,0.98,31.4,28.3,3.8,3,0,0,Strength,0
180,142,73,0.78,26.4,28.5,3.2,3,0,0,Cardio,0
168,151,56,1.66,17.5,18.0,4.2,6,3,1,HIIT,3
194,138,70,0.53,31.5,29.4,3.1,3,0,0,Yoga,0
190,150,75,0.46,21.8,27.8,2.6,2,0,0,Cardio,0
160,137,71,0.34,30.4,22.5,3.1,3,0,0,Mixed,0
163,135,82,0.61,17.6,25.4,2.6,3,0,0,Cardio,0
165,152,78,1.01,28.1,23.5,3.3,3,1,0,HIIT,1
182,166,77,0.51,30.8,26.5,2.6,2,0,0,HIIT,0
205,185,71,0.74,22.3,22.5,3.1,3,1,0,HIIT,1
190,154,70,0.94,24.4,25.9,3.8,4,1,0,Strength,1
194,177,82,0.35,20.1,24.3,2.6,3,1,0,HIIT,1
183,132,70,0.97,8.0,22.3,3.9,7,3,1,Yoga,3
178,152,74,1.03,33.5,24.8,4.5,3,0,0,Mixed,0
174,127,69,0.48,28.2,34.8,3.3,4,1,0,Yoga,1
193,163,72,1.2,16.5,21.3,4.3,5,1,1,Mixed,1
203,163,69,0.57,25.1,23.0,3.3,3,0,0,Strength,0
165,133,56,1.22,22.7,21.3,4.6,6,2,1,Strength,2
200,139,63,0.79,19.6,21.7,3.6,4,1,1,Yoga,1
168,154,73,0.33,22.4,27.3,3.2,2,0,0,HIIT,0
190,154,70,0.7,27.0,26.9,3.1,3,0,0,Strength,0
168,146,82,0.37,27.6,24.0,3.5,3,0,0,Mixed,0
195,160,58,0.9,19.5,28.1,4.2,6,2,1,Mixed,2
161,115,58,0.74,18.0,27.2,3.5,6,2,1,Yoga,2
170,121,61,0.33,18.5,23.4,3.1,4,1,0,Yoga,1
174,159,72,0.32,32.3,18.0,2.6,3,0,0,HIIT,0
181,164,68,0.96,26.1,27.3,3.2,3,1,0,HIIT,1
205,142,65,1.08,15.8,24.7,3.9,5,2,1,Yoga,2
201,155,70,0.77,20.3,24.1,3.4,4,1,0,Cardio,1
204,158,72,0.54,27.4,22.1,2.8,3,0,0,Cardio,0
160,137,70,0.79,25.8,27.0,4.3,3,0,0,Mixed,0
187,171,77,0.82,24.8,25.4,3.5,3,0,0,HIIT,0
184,144,71,0.4,31.8,23.1,2.8,2,0,0,Cardio,0
184,167,69,1.12,16.6,19.1,3.3,6,2,1,HIIT,2
179,151,68,1.09,28.6,28.3,4.6,3,0,0,Mixed,0
181,143,56,1.08,13.9,26.4,3.8,7,3,1,Strength,3
195,143,80,1.15,19.0,25.0,3.8,5,1,0,Yoga,1
179,164,81,0.86,21.4,18.0,3.9,4,1,0,HIIT,1
199,165,63,1.19,26.6,23.8,4.3,5,1,1,Mixed,1
192,153,81,0.89,18.7,23.0,2.8,3,0,0,Cardio,0
185,159,83,0.82,27.3,21.5,3.9,2,0,0,Mixed,0
183,165,65,1.2,12.7,27.0,3.9,6,3,1,HIIT,3
161,138,70,0.85,22.5,26.9,4.0,5,1,1,Mixed,1
193,135,65,0.49,30.4,25.7,3.4,3,0,0,Yoga,0
179,153,75,0.34,23.2,28.2,3.4,2,0,0,Mixed,0
185,158,77,0.25,16.6,19.9,3.8,2,0,0,Mixed,0
178,132,76,0.83,22.9,22.2,3.9,3,0,0,Yoga,0
176,151,77,0.45,27.7,24.3,3.9,2,0,0,Mixed,0
169,155,71,0.7,20.9,21.5,3.0,2,0,0,HIIT,0
191,146,63,0.97,13.9,26.9,3.2,6,2,1,Cardio,2
180,136,55,1.11,17.6,21.9,3.4,6,2,1,Cardio,2
184,147,79,0.66,24.4,29.2,2.6,3,0,0,Cardio,0
178,128,66,0.53,21.1,20.3,3.8,4,1,0,Yoga,1
154,118,74,0.29,24.8,32.5,3.6,3,0,0,Yoga,0
198,143,76,0.25,16.3,32.1,3.2,2,0,0,Yoga,0
180,163,67,0.85,18.1,23.6,3.4,4,1,0,HIIT,1
189,150,60,1.42,16.7,28.6,4.0,7,2,1,Strength,2
182,166,76,0.44,21.1,22.4,2.0,2,0,0,HIIT,0
169,131,61,1.07,18.3,28.1,3.8,3,1,1,Cardio,1
194,148,64,0.87,22.4,23.3,3.1,7,3,1,Cardio,3
188,152,68,0.67,19.4,18.9,3.2,5,2,1,Strength,2
196,141,72,0.49,28.2,18.0,3.8,2,0,0,Yoga,0
164,132,73,0.55,22.6,22.9,2.5,2,0,0,Cardio,0
179,160,55,1.42,9.6,25.1,3.8,7,3,1,HIIT,3
172,147,73,0.57,32.8,29.3,3.6,3,0,0,Mixed,0
185,150,69,0.58,26.7,24.1,3.4,3,1,0,Strength,1
192,161,68,0.75,15.4,28.0,4.0,5,1,1,Mixed,1
181,150,77,1.01,14.7,22.2,3.8,5,1,1,Strength,1
164,135,66,0.44,28.0,22.7,3.2,2,0,0,Strength,0
189,169,60,1.03,15.9,28.2,3.6,4,2,1,HIIT,2
164,134,79,0.49,25.5,18.0,1.7,3,0,0,Cardio,0
168,128,80,0.74,20.6,24.1,4.2,3,1,0,Yoga,1
192,148,66,0.89,24.1,22.4,3.4,4,1,0,Cardio,1
159,139,80,0.51,25.4,29.4,3.7,2,0,0,Mixed,0
190,144,59,0.58,17.3,21.9,2.4,4,2,1,Cardio,2
191,157,58,1.14,11.7,26.1,4.0,7,3,1,Mixed,3
197,135,60,1.08,16.8,27.7,4.1,7,3,1,Yoga,3
190,137,72,0.58,27.4,18.0,3.7,3,0,0,Yoga,0
189,153,68,0.8,25.7,23.4,3.9,5,1,0,Strength,1
184,140,58,1.42,23.7,22.3,4.4,4,2,1,Cardio,2
199,180,73,0.76,21.5,27.8,2.8,4,1,0,HIIT,1
162,147,61,1.14,17.3,26.7,3.8,6,2,1,HIIT,2
183,126,57,1.12,10.5,23.1,4.5,5,3,1,Yoga,3
182,132,71,0.69,30.4,19.8,3.6,3,0,0,Yoga,0
185,154,61,0.95,18.9,28.2,4.6,5,2,1,Mixed,2
205,160,76,0.5,24.2,23.7,2.4,3,0,0,Cardio,0
157,133,60,1.32,13.1,18.0,4.9,7,3,1,Mixed,3
168,141,78,1.07,17.6,18.0,3.8,4,2,1,Strength,2
150,122,69,1.09,18.4,25.8,3.0,3,1,0,Cardio,1
186,131,64,0.92,22.0,18.9,3.9,5,2,1,Yoga,2
166,124,72,0.93,19.2,31.4,3.9,7,2,1,Yoga,2
182,143,71,0.65,24.7,20.3,2.6,3,1,0,Cardio,1
176,141,60,1.16,8.4,24.0,3.8,5,3,1,Strength,3
195,165,74,0.66,26.4,24.6,3.9,2,0,0,Mixed,0
177,142,61,1.22,8.9,21.1,4.4,6,3,1,Strength,3
165,152,80,0.8,26.4,18.0,3.1,3,0,0,HIIT,0
164,133,77,0.75,22.0,24.8,2.8,5,1,0,Cardio,1
176,133,80,0.37,19.6,21.0,3.5,2,0,0,Yoga,0
158,146,77,0.44,21.3,24.5,2.9,2,0,0,HIIT,0
169,140,71,0.58,22.8,23.5,3.4,4,1,0,Strength,1
159,137,85,0.47,31.8,25.1,3.3,2,0,0,Strength,0
168,118,58,1.35,21.1,30.2,3.9,5,3,1,Yoga,3
168,154,78,0.39,21.8,21.8,3.2,3,0,0,HIIT,0
172,145,81,0.54,36.9,22.1,3.3,2,0,0,Strength,0
203,169,65,1.4,15.3,18.0,4.9,7,3,1,Mixed,3
189,157,61,0.77,17.0,23.2,4.4,7,2,1,Mixed,2
187,160,79,1.06,15.2,25.6,3.8,4,2,1,Mixed,2
176,162,83,0.54,28.7,22.1,3.2,3,0,0,HIIT,0
193,138,70,1.04,26.1,25.7,3.7,4,2,1,Yoga,2
159,126,65,0.74,20.3,23.3,2.7,3,1,0,Cardio,1
168,142,65,0.95,12.6,18.8,4.5,6,3,1,Mixed,3
194,131,55,0.63,19.7,25.2,3.9,6,2,1,Yoga,2
191,153,64,0.99,14.5,23.2,3.9,5,2,1,Strength,2
201,154,66,0.96,21.2,24.5,2.6,6,2,1,Cardio,2
198,159,68,0.76,15.0,21.7,3.4,4,1,0,Strength,1
182,166,73,1.12,15.6,21.4,3.3,7,2,1,HIIT,2
173,158,71,0.87,27.8,24.6,3.5,5,1,0,HIIT,1
187,169,70,0.33,28.2,23.1,2.9,3,0,0,HIIT,0
194,142,79,0.87,29.7,30.9,3.7,2,0,0,Yoga,0
161,136,77,0.58,24.3,27.2,3.4,3,0,0,Strength,0
200,179,56,0.66,11.4,26.2,3.1,4,2,1,HIIT,2
197,179,77,0.79,26.0,23.3,3.6,3,1,0,HIIT,1
201,181,71,0.42,30.5,18.0,1.8,5,1,0,HIIT,1
183,149,70,0.94,10.9,20.8,3.8,7,2,1,Strength,2
193,175,72,1.32,18.7,21.4,4.3,3,1,1,HIIT,1
197,154,73,0.92,27.6,22.9,3.1,2,0,0,Cardio,0
179,148,77,0.58,24.8,23.9,3.2,2,0,0,Strength,0
205,185,74,1.02,31.1,26.6,3.2,2,0,0,HIIT,0
167,140,76,0.74,27.5,25.1,3.8,2,0,0,Strength,0
179,154,78,0.68,30.7,28.6,4.0,2,0,0,Mixed,0
178,140,71,0.87,21.3,22.8,3.0,3,1,0,Cardio,1
171,143,77,1.03,27.0,25.0,3.7,2,0,0,Strength,0
178,141,73,0.87,22.3,25.4,3.4,2,0,0,Cardio,0
172,120,57,1.14,14.2,25.0,4.0,7,3,1,Yoga,3
194,174,64,1.59,11.3,29.1,4.3,6,3,1,HIIT,3
179,133,77,0.82,27.4,27.2,3.5,5,1,0,Yoga,1
173,128,72,0.78,27.0,18.7,3.2,3,0,0,Yoga,0
205,143,67,1.28,20.5,23.5,4.1,5,2,1,Yoga,2
187,150,63,0.56,23.1,23.9,3.2,4,1,0,Strength,1
172,141,84,0.55,29.3,32.6,2.7,2,0,0,Cardio,0
172,157,76,1.16,19.9,22.7,3.8,3,1,0,HIIT,1
180,148,72,0.4,24.8,20.1,3.7,3,0,0,Strength,0
164,148,58,1.36,15.3,25.8,4.3,7,3,1,HIIT,3
174,138,71,1.18,12.2,26.0,3.2,4,2,1,Cardio,2
188,137,76,0.33,25.1,23.7,3.5,3,0,0,Yoga,0
182,155,73,0.32,23.1,23.1,2.9,4,1,0,Mixed,1
175,158,65,0.73,18.8,27.8,3.0,5,1,0,HIIT,1
185,148,63,1.32,22.3,20.6,3.3,7,3,1,Strength,3
194,138,69,0.54,20.0,22.6,3.9,3,1,0,Yoga,1
186,170,76,0.61,27.8,21.9,3.2,2,0,0,HIIT,0
187,153,73,0.89,28.1,28.4,3.6,2,0,0,Strength,0
198,180,74,0.8,32.8,25.1,3.7,2,0,0,HIIT,0
183,152,61,1.69,14.0,19.7,5.3,6,3,1,Mixed,3
173,139,57,0.98,22.6,20.1,4.1,5,3,1,Strength,3
174,147,85,0.96,22.7,31.5,3.4,2,0,0,Strength,0
162,135,70,0.42,27.7,28.3,2.8,3,0,0,Strength,0
169,135,72,0.38,25.1,27.4,2.2,4,1,0,Cardio,1
198,178,67,1.07,21.4,24.0,3.0,6,2,1,HIIT,2
179,144,79,0.53,35.3,30.0,2.8,3,0,0,Cardio,0
160,145,57,0.95,17.7,19.6,3.9,4,1,1,HIIT,1
198,165,67,0.78,23.8,27.0,3.7,3,0,0,Mixed,0
171,156,72,0.63,18.5,22.2,2.8,3,0,0,HIIT,0
181,131,70,0.97,26.2,23.0,4.3,7,2,1,Yoga,2
186,157,69,0.82,23.4,26.9,3.9,3,1,0,Mixed,1
194,156,68,1.09,19.5,23.4,4.2,4,1,1,Strength,1
176,143,65,1.07,12.8,22.3,3.9,6,2,1,Strength,2
182,152,61,1.0,14.4,22.0,4.4,7,2,1,Mixed,2
205,160,77,0.4,26.5,18.0,2.9,3,0,0,Cardio,0
165,137,71,0.82,24.7,27.1,3.1,4,1,0,Strength,1
173,157,68,1.01,15.6,20.0,4.1,4,2,1,HIIT,2
169,141,78,0.61,24.6,31.4,3.4,4,1,0,Strength,1
196,156,64,0.77,15.0,22.8,3.9,4,2,1,Strength,2
195,177,76,0.66,30.7,29.2,3.6,2,0,0,HIIT,0
160,133,70,0.64,29.7,18.0,3.0,2,0,0,Strength,0
170,155,69,0.93,17.1,26.9,3.2,3,0,0,HIIT,0
187,152,70,0.73,20.5,28.0,3.3,5,1,0,Strength,1
169,125,71,0.82,25.3,29.2,3.6,5,1,0,Yoga,1
175,158,63,0.98,17.9,18.0,3.4,5,3,1,HIIT,3
174,144,73,0.28,17.7,21.2,2.9,3,1,0,Strength,1
203,157,71,0.51,22.6,26.3,2.7,3,1,0,Cardio,1
158,120,73,1.27,12.3,24.6,4.7,5,2,1,Yoga,2
189,135,68,1.19,17.1,25.2,4.6,4,1,1,Yoga,1
205,156,64,1.11,15.5,22.6,3.7,6,2,1,Cardio,2
166,121,66,1.05,18.2,30.2,4.2,7,2,1,Yoga,2
188,170,64,1.09,22.7,34.4,4.3,5,1,1,HIIT,1
195,143,78,0.43,24.7,24.4,3.3,3,0,0,Yoga,0
192,159,60,0.98,14.6,25.8,4.6,7,3,1,Mixed,3
202,162,70,0.9,28.0,24.2,3.8,5,1,0,Strength,1
184,132,68,1.11,19.4,29.1,4.3,4,2,1,Yoga,2
176,143,67,1.01,23.5,27.3,3.6,7,2,1,Strength,2
198,160,72,0.75,25.6,19.7,4.1,5,1,0,Strength,1
186,169,68,0.72,22.5,21.5,3.2,4,1,0,HIIT,1
205,184,68,1.25,8.0,20.0,4.1,5,3,1,HIIT,3
160,114,58,0.86,17.7,34.8,4.4,4,2,1,Yoga,2
172,144,62,1.46,17.1,26.5,4.9,4,2,1,Mixed,2
185,156,67,0.92,25.4,21.6,4.6,3,1,0,Mixed,1
177,159,56,0.95,15.3,21.3,3.1,7,3,1,HIIT,3
162,146,56,0.81,12.0,27.2,3.1,4,2,1,HIIT,2
161,130,73,0.87,20.1,27.6,3.4,4,2,0,Cardio,2
185,153,78,1.04,29.9,27.2,3.3,3,0,0,Strength,0
158,131,67,0.58,23.6,22.3,3.6,4,1,0,Strength,1
164,138,78,0.77,33.3,25.2,4.0,3,0,0,Strength,0
184,142,64,0.97,15.6,24.4,3.3,6,2,1,Cardio,2
167,138,69,0.75,20.6,20.3,3.7,3,1,0,Strength,1
172,147,70,0.76,22.9,20.3,4.1,3,0,0,Mixed,0
175,143,70,0.84,26.8,25.6,3.8,5,1,0,Strength,1
160,146,67,0.77,25.0,24.8,2.6,3,1,0,HIIT,1
173,133,60,0.66,23.2,26.2,3.2,7,2,1,Cardio,2
194,140,75,0.65,17.8,27.2,3.2,3,1,0,Yoga,1
190,171,66,0.8,26.1,30.0,2.5,4,1,0,HIIT,1
200,155,72,1.12,18.9,20.9,3.4,7,2,1,Cardio,2
188,150,61,0.99,16.8,26.5,4.1,5,2,1,Strength,2
197,154,55,1.06,11.7,27.0,3.5,7,3,1,Strength,3
190,161,73,0.74,23.0,22.8,4.5,5,1,0,Mixed,1
187,150,63,1.43,24.8,24.5,3.9,6,2,1,Strength,2
189,152,67,0.25,25.5,22.9,2.7,2,0,0,Strength,0
183,148,66,0.94,16.3,32.4,3.7,4,2,1,Strength,2
171,137,58,1.25,10.8,24.4,4.4,7,2,1,Strength,2
200,164,55,0.97,13.3,25.8,4.2,4,2,1,Mixed,2
173,150,78,0.45,24.3,22.9,3.8,2,0,0,Mixed,0
205,164,67,1.35,17.4,22.1,4.3,7,3,1,Strength,3
162,136,58,1.39,15.7,18.8,4.0,5,3,1,Mixed,3
178,153,76,1.03,23.8,28.4,4.4,5,1,0,Mixed,1
183,166,74,0.91,24.7,27.1,3.3,4,1,0,HIIT,1
185,130,63,1.42,14.5,22.8,3.9,7,3,1,Yoga,3
181,131,69,0.92,12.7,20.4,4.0,4,1,1,Yoga,1
192,136,67,0.63,23.3,24.7,3.7,3,1,0,Yoga,1
185,157,72,0.79,30.3,22.0,3.7,4,1,0,Mixed,1
195,140,73,0.82,29.2,23.1,4.2,4,1,0,Yoga,1
169,154,64,1.0,19.2,18.9,3.6,4,1,1,HIIT,1
174,127,68,0.7,15.9,24.9,3.8,5,1,1,Yoga,1
163,135,69,0.91,24.9,24.9,3.6,5,1,0,Strength,1
166,139,59,1.48,17.1,28.4,4.8,7,3,1,Mixed,3
188,149,57,0.92,19.4,23.4,4.1,6,3,1,Strength,3
201,151,58,0.64,18.7,22.7,2.9,7,2,1,Cardio,2
183,154,68,0.95,27.6,18.0,4.5,5,1,1,Mixed,1
203,161,64,0.98,20.9,28.4,3.7,6,2,1,Strength,2
164,130,68,1.1,15.4,27.6,2.9,3,1,0,Cardio,1
158,144,68,1.62,12.2,24.1,4.0,7,2,1,HIIT,2
188,150,63,1.08,21.7,18.7,4.1,5,1,1,Strength,1
166,126,76,0.33,27.6,19.1,3.7,2,0,0,Yoga,0
191,172,61,1.2,27.2,21.8,4.3,3,1,1,HIIT,1
162,148,65,1.14,19.8,27.9,3.5,5,2,1,HIIT,2
194,146,55,1.34,18.4,25.2,2.8,7,3,1,Cardio,3
192,155,71,0.35,20.7,18.0,3.2,3,0,0,Strength,0
171,126,70,0.71,21.1,25.6,3.7,3,1,0,Yoga,1
199,165,63,0.83,16.0,20.6,3.9,5,1,1,Mixed,1
180,151,63,0.79,23.2,21.9,4.2,4,1,1,Mixed,1
199,159,65,1.25,14.5,27.9,3.9,7,3,1,Strength,3
190,151,62,0.71,21.0,27.1,3.1,4,1,0,Strength,1
190,146,64,1.24,29.9,28.4,3.7,6,2,1,Cardio,2
178,152,72,1.3,22.5,23.9,4.9,5,2,1,Mixed,2
173,129,76,0.37,31.3,27.5,3.2,2,0,0,Yoga,0
181,129,65,0.83,19.0,21.7,4.1,6,2,1,Yoga,2
187,133,66,0.42,28.5,23.0,3.4,5,1,0,Yoga,1
166,129,61,0.48,18.4,22.7,2.1,5,2,0,Cardio,2
199,143,74,0.41,22.4,24.1,3.2,2,0,0,Yoga,0
183,130,65,0.8,23.3,18.9,3.8,2,0,0,Yoga,0
189,159,70,0.87,15.1,23.1,3.9,4,2,1,Mixed,2
178,130,71,0.92,24.5,29.8,4.0,4,1,0,Yoga,1
203,159,55,1.33,16.0,19.6,4.2,6,3,1,Strength,3
172,143,75,0.8,23.5,18.7,3.3,5,1,0,Strength,1
176,161,78,0.52,31.3,19.0,3.3,3,0,0,HIIT,0
203,156,67,1.04,8.7,34.6,3.1,5,2,1,Cardio,2
177,153,81,0.48,28.8,25.9,4.1,4,1,0,Mixed,1
189,172,75,0.85,31.2,22.9,3.4,2,0,0,HIIT,0
169,156,83,0.49,27.8,24.3,3.0,2,0,0,HIIT,0
204,159,75,0.96,29.7,24.9,3.4,2,0,0,Cardio,0
188,149,77,0.7,25.3,21.4,2.1,2,0,0,Cardio,0
158,144,67,1.06,12.4,21.9,3.3,3,1,1,HIIT,1
197,133,56,1.01,13.1,23.4,3.5,7,2,1,Yoga,2
179,145,66,0.48,26.0,21.1,3.2,3,0,0,Strength,0
205,184,65,1.42,18.9,22.4,4.2,6,2,1,HIIT,2
201,151,59,1.04,9.8,25.4,3.4,5,3,1,Cardio,3
173,156,64,0.71,23.7,20.0,3.1,5,1,0,HIIT,1
190,152,64,0.79,13.0,34.4,3.6,7,2,1,Strength,2
188,160,77,0.42,30.5,27.0,3.9,3,0,0,Mixed,0
179,150,81,0.63,19.5,18.9,2.7,2,0,0,Strength,0
192,161,67,0.68,31.7,18.0,3.6,4,1,0,Mixed,1
194,150,67,1.09,17.1,21.2,4.0,5,2,1,Cardio,2
173,148,74,1.14,23.8,26.7,4.5,4,2,1,Mixed,2
182,129,64,0.9,13.2,26.0,4.1,6,3,1,Yoga,3
193,174,66,0.98,22.3,23.6,3.3,3,1,0,HIIT,1
178,162,71,0.45,21.4,21.6,2.9,4,1,0,HIIT,1
181,129,66,1.04,13.3,20.4,3.5,6,2,1,Yoga,2
189,156,78,0.59,29.3,22.4,3.2,3,0,0,Strength,0
176,137,65,0.83,24.8,20.0,2.7,5,2,1,Cardio,2
170,126,72,0.75,32.5,22.4,3.5,4,1,0,Yoga,1
195,178,80,0.96,22.9,29.3,3.2,2,0,0,HIIT,0
193,162,70,0.88,28.1,20.9,4.2,3,0,0,Mixed,0
171,136,55,1.6,10.9,26.4,4.6,7,3,1,Strength,3
169,140,73,0.9,22.9,27.1,3.5,3,1,0,Strength,1
184,135,74,0.55,30.1,19.7,3.4,3,0,0,Yoga,0
178,163,79,0.78,21.1,20.6,3.0,2,0,0,HIIT,0
169,155,75,0.99,22.7,28.3,3.5,3,1,0,HIIT,1
173,136,66,0.32,29.1,20.3,1.9,2,0,0,Cardio,0
158,127,71,0.61,26.4,23.8,2.4,2,0,0,Cardio,0
165,119,64,0.71,24.4,32.2,3.9,7,2,1,Yoga,2
161,115,60,0.93,10.7,27.9,4.1,5,2,1,Yoga,2
164,148,58,1.38,9.1,24.3,3.8,6,3,1,HIIT,3
170,124,69,0.36,28.5,27.4,3.0,3,0,0,Yoga,0
193,152,58,1.63,12.7,23.8,4.7,7,3,1,Strength,3
183,154,70,0.59,32.9,28.1,3.9,2,0,0,Mixed,0
172,158,77,0.63,32.3,18.0,3.0,2,0,0,HIIT,0
176,147,80,0.68,21.0,23.4,3.6,2,0,0,Strength,0
192,160,62,1.39,13.3,18.0,4.8,7,3,1,Mixed,3
196,177,73,1.34,14.4,24.6,3.8,6,3,1,HIIT,3
170,154,65,1.36,15.7,23.1,4.2,7,3,1,HIIT,3
182,167,80,0.45,18.0,29.4,2.7,3,0,0,HIIT,0
191,153,65,0.95,22.7,26.8,3.3,5,2,1,Strength,2
203,182,68,0.91,24.5,21.9,3.4,4,1,0,HIIT,1
171,131,81,0.56,26.0,22.4,4.3,3,0,0,Yoga,0
183,134,74,0.7,30.4,25.5,3.4,2,0,0,Yoga,0
162,133,65,0.96,18.2,21.7,3.6,5,2,1,Strength,2
187,150,64,1.02,17.9,23.9,3.7,4,2,1,Strength,2
182,165,68,0.89,23.1,29.3,3.2,5,2,1,HIIT,2
197,142,74,1.02,25.0,20.7,4.3,4,1,0,Yoga,1
177,162,75,0.81,22.5,22.2,3.0,3,1,0,HIIT,1
150,128,63,1.2,11.9,22.8,4.6,7,2,1,Mixed,2
193,174,66,1.01,16.0,35.0,3.5,7,2,1,HIIT,2
203,146,77,0.78,24.1,26.4,4.1,3,0,0,Yoga,0
196,159,72,1.01,25.2,28.5,3.5,5,2,1,Strength,2
183,154,66,0.82,28.5,27.1,4.4,3,0,0,Mixed,0
182,132,70,1.11,24.5,27.3,4.2,3,1,0,Yoga,1
183,149,72,0.52,26.4,25.9,3.4,2,0,0,Strength,0
186,145,67,1.06,20.7,25.5,3.3,4,1,0,Cardio,1
165,141,71,0.45,28.7,18.2,3.8,3,0,0,Mixed,0
176,159,63,0.94,12.0,25.4,3.6,7,3,1,HIIT,3
175,140,58,0.75,23.4,23.6,3.4,4,1,0,Strength,1
181,163,59,1.29,17.1,26.2,4.2,6,3,1,HIIT,3
169,154,66,0.25,20.9,23.7,2.3,3,0,0,HIIT,0
186,149,62,0.96,27.3,27.1,3.6,4,2,1,Strength,2
190,144,59,1.48,21.7,27.8,3.4,7,3,1,Cardio,3
178,152,73,0.76,20.1,18.0,4.3,3,0,0,Mixed,0
199,157,78,0.38,25.9,22.3,2.4,3,0,0,Cardio,0
163,124,76,0.93,19.3,18.0,4.6,5,1,1,Yoga,1
184,147,80,0.92,25.5,25.0,2.9,3,1,0,Cardio,1
163,132,75,0.98,24.2,22.8,3.4,2,0,0,Cardio,0
163,129,66,1.28,17.6,29.4,3.7,7,3,1,Cardio,3
163,149,72,0.81,19.5,24.8,3.2,6,2,1,HIIT,2
170,154,68,0.72,22.0,22.1,2.9,3,1,0,HIIT,1
176,148,81,0.74,23.0,27.8,3.4,3,0,0,Strength,0
160,146,64,0.36,26.8,22.7,2.7,2,0,0,HIIT,0
162,136,76,0.65,26.0,22.0,3.1,2,0,0,Strength,0
181,145,78,0.83,30.2,25.6,2.7,5,1,0,Cardio,1
163,149,70,0.43,16.0,30.5,3.1,3,1,0,HIIT,1
191,173,74,0.36,30.9,27.4,2.6,3,0,0,HIIT,0
162,116,59,1.11,19.8,26.3,4.8,5,3,1,Yoga,3
182,156,77,1.3,20.7,35.0,4.9,3,1,1,Mixed,1
197,164,67,0.76,27.3,21.1,4.2,2,0,0,Mixed,0
163,128,63,1.13,18.8,21.0,3.6,5,2,1,Cardio,2
205,161,79,0.33,34.2,24.6,3.0,3,0,0,Cardio,0
201,167,67,1.07,23.9,30.1,4.2,7,2,1,Mixed,2
173,142,71,0.93,21.5,20.2,3.7,6,2,1,Strength,2
165,134,63,1.31,8.0,31.0,4.8,6,3,1,Strength,3
190,160,73,0.61,26.9,18.2,3.9,2,0,0,Mixed,0
161,123,78,0.92,22.8,23.5,4.1,2,0,0,Yoga,0
187,169,68,0.36,32.0,24.7,3.1,2,0,0,HIIT,0
169,122,65,0.64,27.4,20.5,3.9,2,0,0,Yoga,0
185,130,62,1.24,17.3,21.5,4.1,5,2,1,Yoga,2
169,122,65,1.05,22.3,27.2,4.3,5,2,1,Yoga,2
191,171,56,0.83,14.8,29.8,3.6,7,3,1,HIIT,3
179,148,76,0.47,20.2,18.0,3.4,2,0,0,Strength,0
193,155,65,0.96,14.6,24.7,4.0,6,2,1,Strength,2
185,149,66,0.25,33.5,23.5,2.6,2,0,0,Strength,0
182,126,57,1.12,16.4,24.4,4.7,7,3,1,Yoga,3
175,142,80,0.29,22.8,22.7,2.6,2,0,0,Cardio,0
177,128,67,0.74,16.4,18.8,4.2,7,2,1,Yoga,2
177,140,72,0.6,26.9,30.2,2.4,3,0,0,Cardio,0
201,183,78,0.69,30.2,28.6,3.3,2,0,0,HIIT,0
167,143,74,1.14,20.2,23.6,4.4,7,2,1,Mixed,2
204,138,58,1.26,15.9,22.0,4.6,6,3,1,Yoga,3
177,144,69,1.05,17.6,21.6,4.0,6,2,1,Strength,2
171,139,78,0.81,30.7,18.0,3.3,3,0,0,Cardio,0
195,157,68,0.81,19.3,25.4,3.6,3,1,0,Strength,1
185,133,69,0.7,22.9,27.1,3.5,3,0,0,Yoga,0
205,185,73,1.02,14.8,24.6,3.6,5,2,1,HIIT,2
178,163,80,0.89,29.5,23.7,3.3,2,0,0,HIIT,0
199,150,59,1.13,8.0,24.5,3.6,7,3,1,Cardio,3
177,146,76,0.63,22.1,20.6,3.5,3,1,0,Strength,1
170,146,73,0.73,24.4,22.0,3.9,4,1,0,Mixed,1
172,136,71,1.08,22.9,23.3,3.3,4,2,1,Cardio,2
187,167,56,1.15,19.7,26.8,3.9,7,2,1,HIIT,2
190,149,73,0.72,21.7,29.5,2.5,2,0,0,Cardio,0
183,168,83,0.62,23.9,23.1,3.6,2,0,0,HIIT,0
188,141,85,0.62,28.6,19.8,3.8,3,0,0,Yoga,0
160,119,68,0.69,26.2,24.1,4.0,3,1,0,Yoga,1
176,130,73,0.47,25.1,32.0,3.3,2,0,0,Yoga,0
159,145,68,0.99,19.2,20.2,3.5,6,2,1,HIIT,2
189,138,77,0.54,26.3,27.5,3.0,3,0,0,Yoga,0
182,128,63,1.06,8.0,29.3,4.2,6,3,1,Yoga,3
194,159,55,1.33,22.2,22.6,4.9,7,2,1,Mixed,2
194,160,59,1.09,10.4,21.2,4.7,7,3,1,Mixed,3
172,144,79,0.64,28.0,26.3,3.7,2,0,0,Strength,0
197,147,55,1.31,14.4,25.4,3.7,6,2,1,Cardio,2
198,162,55,1.12,13.5,26.8,4.6,7,3,1,Mixed,3
171,134,66,0.41,24.0,32.3,2.9,3,0,0,Cardio,0
165,129,63,1.14,9.2,24.7,2.8,7,3,1,Cardio,3
202,156,70,0.57,24.3,19.2,2.3,3,0,0,Cardio,0
198,160,69,0.76,35.9,24.3,4.0,2,0,0,Strength,0
167,133,70,0.69,25.8,25.0,2.8,5,1,0,Cardio,1
172,157,69,0.4,23.4,29.1,2.3,2,0,0,HIIT,0
176,148,62,1.14,19.9,23.2,4.7,6,3,1,Mixed,3
184,169,85,0.78,32.5,22.4,3.4,3,0,0,HIIT,0
169,154,68,0.9,24.5,18.5,3.8,3,1,0,HIIT,1
203,182,60,1.05,28.2,26.2,4.0,5,1,1,HIIT,1
166,130,63,1.12,18.7,35.0,3.7,5,2,1,Cardio,2
171,138,77,0.5,20.4,23.1,2.4,2,0,0,Cardio,0
192,148,67,1.15,16.8,25.8,3.3,4,2,1,Cardio,2
203,148,79,0.79,22.7,21.8,4.2,3,0,0,Yoga,0
190,145,62,1.11,20.3,18.9,3.8,7,2,1,Cardio,2
203,167,59,1.29,20.6,25.7,5.1,7,3,1,Mixed,3
160,126,63,0.96,23.9,24.1,3.3,3,0,0,Cardio,0
201,170,78,0.38,31.4,18.0,3.9,2,0,0,Mixed,0
195,162,63,0.7,27.4,30.4,3.9,5,1,0,Mixed,1
154,131,76,0.49,27.0,25.7,3.1,3,0,0,Strength,0
171,126,71,0.42,26.3,24.3,3.0,3,0,0,Yoga,0
180,143,75,0.96,24.1,22.3,3.2,2,0,0,Cardio,0
194,176,75,0.64,14.9,25.6,3.2,3,1,0,HIIT,1
177,141,73,0.68,25.9,25.8,2.7,3,0,0,Cardio,0
164,130,66,0.79,21.5,25.6,3.0,4,1,0,Cardio,1
189,159,70,1.07,21.8,28.3,4.0,3,1,0,Mixed,1
169,137,62,1.22,24.6,29.2,3.8,5,2,1,Strength,2
161,146,55,0.84,21.1,32.0,3.6,7,3,1,HIIT,3
197,156,79,0.55,26.9,20.7,3.2,5,1,0,Cardio,1
193,174,61,0.64,18.5,21.7,2.9,3,1,0,HIIT,1
156,144,78,0.51,29.3,25.4,3.0,3,0,0,HIIT,0
171,145,69,0.75,17.9,20.9,3.8,4,1,0,Mixed,1
182,151,56,1.0,17.1,21.5,3.7,7,3,1,Mixed,3
171,140,67,1.0,20.2,25.9,3.9,4,2,1,Strength,2
183,156,75,1.02,21.1,27.6,4.3,3,0,0,Mixed,0
177,144,67,1.57,9.2,29.1,4.5,7,3,1,Strength,3
190,150,59,1.2,19.3,23.2,4.3,4,2,1,Strength,2
192,156,72,1.28,28.0,25.9,4.0,2,0,0,Strength,0
184,150,70,0.99,14.2,25.0,3.6,7,2,1,Strength,2
185,152,74,0.69,22.5,24.1,3.5,2,0,0,Strength,0
167,143,73,0.88,18.5,20.7,4.6,5,1,1,Mixed,1
178,135,81,1.12,24.9,20.2,4.3,3,0,0,Yoga,0
202,183,78,0.74,23.6,26.7,3.3,3,0,0,HIIT,0
183,152,62,0.91,20.5,20.7,4.2,7,2,1,Mixed,2
167,131,63,0.78,21.7,18.0,3.2,7,2,1,Cardio,2
191,142,81,0.25,25.6,23.9,3.3,3,0,0,Yoga,0
173,149,76,0.92,31.6,29.8,4.4,3,0,0,Mixed,0
186,157,69,0.66,17.4,18.0,3.6,4,1,0,Mixed,1
171,135,67,1.14,18.0,22.8,3.7,6,2,1,Cardio,2
175,127,69,0.54,26.8,26.7,3.8,2,0,0,Yoga,0
182,153,64,0.91,24.0,18.0,4.6,6,2,1,Mixed,2
165,118,60,1.24,17.8,23.1,4.2,6,3,1,Yoga,3
179,163,70,1.14,29.4,19.4,3.7,4,1,0,HIIT,1
172,137,73,0.67,22.5,20.0,2.1,3,0,0,Cardio,0
170,146,73,0.43,31.2,22.4,3.7,3,0,0,Mixed,0
173,138,74,0.47,26.7,19.5,2.4,2,0,0,Cardio,0
170,157,82,0.49,23.2,19.2,3.3,2,0,0,HIIT,0
180,149,55,0.83,25.7,23.8,4.2,4,2,1,Mixed,2
168,136,78,0.31,31.0,32.9,2.2,3,0,0,Cardio,0
186,152,75,0.6,33.8,27.0,3.4,2,0,0,Strength,0
182,165,70,0.99,17.3,28.0,3.5,5,1,1,HIIT,1
190,130,58,1.32,10.7,27.2,3.9,7,3,1,Yoga,3
185,137,78,0.57,33.3,21.2,3.3,3,0,0,Yoga,0
200,154,70,0.86,21.2,25.2,3.7,5,2,1,Cardio,2
162,126,61,0.75,27.8,28.4,2.8,5,1,0,Cardio,1
195,177,75,1.11,20.4,27.3,3.4,5,2,1,HIIT,2
183,128,61,1.24,23.2,24.8,4.7,7,3,1,Yoga,3
161,131,76,0.69,26.9,26.1,2.7,2,0,0,Cardio,0
192,153,63,0.48,20.8,33.9,3.2,3,1,0,Strength,1
183,147,62,1.0,16.2,27.4,4.0,4,2,1,Strength,2
179,151,67,1.16,12.0,22.7,4.5,5,3,1,Mixed,3
174,149,75,0.99,26.4,23.7,4.7,3,0,0,Mixed,0
180,165,77,0.68,27.6,19.8,3.3,3,0,0,HIIT,0
172,137,73,0.4,25.7,33.4,2.3,2,0,0,Cardio,0
173,158,75,1.09,23.0,30.4,3.4,7,2,1,HIIT,2
188,168,59,1.35,17.7,24.3,4.2,5,3,1,HIIT,3
193,158,76,1.01,18.5,32.7,3.7,5,1,0,Strength,1
195,153,74,0.9,26.8,26.5,2.7,2,0,0,Cardio,0
178,133,77,0.38,19.2,22.3,3.7,3,0,0,Yoga,0
179,147,72,1.08,19.3,27.6,3.7,3,1,0,Strength,1
190,146,65,0.9,17.0,25.6,3.0,6,3,1,Cardio,3
179,129,69,1.25,18.4,27.4,4.9,7,2,1,Yoga,2
180,127,63,1.19,23.9,18.5,3.8,6,2,1,Yoga,2
190,161,76,0.35,20.6,20.8,3.8,3,1,0,Mixed,1
178,123,55,1.29,8.5,30.0,4.2,7,3,1,Yoga,3
179,143,59,0.92,17.7,30.8,3.8,5,2,1,Strength,2
200,168,74,1.07,23.0,29.7,4.3,2,0,0,Mixed,0
182,165,67,1.0,19.8,32.9,3.0,5,2,1,HIIT,2
159,145,65,0.66,15.2,26.3,3.2,3,1,0,HIIT,1
168,122,65,0.89,23.2,26.0,4.0,5,2,1,Yoga,2
198,134,55,1.17,18.0,20.3,4.4,7,3,1,Yoga,3
188,153,74,0.63,29.5,21.7,3.1,3,0,0,Strength,0
174,127,70,0.81,17.5,18.0,3.7,7,2,1,Yoga,2
171,134,66,0.78,23.6,22.7,3.1,4,1,0,Cardio,1
174,138,55,1.47,15.2,18.0,4.2,6,3,1,Strength,3
163,150,77,0.72,26.2,28.3,3.1,3,0,0,HIIT,0
178,149,61,1.05,13.2,25.6,4.1,6,2,1,Mixed,2
167,130,85,0.63,20.6,18.0,3.6,2,0,0,Yoga,0
196,142,76,0.65,25.8,23.2,3.1,3,0,0,Yoga,0
156,137,80,0.59,29.1,31.9,3.8,3,0,0,Mixed,0
191,159,63,0.97,20.3,23.5,4.1,3,1,1,Mixed,1
192,153,62,1.18,12.7,20.0,4.1,7,3,1,Strength,3
202,162,70,0.39,24.4,18.0,2.9,3,0,0,Strength,0
192,162,74,0.76,24.1,18.0,4.4,3,0,0,Mixed,0
200,168,71,0.35,24.9,26.1,4.3,2,0,0,Mixed,0
203,145,75,0.69,16.9,22.3,3.6,4,1,0,Yoga,1
199,144,77,0.72,26.1,22.6,3.8,3,0,0,Yoga,0
159,115,61,1.23,17.5,22.3,4.7,5,3,1,Yoga,3
174,140,77,0.67,11.3,23.4,2.8,5,1,0,Cardio,1
174,136,65,1.18,20.9,19.1,3.5,7,2,1,Cardio,2
160,147,70,1.36,13.5,25.3,3.9,4,2,1,HIIT,2
168,140,74,0.93,10.4,18.3,3.4,6,2,1,Strength,2
174,135,61,1.23,19.2,21.0,3.7,6,3,1,Cardio,3
190,151,61,1.22,16.0,28.0,4.1,7,3,1,Strength,3
189,140,80,1.0,28.7,25.5,3.7,3,0,0,Yoga,0
162,138,67,1.1,14.1,26.7,4.9,7,3,1,Mixed,3
190,136,71,0.45,26.3,32.6,3.4,5,1,0,Yoga,1
170,146,72,0.61,27.5,23.8,4.0,3,0,0,Mixed,0
203,171,74,0.52,26.2,24.1,3.6,3,1,0,Mixed,1
163,150,78,0.71,29.4,22.9,3.1,2,0,0,HIIT,0
190,155,74,0.79,22.4,22.2,3.6,5,1,0,Strength,1
186,157,68,0.95,15.7,20.0,4.1,6,2,1,Mixed,2
160,131,76,0.68,23.8,24.3,3.2,3,0,0,Cardio,0
182,145,76,0.69,20.9,25.4,2.7,2,0,0,Cardio,0
156,114,64,1.18,15.1,25.6,4.4,6,3,1,Yoga,3
183,129,63,0.85,24.2,24.3,4.4,3,1,0,Yoga,1
190,174,82,0.59,20.3,27.7,2.6,2,0,0,HIIT,0
187,169,62,1.3,18.0,24.1,3.7,6,3,1,HIIT,3
189,129,56,0.92,12.2,22.4,4.1,7,3,1,Yoga,3
189,172,76,0.5,28.5,20.3,2.5,3,0,0,HIIT,0
177,152,77,0.87,20.9,18.0,4.1,4,1,0,Mixed,1
188,131,61,1.3,17.6,29.8,4.1,5,3,1,Yoga,3
193,175,71,0.74,26.9,21.2,2.7,2,0,0,HIIT,0
190,146,64,0.93,27.8,20.3,3.1,3,1,0,Cardio,1
178,164,85,0.51,22.3,22.3,2.9,2,0,0,HIIT,0
194,132,56,1.05,22.5,22.9,4.3,6,2,1,Yoga,2
176,141,77,0.6,17.3,30.6,2.7,2,0,0,Cardio,0
169,143,67,0.92,27.2,22.7,5.0,4,1,1,Mixed,1
205,168,80,0.53,27.1,34.5,3.3,2,0,0,Strength,0
190,172,69,0.39,36.6,24.3,2.7,3,0,0,HIIT,0
180,165,83,1.1,28.1,32.2,3.4,3,0,0,HIIT,0
192,157,74,0.48,31.7,27.6,2.4,2,0,0,Strength,0
174,140,59,1.1,13.6,25.4,4.7,6,3,1,Strength,3
167,118,58,0.99,15.6,30.3,4.0,7,3,1,Yoga,3
171,144,62,0.91,22.5,28.5,4.4,7,2,1,Mixed,2
164,121,68,0.62,15.8,26.5,4.1,4,1,1,Yoga,1
168,137,79,0.5,25.1,33.3,2.2,3,0,0,Cardio,0
172,124,66,0.52,32.3,22.0,3.5,3,0,0,Yoga,0
158,132,71,0.52,21.8,20.0,3.7,3,0,0,Strength,0
171,146,72,0.75,24.8,21.3,4.0,6,2,1,Mixed,2
178,131,75,0.65,34.5,31.0,3.7,3,0,0,Yoga,0
180,137,57,1.26,8.0,29.8,3.4,6,3,1,Cardio,3
166,134,59,1.08,13.4,21.9,3.9,6,2,1,Strength,2
199,177,55,1.24,13.9,18.0,3.5,7,3,1,HIIT,3
184,151,75,0.8,23.4,23.2,3.5,5,1,0,Strength,1
186,144,66,0.79,16.2,19.9,2.9,4,1,0,Cardio,1
202,147,79,0.78,23.7,22.0,3.4,3,0,0,Yoga,0
195,137,65,1.15,27.9,19.8,4.5,5,1,1,Yoga,1
174,122,59,1.16,18.0,18.0,4.1,5,3,1,Yoga,3
187,170,75,0.79,29.7,31.5,3.3,2,0,0,HIIT,0
203,157,71,0.6,24.1,21.3,2.6,3,0,0,Cardio,0
183,156,75,0.73,27.0,29.7,3.4,2,0,0,Mixed,0
168,151,55,1.35,19.8,23.1,4.1,7,3,1,HIIT,3
198,161,75,0.5,27.0,19.5,3.5,3,0,0,Strength,0
202,155,67,0.84,20.6,26.0,3.3,5,2,1,Cardio,2
185,145,71,0.69,29.7,22.4,3.1,2,0,0,Cardio,0
165,139,61,1.17,14.1,23.2,4.6,6,3,1,Mixed,3
170,135,71,0.52,18.1,24.6,3.3,4,1,0,Cardio,1
195,159,76,0.32,32.0,20.8,3.0,2,0,0,Strength,0
177,159,58,1.19,17.9,18.0,3.9,6,2,1,HIIT,2
176,143,65,0.9,16.9,23.8,4.1,4,2,1,Strength,2
190,152,61,0.93,27.2,27.9,3.6,4,1,0,Strength,1
190,145,62,0.8,15.2,20.4,2.9,7,2,1,Cardio,2
173,158,75,0.39,27.8,24.6,2.7,3,0,0,HIIT,0
177,148,61,1.19,15.8,30.0,4.5,6,3,1,Mixed,3
194,157,69,0.44,29.7,23.6,3.4,3,0,0,Strength,0
177,130,74,0.58,34.0,24.3,3.5,3,0,0,Yoga,0
165,152,79,0.58,20.6,24.2,2.7,3,0,0,HIIT,0
169,134,70,1.0,25.1,21.3,3.1,3,0,0,Cardio,0
166,134,59,0.86,30.6,20.0,3.7,4,1,0,Strength,1
181,148,73,0.61,20.0,20.0,2.9,5,1,0,Strength,1
161,132,65,0.85,28.2,25.5,3.3,4,1,0,Strength,1
172,142,72,0.57,26.3,27.0,2.8,3,0,0,Strength,0
179,148,76,0.39,24.7,27.2,3.0,2,0,0,Strength,0
184,148,65,1.34,18.9,22.5,3.5,6,2,1,Strength,2
167,143,70,1.08,15.5,28.4,5.1,4,2,1,Mixed,2
190,138,74,0.45,27.5,25.2,3.9,3,0,0,Yoga,0
179,152,70,1.13,22.5,24.3,4.3,3,1,0,Mixed,1
178,150,67,0.56,15.3,18.0,3.9,3,0,0,Mixed,0
197,158,68,1.25,15.7,20.7,4.1,6,2,1,Strength,2
203,159,57,1.5,17.7,18.0,4.5,5,3,1,Strength,3
177,150,85,0.44,21.9,26.5,3.9,2,0,0,Strength,0
177,160,64,1.26,22.2,24.4,3.8,5,2,1,HIIT,2
183,144,72,0.67,20.3,19.7,2.8,5,1,0,Cardio,1
191,151,78,0.67,27.1,25.2,2.3,3,0,0,Cardio,0
192,137,70,0.69,25.9,18.3,3.7,3,1,0,Yoga,1
201,169,72,1.0,19.5,19.8,4.6,5,1,1,Mixed,1
162,141,76,1.08,14.9,21.2,4.1,6,2,1,Mixed,2
197,136,61,0.83,14.0,26.2,3.9,6,2,1,Yoga,2
179,123,55,1.3,8.0,29.6,4.2,7,3,1,Yoga,3
188,169,63,0.88,23.5,21.7,3.4,4,1,0,HIIT,1
195,141,75,0.75,22.0,29.3,4.3,5,1,0,Yoga,1
188,134,68,0.74,22.3,24.2,3.3,4,1,0,Yoga,1
196,146,85,0.57,21.4,24.9,3.6,3,0,0,Yoga,0
189,154,74,0.85,18.1,23.7,3.7,5,1,0,Strength,1
171,155,62,0.75,12.7,23.2,3.3,6,2,1,HIIT,2
191,155,71,0.67,23.5,25.8,3.1,2,0,0,Strength,0
185,166,58,1.12,14.5,27.0,4.0,7,3,1,HIIT,3
181,137,55,0.89,11.8,20.5,2.6,5,2,1,Cardio,2
164,139,66,0.87,20.9,23.2,3.9,5,2,1,Mixed,2
166,140,63,1.08,16.5,30.7,4.1,7,3,1,Mixed,3
181,141,65,0.57,18.1,24.7,3.2,3,1,0,Cardio,1
199,140,67,0.36,30.6,25.1,3.4,2,0,0,Yoga,0
172,133,60,1.12,13.2,28.7,4.0,6,2,1,Cardio,2
165,150,65,1.3,17.8,22.0,4.4,6,3,1,HIIT,3
182,146,79,0.68,31.4,23.9,3.4,2,0,0,Cardio,0
183,156,76,0.51,30.1,27.3,4.2,2,0,0,Mixed,0
195,167,83,0.6,28.9,29.0,3.9,2,0,0,Mixed,0
196,138,67,0.25,28.8,18.0,3.1,2,0,0,Yoga,0
166,128,59,1.16,17.7,21.1,3.6,7,3,1,Cardio,3
198,144,78,0.44,26.1,20.0,3.9,2,0,0,Yoga,0
162,134,69,0.86,12.7,23.5,3.7,4,2,1,Strength,2
202,181,64,1.02,11.5,20.3,3.9,7,3,1,HIIT,3
159,118,69,1.33,16.0,26.7,5.1,7,2,1,Yoga,2
163,142,82,0.96,31.5,24.7,4.4,3,0,0,Mixed,0
165,150,69,0.9,19.8,27.6,3.7,5,2,1,HIIT,2
205,160,55,1.21,11.2,27.8,3.7,6,3,1,Strength,3
184,145,73,0.4,22.5,26.7,2.4,2,0,0,Cardio,0
166,136,67,0.48,26.1,22.7,2.9,3,0,0,Strength,0
197,150,65,1.49,12.5,24.4,3.4,7,3,1,Cardio,3
162,132,76,0.79,22.7,22.2,3.3,5,1,0,Cardio,1
172,123,64,0.42,16.7,18.5,3.0,4,1,0,Yoga,1
188,169,58,1.25,22.7,27.8,3.2,7,3,1,HIIT,3
194,173,56,0.98,15.5,23.7,3.9,7,2,1,HIIT,2
177,145,69,0.46,20.1,18.0,3.0,5,1,0,Strength,1
170,144,66,1.13,26.4,26.1,4.8,4,1,1,Mixed,1
178,145,69,0.33,22.8,23.1,2.9,2,0,0,Strength,0
169,141,75,0.88,23.9,18.0,3.7,2,0,0,Strength,0
174,131,79,0.78,24.9,18.5,3.5,5,1,0,Yoga,1
168,146,79,0.79,27.9,21.2,4.3,3,0,0,Mixed,0
177,124,59,1.06,16.0,24.8,4.0,7,3,1,Yoga,3
179,163,75,0.59,23.6,27.2,3.0,3,0,0,HIIT,0
176,133,79,0.92,25.1,27.0,4.3,5,1,0,Yoga,1
200,161,71,1.2,22.6,26.4,3.9,4,2,1,Strength,2
174,157,63,0.93,20.8,23.9,3.4,4,2,1,HIIT,2
177,130,73,0.96,20.8,30.9,4.4,4,1,1,Yoga,1
189,146,65,0.62,21.7,26.8,2.8,5,1,0,Cardio,1
200,158,60,0.85,19.8,24.9,3.5,6,3,1,Strength,3
181,151,79,0.97,24.9,26.3,4.0,2,0,0,Strength,0
177,129,70,0.86,14.4,22.4,3.4,6,2,1,Yoga,2
178,148,57,1.21,8.0,23.8,4.9,5,3,1,Mixed,3
159,131,80,0.65,26.6,18.0,2.8,3,0,0,Cardio,0
185,129,61,1.02,22.9,22.5,4.3,7,3,1,Yoga,3
200,159,64,1.16,17.7,31.0,3.7,7,2,1,Strength,2
205,167,80,0.58,17.6,24.6,3.3,5,1,0,Strength,1
179,146,68,0.48,22.4,24.4,2.9,5,1,0,Strength,1
171,119,55,1.23,17.1,28.0,4.2,7,3,1,Yoga,3
180,164,72,0.41,26.7,25.4,2.7,2,0,0,HIIT,0
182,155,74,0.76,24.2,20.9,4.5,3,1,0,Mixed,1
184,128,60,0.94,21.3,24.1,3.8,4,2,1,Yoga,2
196,139,69,0.97,18.6,19.5,4.5,6,2,1,Yoga,2
174,143,71,0.78,22.3,24.7,3.5,3,0,0,Strength,0
183,156,75,0.69,24.6,20.6,4.1,2,0,0,Mixed,0
195,159,76,0.67,21.5,27.7,3.6,5,2,0,Strength,2
199,152,66,0.86,21.3,22.0,2.8,4,1,0,Cardio,1
186,143,65,0.62,25.9,20.7,3.0,3,0,0,Cardio,0
187,156,82,0.42,27.1,23.5,2.9,2,0,0,Strength,0
178,138,63,0.65,21.6,25.5,2.9,4,1,0,Cardio,1
194,149,66,1.21,26.3,19.2,3.0,3,1,0,Cardio,1
182,147,64,1.38,8.3,21.9,4.1,7,3,1,Strength,3
186,148,78,0.51,31.6,24.4,2.5,3,0,0,Cardio,0
186,166,55,1.0,10.8,29.4,3.6,7,3,1,HIIT,3
194,153,58,1.28,14.5,18.0,3.8,7,3,1,Strength,3
179,163,74,0.8,19.8,26.5,3.4,5,1,0,HIIT,1
153,122,85,0.7,30.1,22.5,3.5,3,0,0,Yoga,0
173,155,55,0.87,17.1,22.0,3.1,7,3,1,HIIT,3
189,140,80,0.25,32.1,21.3,3.0,2,0,0,Yoga,0
167,142,67,0.43,24.9,22.5,3.6,5,1,0,Mixed,1
177,141,75,1.01,30.1,26.5,3.1,3,1,0,Cardio,1
182,152,60,1.5,20.1,21.9,4.9,7,2,1,Mixed,2
189,147,69,0.84,22.1,30.6,3.8,5,1,0,Cardio,1
205,145,72,0.65,28.7,26.5,3.3,3,1,0,Yoga,1
187,151,65,1.12,9.0,24.8,4.1,7,3,1,Strength,3
173,135,63,1.52,17.8,23.3,3.1,5,3,1,Cardio,3
167,152,68,0.93,16.8,28.8,3.8,4,1,1,HIIT,1
175,126,67,0.72,25.5,29.3,3.5,3,1,0,Yoga,1
189,172,74,1.36,15.8,19.4,4.2,6,2,1,HIIT,2
181,141,66,0.7,23.7,21.2,2.9,6,2,1,Cardio,2
175,129,73,0.75,23.4,26.5,3.5,2,0,0,Yoga,0
186,169,73,0.62,24.8,27.7,3.2,4,1,0,HIIT,1
162,124,78,0.69,24.6,22.8,3.5,3,0,0,Yoga,0
177,126,63,0.75,26.0,21.0,4.0,5,1,1,Yoga,1
197,152,67,0.84,19.7,24.3,3.5,7,2,1,Cardio,2
168,133,67,0.46,22.5,29.9,2.1,3,0,0,Cardio,0
198,166,72,0.77,23.9,24.2,3.8,3,0,0,Mixed,0
177,143,65,0.53,23.8,18.9,3.3,3,1,0,Strength,1
168,132,64,1.06,10.2,24.4,3.0,7,2,1,Cardio,2
189,151,63,0.97,23.2,27.1,3.8,7,2,1,Strength,2
183,150,74,0.57,27.7,23.6,3.2,2,0,0,Strength,0
174,125,66,0.65,26.7,29.0,3.9,2,0,0,Yoga,0
176,137,65,0.94,10.9,27.5,2.9,5,2,1,Cardio,2
164,134,64,0.92,24.9,23.8,4.0,5,1,1,Strength,1
175,152,81,0.45,18.1,24.2,3.6,5,1,0,Mixed,1
193,174,68,0.61,19.6,18.0,3.3,4,1,0,HIIT,1
186,151,69,0.82,23.7,28.8,4.2,4,1,0,Strength,1
160,147,73,0.5,22.4,22.7,2.7,4,1,0,HIIT,1
198,165,67,1.22,14.3,22.4,4.9,7,3,1,Mixed,3
198,176,55,1.34,8.9,21.8,4.1,5,3,1,HIIT,3
163,141,78,0.49,23.9,25.8,3.9,2,0,0,Mixed,0
203,158,75,1.0,28.9,19.5,3.0,5,1,0,Cardio,1
188,147,71,0.66,25.4,20.1,2.3,3,1,0,Cardio,1
184,151,76,0.61,21.1,23.8,2.9,2,0,0,Strength,0
201,141,67,0.66,17.2,21.5,3.4,3,1,0,Yoga,1
204,156,68,1.04,24.9,25.3,3.5,5,1,0,Cardio,1
186,143,64,1.12,23.0,21.6,3.2,7,2,1,Cardio,2
203,158,73,0.44,30.8,30.4,2.6,3,0,0,Cardio,0
197,156,79,0.77,25.9,26.8,2.6,3,0,0,Cardio,0
175,149,71,0.38,23.9,26.7,3.8,2,0,0,Mixed,0
185,150,69,1.1,18.4,21.6,3.7,6,2,1,Strength,2
163,139,67,1.12,11.8,33.6,4.4,6,3,1,Mixed,3
179,142,72,0.71,19.1,22.2,2.7,3,1,0,Cardio,1
187,156,61,0.7,18.5,21.1,3.9,3,1,0,Mixed,1
178,133,78,0.52,21.8,26.8,3.3,3,0,0,Yoga,0
167,122,67,1.05,19.4,24.8,3.8,3,1,1,Yoga,1
169,133,67,0.61,24.1,20.7,2.5,5,1,0,Cardio,1
185,152,77,0.47,20.5,32.8,3.2,2,0,0,Strength,0
177,161,71,1.23,20.2,27.9,3.4,4,2,1,HIIT,2
175,143,67,0.78,23.9,24.0,3.7,2,0,0,Strength,0
197,138,65,1.15,23.8,33.6,4.2,5,2,1,Yoga,2
175,132,80,1.16,21.1,27.2,4.6,5,1,1,Yoga,1
177,140,55,1.29,19.2,24.0,4.3,7,3,1,Strength,3
185,146,74,0.63,24.9,33.1,2.6,3,0,0,Cardio,0
204,171,72,0.42,25.9,26.6,4.0,3,0,0,Mixed,0
187,131,64,1.25,18.4,26.5,4.4,7,3,1,Yoga,3
187,134,69,0.94,26.1,22.5,4.0,3,0,0,Yoga,0
170,153,62,0.85,17.9,24.2,3.5,5,1,1,HIIT,1
175,150,74,0.88,17.7,22.4,4.2,5,1,1,Mixed,1
182,149,71,0.76,20.1,29.8,3.7,3,1,0,Strength,1
186,131,64,0.62,25.8,18.0,3.6,4,1,0,Yoga,1
170,144,65,0.9,23.6,29.5,4.2,7,2,1,Mixed,2
189,153,69,0.72,27.3,20.5,3.9,2,0,0,Strength,0
167,143,70,1.3,10.4,23.8,5.1,7,2,1,Mixed,2
150,138,71,1.15,24.7,22.8,3.6,4,1,0,HIIT,1
158,117,66,0.84,24.5,21.9,3.8,5,1,1,Yoga,1
173,125,67,1.08,22.1,26.8,4.5,5,1,1,Yoga,1
172,155,58,1.21,15.3,24.0,3.2,7,3,1,HIIT,3
204,182,60,1.09,18.5,21.3,3.6,6,2,1,HIIT,2
183,148,82,0.73,23.3,24.6,2.7,3,0,0,Cardio,0
203,163,71,1.06,23.6,21.2,3.0,6,2,1,Strength,2
189,135,68,0.99,28.0,21.8,4.4,4,1,0,Yoga,1
173,144,58,1.39,13.7,18.0,5.4,5,3,1,Mixed,3
155,142,69,0.69,23.5,22.2,3.2,3,0,0,HIIT,0
177,139,69,0.46,18.7,26.0,2.8,5,1,0,Cardio,1
197,179,72,0.82,20.1,24.1,3.2,5,1,0,HIIT,1
160,146,71,0.77,17.5,31.3,3.1,4,2,0,HIIT,2
180,131,71,0.58,27.1,34.5,3.4,2,0,0,Yoga,0
179,145,67,0.37,21.0,22.1,3.1,3,0,0,Strength,0
188,130,60,1.05,17.1,20.7,4.4,5,2,1,Yoga,2
189,161,78,0.68,23.4,28.5,3.8,3,0,0,Mixed,0
189,171,75,0.5,26.3,25.3,2.8,2,0,0,HIIT,0
193,163,70,1.31,8.0,28.5,4.1,5,2,1,Mixed,2
197,163,60,1.43,11.8,25.6,5.0,7,3,1,Mixed,3
205,185,73,1.17,22.4,23.2,4.1,4,2,1,HIIT,2
186,149,62,0.72,24.1,23.2,3.2,3,1,0,Strength,1
172,144,63,0.8,22.6,25.7,4.1,3,0,0,Mixed,0
171,146,72,1.19,15.3,23.2,5.6,6,2,1,Mixed,2
170,145,71,0.28,25.1,28.9,3.6,2,0,0,Mixed,0
173,158,71,0.72,15.9,18.8,3.4,4,1,0,HIIT,1
184,152,76,0.85,16.7,28.9,3.5,2,0,0,Strength,0
202,182,67,1.22,22.0,18.0,3.8,6,2,1,HIIT,2
199,180,68,0.89,30.2,24.6,3.7,3,1,0,HIIT,1
191,150,55,1.06,21.8,22.7,4.0,7,3,1,Strength,3
161,138,70,0.78,19.6,18.0,4.3,3,0,0,Mixed,0
183,143,68,1.19,18.7,18.0,3.6,7,2,1,Cardio,2
156,132,74,1.08,22.5,19.6,3.8,4,1,0,Strength,1
183,148,69,0.66,28.9,24.2,3.5,5,1,0,Strength,1
203,142,67,1.15,27.0,21.6,3.9,4,1,0,Yoga,1
194,150,68,1.17,19.7,19.8,3.4,6,2,1,Cardio,2
197,150,63,0.95,16.6,29.4,3.2,4,1,1,Cardio,1
201,160,85,0.53,26.8,19.1,3.1,2,0,0,Cardio,0
181,163,62,1.3,16.9,26.7,3.9,7,3,1,HIIT,3
202,144,74,0.37,25.9,20.4,3.9,2,0,0,Yoga,0
205,170,64,1.31,9.1,19.5,4.8,7,3,1,Mixed,3
170,134,68,1.11,20.8,21.6,3.0,7,2,1,Cardio,2
164,139,66,0.83,10.0,26.5,3.9,6,2,1,Mixed,2
162,128,66,0.52,28.4,18.5,2.3,2,0,0,Cardio,0
178,152,72,0.82,21.7,25.1,4.3,5,1,0,Mixed,1
186,170,77,1.08,26.1,20.2,3.3,3,1,0,HIIT,1
205,157,67,0.83,24.1,20.9,3.2,3,1,0,Cardio,1
199,158,80,0.62,24.9,25.6,3.1,2,0,0,Cardio,0
173,128,74,0.74,22.8,32.7,4.0,4,1,0,Yoga,1
175,150,76,0.64,28.1,20.4,4.4,3,0,0,Mixed,0
162,132,76,0.47,28.6,26.9,2.8,3,0,0,Cardio,0
197,155,78,0.56,40.0,22.7,2.8,2,0,0,Cardio,0
171,155,67,1.21,16.6,22.1,4.0,4,2,1,HIIT,2
188,160,74,1.23,17.5,28.3,4.3,7,2,1,Mixed,2
189,145,65,1.11,10.5,20.6,3.7,7,3,1,Cardio,3
165,137,74,0.63,29.8,19.4,3.3,3,1,0,Strength,1
198,179,70,1.42,21.4,25.8,4.5,6,2,1,HIIT,2
187,159,74,0.51,22.1,30.4,3.8,3,1,0,Mixed,1
191,132,60,0.99,19.1,27.0,4.2,3,1,1,Yoga,1
190,154,69,0.95,19.6,18.4,3.8,3,1,0,Strength,1
205,184,62,0.9,12.0,21.5,3.0,5,2,1,HIIT,2
186,148,77,0.48,25.7,27.9,2.7,2,0,0,Cardio,0
172,157,72,0.46,22.4,30.3,3.1,3,0,0,HIIT,0
190,156,78,0.97,27.5,24.9,3.8,2,0,0,Strength,0
163,150,73,0.73,32.7,21.7,3.0,2,0,0,HIIT,0
202,165,78,0.68,25.7,30.6,3.1,3,1,0,Strength,1
175,146,78,0.82,24.1,23.7,3.6,4,1,0,Strength,1
160,130,58,0.75,14.0,21.6,3.3,4,2,1,Strength,2
176,151,77,0.63,30.4,20.9,3.7,2,0,0,Mixed,0
183,165,63,1.04,16.6,19.2,3.7,7,2,1,HIIT,2
197,167,76,0.38,23.5,35.0,3.4,2,0,0,Mixed,0
175,131,78,0.39,28.9,29.7,3.3,3,0,0,Yoga,0
197,135,59,1.2,17.1,21.4,4.0,7,2,1,Yoga,2
172,155,60,0.97,25.7,30.9,3.4,7,2,1,HIIT,2
193,174,66,0.97,29.2,26.1,3.5,5,1,0,HIIT,1
178,141,72,0.81,22.7,25.9,3.1,3,0,0,Cardio,0
181,138,57,0.82,10.4,21.1,3.4,6,3,1,Cardio,3
172,145,64,1.2,15.7,21.9,4.6,7,3,1,Mixed,3
180,142,71,1.04,22.6,23.8,3.3,3,1,0,Cardio,1
192,131,56,1.46,11.2,18.0,4.9,7,3,1,Yoga,3
171,137,73,0.62,21.7,22.1,2.9,3,0,0,Cardio,0
177,124,58,0.43,20.3,24.0,3.8,4,1,0,Yoga,1
173,147,70,1.6,9.6,29.2,5.3,7,3,1,Mixed,3
192,155,70,0.86,16.7,21.5,3.4,3,1,0,Strength,1
163,123,75,0.84,19.1,27.2,4.0,4,1,0,Yoga,1
196,167,79,0.74,25.8,18.0,4.4,2,0,0,Mixed,0
179,164,75,0.73,21.8,28.7,3.6,2,0,0,HIIT,0
189,132,63,0.62,21.4,20.4,4.1,2,0,0,Yoga,0
202,141,67,0.6,21.1,24.5,3.2,5,1,0,Yoga,1
191,174,77,0.61,24.3,25.6,2.6,2,0,0,HIIT,0
186,153,75,0.44,23.7,24.8,3.3,3,0,0,Strength,0
178,142,75,0.77,29.8,23.6,3.3,3,1,0,Cardio,1
167,121,65,0.93,14.9,19.0,4.5,7,2,1,Yoga,2
183,145,74,0.85,22.5,20.4,2.5,4,2,0,Cardio,2
198,150,60,1.22,16.5,28.0,3.3,7,2,1,Cardio,2
187,136,73,1.08,27.1,21.6,4.0,3,1,0,Yoga,1
173,125,65,0.69,12.3,23.6,4.2,5,1,1,Yoga,1
163,121,70,1.05,15.4,18.0,4.4,6,2,1,Yoga,2
167,143,71,0.55,26.2,27.4,4.4,3,0,0,Mixed,0
177,160,61,0.53,26.2,18.7,2.6,3,1,0,HIIT,1
169,132,63,0.71,24.6,27.7,2.9,3,1,0,Cardio,1
180,130,68,0.66,15.2,19.7,3.2,3,1,0,Yoga,1
176,148,83,0.52,22.2,28.1,3.1,3,0,0,Strength,0
184,157,79,0.64,28.0,24.0,3.9,3,0,0,Mixed,0
159,120,72,0.81,23.2,21.8,3.7,4,1,0,Yoga,1
162,149,75,0.25,26.5,30.4,2.3,3,0,0,HIIT,0
164,137,55,1.22,8.0,23.7,4.5,7,3,1,Mixed,3
184,139,55,0.9,16.1,22.6,2.8,6,3,1,Cardio,3
183,142,67,0.9,26.2,27.6,2.7,5,1,0,Cardio,1
176,134,57,1.31,17.8,18.1,3.1,7,3,1,Cardio,3
176,124,62,0.32,13.2,18.0,3.3,7,2,1,Yoga,2
193,163,70,0.67,32.1,28.6,4.2,2,0,0,Mixed,0
202,182,70,1.11,24.4,20.7,3.9,5,1,0,HIIT,1
191,173,71,0.5,28.8,27.5,2.9,2,0,0,HIIT,0
174,159,71,1.01,17.5,24.2,4.0,6,2,1,HIIT,2
189,162,81,0.56,32.4,19.3,3.7,2,0,0,Mixed,0
176,149,68,1.24,17.0,26.4,4.2,7,2,1,Mixed,2
177,146,72,0.77,22.8,22.4,3.6,4,1,0,Strength,1
177,139,67,0.61,24.7,19.7,2.5,2,0,0,Cardio,0
191,173,71,0.88,13.5,19.8,3.4,6,3,1,HIIT,3
189,169,59,1.11,16.8,18.0,4.0,6,3,1,HIIT,3
167,141,64,1.23,8.0,25.6,5.0,7,3,1,Mixed,3
195,176,69,0.74,28.4,20.3,3.1,7,2,0,HIIT,2
163,132,60,1.27,17.9,23.9,3.4,4,2,1,Strength,2
168,153,67,0.65,24.8,23.3,2.9,5,1,0,HIIT,1
169,146,77,0.67,18.3,20.2,4.3,3,0,0,Mixed,0
163,149,67,0.28,20.5,18.0,3.1,3,0,0,HIIT,0
190,173,75,0.25,22.4,34.1,2.7,2,0,0,HIIT,0
194,146,58,0.83,28.7,23.8,2.8,4,1,0,Cardio,1
178,145,70,0.86,17.7,31.3,3.7,3,1,0,Strength,1
205,150,82,0.8,27.4,28.7,4.4,2,0,0,Yoga,0
194,176,75,0.73,25.5,22.7,3.1,3,0,0,HIIT,0
176,123,58,1.12,16.6,24.7,3.9,5,2,1,Yoga,2
195,158,72,0.58,29.8,24.6,4.1,3,0,0,Strength,0
200,145,78,0.43,25.3,31.4,3.7,2,0,0,Yoga,0
178,141,71,0.91,24.0,27.3,3.6,5,1,0,Cardio,1
162,137,77,0.57,25.6,20.8,3.5,2,0,0,Strength,0
186,167,59,0.98,10.0,25.4,4.0,7,3,1,HIIT,3
180,150,61,0.95,19.6,27.2,4.4,7,2,1,Mixed,2
157,135,71,0.71,17.1,19.3,4.6,3,1,0,Mixed,1
189,138,75,0.4,32.8,26.0,3.1,3,0,0,Yoga,0
159,121,75,0.89,18.2,29.4,4.3,5,1,1,Yoga,1
187,149,63,1.17,20.2,20.6,4.1,4,2,1,Strength,2
188,143,60,1.05,13.3,21.1,3.0,7,3,1,Cardio,3
163,121,69,1.01,22.6,28.6,4.5,5,1,1,Yoga,1
202,183,76,1.19,24.7,22.6,4.0,7,2,1,HIIT,2
164,141,71,0.6,29.9,20.1,4.2,2,0,0,Mixed,0
188,170,68,1.04,20.8,27.5,3.4,3,1,0,HIIT,1
189,171,70,0.81,24.3,26.3,3.5,3,0,0,HIIT,0
185,169,82,0.68,26.9,24.4,2.6,2,0,0,HIIT,0
175,151,77,0.61,20.1,28.5,3.5,4,1,0,Mixed,1
200,181,74,0.86,32.9,28.8,3.9,3,0,0,HIIT,0
183,149,71,1.13,20.4,23.7,4.0,5,2,1,Strength,2
172,155,62,1.45,24.8,31.9,3.9,5,3,1,HIIT,3
180,148,74,1.0,19.6,30.3,3.8,3,1,0,Strength,1
164,136,70,0.72,22.4,18.0,3.7,2,0,0,Strength,0
167,126,76,0.75,28.8,19.9,4.3,2,0,0,Yoga,0
188,139,79,0.65,20.8,18.0,3.9,3,1,0,Yoga,1
164,151,77,1.15,28.4,22.7,3.7,4,1,0,HIIT,1
201,144,74,0.73,18.8,19.2,3.3,5,1,0,Yoga,1
160,121,75,0.65,31.4,20.7,3.3,5,1,0,Yoga,1
193,141,77,0.91,15.7,28.4,3.8,5,2,1,Yoga,2
176,147,79,0.52,38.4,18.0,2.9,2,0,0,Strength,0
190,151,62,1.28,13.9,24.5,4.1,4,2,1,Strength,2
182,130,66,1.19,14.3,24.5,5.0,7,3,1,Yoga,3
176,141,75,0.64,32.9,23.7,2.5,3,0,0,Cardio,0
165,124,72,0.54,26.5,24.5,3.5,5,1,0,Yoga,1
172,142,71,0.45,24.5,18.0,2.5,4,1,0,Strength,1
174,134,61,1.2,14.2,20.8,3.2,5,2,1,Cardio,2
177,162,72,0.32,23.3,30.2,2.5,5,1,0,HIIT,1
161,129,70,1.09,15.8,19.2,3.4,5,2,1,Cardio,2
175,140,74,0.73,25.4,30.7,2.9,3,1,0,Cardio,1
173,158,72,0.52,20.1,18.4,3.4,4,1,0,HIIT,1
190,146,64,1.39,14.1,18.0,3.7,7,2,1,Cardio,2
205,160,55,1.09,9.7,20.2,4.3,5,3,1,Strength,3
161,132,65,1.19,16.7,28.5,4.3,5,2,1,Strength,2
183,165,63,1.09,12.5,21.8,3.5,7,3,1,HIIT,3
196,176,64,0.44,33.3,25.4,2.7,3,0,0,HIIT,0
177,151,75,0.69,18.0,24.3,3.8,2,0,0,Mixed,0
180,142,70,0.71,19.4,23.8,2.7,3,1,0,Cardio,1
202,182,70,0.84,20.1,29.1,3.5,2,0,0,HIIT,0
195,138,69,0.92,10.3,27.1,4.1,7,2,1,Yoga,2
198,168,80,0.55,26.4,19.4,3.7,3,0,0,Mixed,0
193,153,79,0.78,19.9,22.9,3.2,3,1,0,Cardio,1
193,154,65,0.99,22.9,31.0,3.7,5,2,1,Strength,2
162,140,76,0.6,19.0,25.3,4.1,5,1,0,Mixed,1
167,124,71,0.33,27.0,18.0,2.8,2,0,0,Yoga,0
168,135,58,0.83,14.4,18.3,3.9,7,3,1,Strength,3
181,147,68,0.84,24.3,27.6,3.4,4,2,0,Strength,2
172,145,67,1.16,25.8,26.8,4.2,5,1,1,Mixed,1
186,156,64,1.27,18.9,20.3,4.4,4,2,1,Mixed,2
180,143,74,0.82,29.9,27.0,3.6,5,1,0,Cardio,1
180,147,70,0.68,22.8,30.4,3.7,5,1,0,Strength,1
192,162,70,0.8,22.8,29.8,4.3,3,0,0,Mixed,0
184,166,62,0.68,22.3,30.4,3.0,7,2,1,HIIT,2
174,158,69,0.67,26.2,26.2,3.2,4,1,0,HIIT,1
164,140,68,1.04,17.7,23.3,4.7,7,2,1,Mixed,2
180,153,73,0.5,22.0,22.4,3.6,2,0,0,Mixed,0
175,133,55,0.98,17.4,23.9,3.0,4,2,1,Cardio,2
157,138,79,0.64,32.8,20.5,4.8,2,0,0,Mixed,0
199,180,73,0.9,28.0,22.6,3.8,5,1,0,HIIT,1
203,167,60,1.06,13.6,29.1,5.1,7,2,1,Mixed,2
176,147,59,0.85,13.7,18.0,4.1,6,2,1,Mixed,2
186,152,72,0.64,24.2,18.0,4.0,4,2,0,Strength,2
202,162,69,0.96,24.5,27.3,3.9,3,1,0,Strength,1
166,143,74,0.79,22.2,22.6,4.2,5,1,0,Mixed,1
180,164,72,0.79,31.3,18.0,3.3,3,0,0,HIIT,0
165,126,78,0.62,32.0,23.8,3.4,3,0,0,Yoga,0
190,131,60,0.82,28.1,23.2,3.6,6,2,1,Yoga,2
164,138,62,1.17,12.9,22.3,4.6,7,3,1,Mixed,3
179,152,72,0.67,20.1,26.7,4.4,5,1,0,Mixed,1
188,148,55,1.07,17.0,18.7,3.8,7,2,1,Strength,2
164,135,66,0.94,20.2,24.1,3.4,5,2,1,Strength,2
189,129,56,1.1,10.9,23.2,4.3,7,3,1,Yoga,3
188,153,70,1.36,13.5,24.2,4.3,7,2,1,Strength,2
189,148,71,0.71,18.5,18.0,2.9,3,1,0,Cardio,1
200,169,74,0.68,19.1,21.9,3.7,2,0,0,Mixed,0
181,150,78,1.06,29.5,24.1,3.8,3,1,0,Strength,1
181,163,65,0.55,26.5,26.2,3.4,2,0,0,HIIT,0
200,141,70,1.16,9.6,31.4,4.3,7,3,1,Yoga,3
167,141,79,0.46,16.1,27.2,3.0,4,1,0,Strength,1
199,160,68,1.09,22.6,25.8,3.8,4,1,0,Strength,1
193,174,64,1.36,21.9,29.1,3.7,6,3,1,HIIT,3
205,164,67,1.36,20.7,22.8,4.1,7,2,1,Strength,2
164,147,55,1.04,21.9,30.2,3.3,5,2,1,HIIT,2
185,146,74,0.73,26.3,28.5,3.3,2,0,0,Cardio,0
177,139,69,0.7,20.0,22.2,2.9,2,0,0,Cardio,0
181,142,68,0.65,27.2,31.7,3.1,2,0,0,Cardio,0
170,138,64,1.11,18.3,25.8,4.3,6,2,1,Strength,2
197,152,69,0.75,18.7,32.8,2.9,5,1,0,Cardio,1
189,141,81,0.4,35.9,25.2,3.0,3,0,0,Yoga,0
174,140,61,0.9,16.8,21.8,3.7,4,2,1,Strength,2
168,144,73,0.4,25.5,20.9,3.5,2,0,0,Mixed,0
195,165,77,0.55,15.7,22.6,3.8,3,1,0,Mixed,1
194,148,64,1.13,18.7,21.7,3.6,7,2,1,Cardio,2
182,131,67,0.3,21.1,29.1,3.4,5,1,0,Yoga,1
161,127,64,1.16,23.0,23.9,3.4,7,3,1,Cardio,3
186,169,73,0.82,20.7,18.0,3.4,3,1,0,HIIT,1
183,151,75,0.82,29.4,24.9,3.7,2,0,0,Strength,0
176,152,80,0.53,25.8,24.5,3.8,2,0,0,Mixed,0
182,129,64,1.05,20.2,22.1,3.8,3,1,1,Yoga,1
158,113,57,1.33,17.2,25.1,4.8,7,3,1,Yoga,3
187,152,70,1.25,17.9,23.8,3.6,6,3,1,Strength,3
164,126,55,1.24,13.8,26.5,3.4,7,3,1,Cardio,3
176,138,67,0.57,26.2,26.3,2.8,3,1,0,Cardio,1
170,133,64,1.07,28.1,25.5,3.4,3,1,0,Cardio,1
202,169,70,1.11,24.1,18.8,5.0,5,1,1,Mixed,1
200,181,73,1.08,22.7,32.5,3.7,3,1,0,HIIT,1
162,125,81,0.65,23.8,18.0,3.6,3,0,0,Yoga,0
175,159,73,0.63,16.7,23.5,2.5,2,0,0,HIIT,0
193,154,65,0.71,22.7,19.6,3.6,3,1,0,Strength,1
183,166,68,0.68,24.0,25.6,3.0,2,0,0,HIIT,0
194,134,60,0.96,10.8,24.6,3.9,6,3,1,Yoga,3
195,153,76,1.19,16.7,23.3,4.0,7,2,1,Cardio,2
181,141,67,0.61,24.7,30.1,3.4,5,1,0,Cardio,1
205,172,75,0.71,21.5,28.4,4.2,2,0,0,Mixed,0
184,156,71,1.19,24.2,22.7,4.5,4,1,1,Mixed,1
165,141,68,1.01,28.1,27.2,4.0,5,1,0,Mixed,1
181,134,77,1.0,23.6,30.3,3.6,4,1,0,Yoga,1
163,140,71,1.1,12.1,28.4,4.4,5,2,1,Mixed,2
200,166,64,1.32,10.9,23.5,4.6,7,3,1,Mixed,3
195,176,70,0.63,14.3,18.0,3.5,4,2,0,HIIT,2
184,166,67,0.83,17.4,25.3,3.4,4,1,0,HIIT,1
169,154,69,0.7,36.1,26.7,3.2,2,0,0,HIIT,0
202,168,67,0.32,14.6,20.9,3.8,5,1,0,Mixed,1
178,149,61,1.23,18.4,24.1,4.7,7,3,1,Mixed,3
179,144,63,1.0,24.8,23.7,3.5,7,2,1,Strength,2
184,157,78,0.84,22.9,29.6,3.7,2,0,0,Mixed,0
187,157,66,0.9,18.9,31.4,4.6,7,2,1,Mixed,2
188,158,68,0.41,28.1,28.7,3.7,2,0,0,Mixed,0
205,186,76,0.74,13.9,23.7,3.6,3,1,0,HIIT,1
177,148,62,1.09,14.1,28.6,4.6,4,2,1,Mixed,2
175,160,74,0.99,24.3,26.6,3.5,5,1,0,HIIT,1
197,178,66,0.76,21.3,23.7,3.7,3,1,0,HIIT,1
190,136,71,0.39,25.3,32.4,3.7,2,0,0,Yoga,0
161,139,70,0.74,25.3,21.0,4.0,3,0,0,Mixed,0
200,179,58,0.77,16.6,26.4,3.1,5,2,1,HIIT,2
178,160,58,0.63,18.9,27.4,2.6,5,2,1,HIIT,2
177,160,67,0.93,31.7,22.9,3.5,5,2,0,HIIT,2
170,145,70,0.78,28.7,26.2,4.5,3,0,0,Mixed,0
184,149,67,1.02,18.1,27.8,3.8,7,2,1,Strength,2
172,148,76,0.69,35.3,25.0,4.5,3,0,0,Mixed,0
183,157,79,0.58,21.0,25.9,4.5,2,0,0,Mixed,0
196,157,65,0.95,16.7,24.4,3.7,3,1,1,Strength,1
174,149,75,1.11,24.9,27.2,4.6,3,1,0,Mixed,1
183,132,70,0.44,24.8,23.1,3.6,3,0,0,Yoga,0
183,128,61,0.67,25.2,22.8,3.8,2,0,0,Yoga,0
168,144,71,0.73,16.5,24.1,4.0,3,1,0,Mixed,1
173,127,71,0.33,25.1,28.7,3.6,2,0,0,Yoga,0
159,148,82,0.44,33.1,18.0,2.2,2,0,0,HIIT,0
180,142,72,0.77,16.1,20.4,3.4,5,1,0,Cardio,1
160,138,75,0.69,24.6,33.1,4.3,2,0,0,Mixed,0
160,133,71,1.05,13.4,25.1,4.0,3,1,1,Strength,1
184,165,58,1.42,15.2,22.4,4.1,6,3,1,HIIT,3
180,151,83,0.62,31.7,27.2,2.9,2,0,0,Strength,0
171,137,57,0.98,8.8,20.9,3.9,7,3,1,Strength,3
159,131,77,0.78,32.2,18.0,2.8,3,0,0,Cardio,0
178,130,71,0.53,26.4,25.4,3.6,2,0,0,Yoga,0
179,145,65,1.05,18.9,21.1,3.4,4,2,1,Strength,2
187,155,59,0.89,24.7,24.4,4.5,5,2,1,Mixed,2
165,141,71,0.68,21.2,25.3,3.9,5,1,0,Mixed,1
158,146,75,0.9,25.8,24.6,2.8,3,0,0,HIIT,0
159,145,68,1.22,21.2,18.0,3.6,5,2,1,HIIT,2
194,154,62,0.58,20.5,24.1,3.3,7,3,1,Strength,3
191,145,60,1.35,18.7,25.8,3.6,7,3,1,Cardio,3
181,136,80,0.68,28.8,18.4,4.3,4,1,0,Yoga,1
189,146,65,1.19,19.2,18.0,3.4,7,2,1,Cardio,2
191,147,65,0.51,21.8,19.7,3.1,7,2,1,Cardio,2
203,182,65,0.92,16.8,27.0,3.5,7,2,1,HIIT,2
163,117,61,1.19,14.0,18.0,4.6,7,3,1,Yoga,3
179,144,64,0.87,15.8,27.3,3.5,6,2,1,Strength,2
186,143,63,1.25,15.8,25.6,3.6,7,2,1,Cardio,2
192,156,74,0.56,21.3,23.0,3.2,5,1,0,Strength,1
196,177,70,1.07,14.2,18.1,3.9,4,1,1,HIIT,1
194,155,65,1.4,8.0,20.8,3.8,5,3,1,Strength,3
177,149,66,0.4,21.7,27.1,3.8,2,0,0,Mixed,0
173,132,83,0.6,26.9,29.0,3.5,3,0,0,Yoga,0
168,137,79,0.81,30.5,19.9,2.7,3,0,0,Cardio,0
166,150,60,1.2,9.8,28.6,3.9,7,3,1,HIIT,3
200,159,65,1.15,18.3,26.7,3.4,7,2,1,Strength,2
187,171,78,0.53,22.8,24.0,3.6,3,0,0,HIIT,0
172,146,70,0.65,29.7,21.0,4.2,3,0,0,Mixed,0
180,163,65,1.02,19.6,21.7,3.8,7,2,1,HIIT,2
181,131,71,0.44,15.3,31.3,3.8,5,1,0,Yoga,1
171,123,65,0.58,32.9,24.7,3.9,3,0,0,Yoga,0
173,123,62,1.23,18.8,29.3,4.4,7,3,1,Yoga,3
185,154,63,0.98,27.9,25.0,4.5,4,1,1,Mixed,1
185,134,70,0.94,16.2,22.2,4.3,4,2,1,Yoga,2
189,158,67,1.04,18.6,26.3,4.5,6,3,1,Mixed,3
192,154,83,0.75,22.2,32.6,3.2,2,0,0,Cardio,0
202,169,68,0.83,25.5,21.4,4.1,3,1,0,Mixed,1
170,140,68,0.7,10.3,27.7,3.8,4,1,1,Strength,1
171,119,55,1.51,15.4,24.8,4.8,7,3,1,Yoga,3
167,153,78,0.62,29.6,18.2,2.7,3,0,0,HIIT,0
181,150,57,0.93,18.0,18.1,4.6,5,2,1,Mixed,2
164,129,63,0.68,19.7,22.2,2.3,3,1,0,Cardio,1
180,145,63,0.96,14.2,25.4,3.9,5,2,1,Strength,2
172,133,59,0.8,14.9,27.5,3.6,7,2,1,Cardio,2
158,128,70,0.61,24.5,18.0,2.5,2,0,0,Cardio,0
185,152,75,0.45,27.4,26.6,3.2,2,0,0,Strength,0
166,127,79,0.57,30.2,23.5,3.1,3,0,0,Yoga,0
194,176,73,0.84,21.0,24.0,3.1,3,1,0,HIIT,1
204,161,61,1.48,18.3,26.4,4.2,5,3,1,Strength,3
161,125,81,0.9,18.4,31.0,3.7,3,0,0,Yoga,0
156,118,71,0.66,16.1,25.2,3.5,3,1,0,Yoga,1
205,168,57,1.29,23.1,18.6,4.4,6,3,1,Mixed,3
176,122,56,1.31,16.5,23.3,4.1,7,3,1,Yoga,3
161,133,68,1.05,26.0,27.4,4.2,7,2,1,Strength,2
191,132,59,1.04,15.7,27.5,4.5,5,2,1,Yoga,2
196,166,77,1.02,33.8,26.7,3.9,2,0,0,Mixed,0
190,161,73,0.52,19.9,22.0,3.6,3,0,0,Mixed,0
186,169,71,0.4,17.1,18.5,3.3,3,0,0,HIIT,0
189,152,66,0.85,35.4,26.4,3.6,5,1,0,Strength,1
192,157,75,0.67,23.0,19.1,3.7,3,1,0,Strength,1
190,171,66,0.7,23.7,26.8,3.1,4,1,0,HIIT,1
193,157,74,0.78,21.5,26.8,3.9,2,0,0,Strength,0
167,134,73,0.67,25.6,22.1,3.2,2,0,0,Cardio,0
185,159,80,0.47,23.7,23.6,3.9,3,0,0,Mixed,0
196,151,68,1.47,21.9,24.8,3.8,6,3,1,Cardio,3
175,125,65,1.0,23.9,21.5,3.9,7,3,1,Yoga,3
201,182,73,0.95,29.6,18.5,2.8,3,0,0,HIIT,0
172,139,77,0.71,25.1,23.8,2.8,3,0,0,Cardio,0
198,134,55,1.14,8.5,24.3,4.1,7,3,1,Yoga,3
175,145,76,0.71,24.0,29.4,3.1,2,0,0,Strength,0
171,136,55,0.96,12.3,20.9,3.6,7,3,1,Strength,3
201,142,71,0.93,25.7,28.3,4.0,3,1,0,Yoga,1
176,128,70,1.08,25.6,19.4,4.4,3,1,0,Yoga,1
175,126,67,0.93,22.2,18.6,4.2,5,2,1,Yoga,2
164,124,75,0.48,24.7,22.8,3.4,3,0,0,Yoga,0
197,144,79,0.67,35.4,20.2,4.3,3,0,0,Yoga,0
177,160,61,0.94,22.7,18.6,3.8,5,2,1,HIIT,2
160,117,64,1.12,15.5,31.8,4.5,6,3,1,Yoga,3
179,146,67,0.78,14.8,22.2,3.2,4,2,1,Strength,2
159,132,70,1.02,17.9,33.2,3.9,6,2,1,Strength,2
195,176,66,0.97,11.1,20.0,3.8,7,3,1,HIIT,3
182,132,70,0.32,21.8,18.0,3.0,2,0,0,Yoga,0
181,154,73,0.9,20.4,29.2,4.6,3,1,0,Mixed,1
165,136,69,0.41,27.3,21.1,2.9,3,0,0,Strength,0
184,137,81,0.55,26.0,24.6,3.3,2,0,0,Yoga,0
173,145,61,1.13,18.6,18.6,4.5,5,2,1,Mixed,2
170,146,73,0.73,30.2,23.8,4.3,3,0,0,Mixed,0
177,142,76,0.42,25.9,18.5,2.4,2,0,0,Cardio,0
178,152,74,0.62,20.2,23.7,3.3,4,1,0,Mixed,1
164,142,77,0.91,32.7,22.1,4.7,2,0,0,Mixed,0
177,148,79,0.91,19.7,24.9,3.5,3,0,0,Strength,0
187,159,75,0.51,27.8,26.5,3.6,3,0,0,Mixed,0
187,155,61,1.25,8.0,25.0,4.7,7,3,1,Mixed,3
176,140,56,1.24,11.8,25.8,3.8,6,2,1,Strength,2
170,133,65,1.37,17.0,23.6,3.9,6,3,1,Cardio,3
191,145,59,1.01,11.1,22.3,3.4,7,3,1,Cardio,3
171,120,58,1.02,8.5,25.9,4.2,7,3,1,Yoga,3
167,130,85,0.44,28.4,23.6,3.7,3,0,0,Yoga,0
172,143,55,1.27,16.7,23.7,5.0,7,3,1,Mixed,3
170,145,70,0.83,23.5,25.6,4.5,5,1,1,Mixed,1
196,136,64,1.23,22.5,19.9,4.6,2,0,0,Yoga,0
201,141,67,1.2,12.8,29.7,3.9,7,2,1,Yoga,2
174,148,72,0.92,25.2,23.0,4.3,3,0,0,Mixed,0
179,143,60,0.87,19.9,24.5,3.9,3,0,0,Strength,0
163,138,80,0.78,21.4,23.8,3.2,2,0,0,Strength,0
175,141,64,0.69,23.1,26.6,3.3,5,1,0,Strength,1
164,121,70,1.24,18.8,25.4,4.2,7,2,1,Yoga,2
191,149,70,0.8,28.3,23.8,3.0,2,0,0,Cardio,0
173,123,63,0.75,16.5,29.8,4.2,7,2,1,Yoga,2
156,128,64,0.25,26.1,18.0,2.9,2,0,0,Strength,0
165,151,72,0.86,28.9,29.0,3.1,5,1,0,HIIT,1
180,147,72,0.57,28.6,27.7,3.0,2,0,0,Strength,0
178,160,58,1.54,11.2,18.0,3.8,7,3,1,HIIT,3
170,137,60,0.78,14.2,27.7,3.4,7,3,1,Strength,3
173,141,67,0.47,26.7,28.2,3.0,3,0,0,Strength,0
170,154,63,1.04,11.0,26.2,2.9,5,3,1,HIIT,3
193,154,62,0.61,21.9,18.0,4.1,5,2,1,Strength,2
201,184,85,0.65,26.3,26.7,2.6,2,0,0,HIIT,0
166,151,68,0.62,25.9,28.0,3.0,5,1,0,HIIT,1
205,141,63,0.67,20.0,21.7,4.2,6,2,1,Yoga,2
205,155,63,0.96,18.5,25.8,3.4,4,1,1,Cardio,1
181,127,62,1.06,20.8,22.6,4.1,4,1,1,Yoga,1
176,141,74,0.65,14.1,27.5,2.9,5,1,0,Cardio,1
169,136,75,0.47,29.8,22.7,2.5,4,1,0,Cardio,1
194,158,72,0.65,27.3,21.7,3.6,3,0,0,Strength,0
185,168,71,1.01,27.7,23.8,3.3,3,1,0,HIIT,1
175,139,71,1.04,22.9,18.6,2.8,5,2,1,Cardio,2
169,133,66,0.61,18.8,23.4,3.5,7,2,1,Cardio,2
168,134,72,0.41,24.6,25.4,2.5,4,1,0,Cardio,1
175,160,75,0.26,32.8,27.5,2.8,3,0,0,HIIT,0
192,162,72,0.53,24.6,25.0,4.0,2,0,0,Mixed,0
158,124,62,1.03,14.8,18.3,3.5,5,3,1,Cardio,3
195,178,79,0.87,20.4,29.4,3.6,4,1,0,HIIT,1
197,178,67,0.91,25.2,29.7,3.0,4,1,0,HIIT,1
172,149,79,0.5,27.9,24.5,3.8,2,0,0,Mixed,0
187,137,76,0.46,30.0,21.0,4.2,3,0,0,Yoga,0
167,134,72,0.7,26.5,21.9,2.3,2,0,0,Cardio,0
199,167,69,0.94,14.7,23.2,4.0,4,2,1,Mixed,2
168,144,74,0.43,27.4,25.1,4.2,5,1,0,Mixed,1
205,146,73,0.87,21.4,22.8,4.0,3,1,0,Yoga,1
196,151,69,0.81,13.3,20.6,2.3,6,3,1,Cardio,3
166,145,84,0.6,30.0,28.1,4.1,3,0,0,Mixed,0
177,151,75,0.48,24.4,25.0,3.2,3,0,0,Mixed,0
199,143,74,0.68,31.4,19.8,4.1,2,0,0,Yoga,0
197,163,63,0.78,17.9,25.2,4.1,5,1,1,Mixed,1
197,158,68,1.24,18.5,24.6,4.6,7,3,1,Strength,3
179,137,60,1.02,8.0,21.1,3.2,5,3,1,Cardio,3
181,141,67,0.97,26.5,28.8,3.8,5,1,0,Cardio,1
173,122,60,0.93,25.1,24.5,4.1,5,2,1,Yoga,2
162,136,55,1.23,19.2,23.1,4.5,6,3,1,Mixed,3
197,161,79,0.97,30.2,23.7,3.8,3,1,0,Strength,1
189,156,79,0.53,24.0,25.8,3.2,2,0,0,Strength,0
174,139,58,1.06,21.6,23.7,3.6,7,2,1,Strength,2
162,136,58,1.09,20.4,23.7,4.6,5,2,1,Mixed,2
165,150,71,0.94,18.5,28.3,3.5,4,1,0,HIIT,1
166,123,70,0.84,27.4,18.3,4.1,3,0,0,Yoga,0
160,146,69,0.71,22.5,19.0,3.5,3,1,0,HIIT,1
178,133,78,0.67,20.1,27.1,3.4,5,1,0,Yoga,1
171,139,80,0.65,27.4,33.7,2.9,3,0,0,Cardio,0
180,139,61,1.02,20.5,27.5,3.5,5,1,1,Cardio,1
195,164,70,0.63,30.8,31.5,4.6,2,0,0,Mixed,0
204,144,71,0.61,18.7,22.3,2.8,4,1,0,Yoga,1
181,166,81,0.45,24.1,21.5,3.1,2,0,0,HIIT,0
188,141,56,0.8,20.4,25.8,3.0,7,3,1,Cardio,3
167,145,77,0.75,36.6,27.8,4.0,2,0,0,Mixed,0
196,151,68,0.58,26.2,18.8,2.4,3,1,0,Cardio,1
192,176,84,0.84,27.7,23.1,3.2,3,0,0,HIIT,0
172,130,78,0.33,25.3,23.9,3.3,2,0,0,Yoga,0
178,144,64,1.16,11.5,21.3,3.9,7,2,1,Strength,2
196,151,68,0.25,26.1,21.8,2.3,2,0,0,Cardio,0
205,142,65,0.73,20.6,27.4,3.7,5,1,1,Yoga,1
166,129,62,0.96,27.2,25.9,3.2,2,0,0,Cardio,0
164,122,71,0.57,19.3,27.2,4.0,4,1,0,Yoga,1
188,170,68,0.8,29.5,25.3,2.9,6,2,0,HIIT,2
169,138,64,1.36,17.3,20.5,3.9,7,3,1,Strength,3
183,142,67,0.74,23.9,25.7,2.8,5,1,0,Cardio,1
189,160,71,1.13,18.2,20.2,4.4,5,2,1,Mixed,2
200,168,73,1.23,23.4,22.8,5.1,5,2,1,Mixed,2
164,131,72,0.63,24.5,19.9,2.7,3,0,0,Cardio,0
167,122,66,1.23,15.3,21.6,4.2,5,3,1,Yoga,3
172,126,71,0.61,36.4,24.4,3.6,4,1,0,Yoga,1
184,145,72,0.59,29.9,22.2,3.5,2,0,0,Cardio,0
181,129,66,1.17,16.2,20.5,4.5,7,3,1,Yoga,3
193,150,69,0.59,31.4,28.6,3.0,2,0,0,Cardio,0
160,146,63,0.69,23.1,23.5,3.1,3,1,0,HIIT,1
202,161,68,0.93,20.8,21.9,3.4,5,1,0,Strength,1
202,142,69,0.87,18.5,19.7,3.9,3,1,0,Yoga,1
172,138,57,1.25,24.9,18.0,3.6,6,2,1,Strength,2
178,163,77,0.78,23.7,23.1,3.2,2,0,0,HIIT,0
175,147,66,0.66,24.3,18.5,4.0,5,1,0,Mixed,1
189,171,68,0.41,25.9,26.8,2.8,2,0,0,HIIT,0
171,157,78,0.71,38.0,24.1,2.7,2,0,0,HIIT,0
194,135,63,1.11,20.9,30.2,4.2,5,2,1,Yoga,2
170,145,70,1.25,19.0,24.9,4.7,6,2,1,Mixed,2
180,148,72,0.69,18.1,21.1,3.3,5,1,0,Strength,1
163,141,74,0.34,22.4,18.0,3.6,2,0,0,Mixed,0
181,165,75,0.52,22.7,27.2,2.6,3,1,0,HIIT,1
166,144,77,0.5,24.6,18.8,3.8,3,0,0,Mixed,0
182,129,65,1.26,18.7,22.4,4.5,7,2,1,Yoga,2
180,134,78,0.49,26.0,30.7,3.1,2,0,0,Yoga,0
183,167,73,1.25,23.3,26.4,3.6,5,1,1,HIIT,1
159,126,65,0.44,27.1,25.6,2.9,4,1,0,Cardio,1
161,139,72,1.5,13.1,27.8,4.6,6,3,1,Mixed,3
183,151,75,0.76,31.7,27.6,3.7,3,0,0,Strength,0
194,176,75,0.81,32.2,30.3,3.3,2,0,0,HIIT,0
176,134,55,1.3,8.6,21.6,3.0,7,3,1,Cardio,3
190,160,71,0.93,22.0,22.5,4.5,5,1,1,Mixed,1
186,144,66,0.77,25.6,20.3,2.9,7,2,1,Cardio,2
156,141,59,1.01,16.5,23.9,4.1,6,2,1,HIIT,2
160,138,70,0.35,20.5,23.5,3.2,3,0,0,Mixed,0
179,141,71,0.59,29.2,18.0,2.8,2,0,0,Cardio,0
167,134,74,0.72,27.6,21.4,2.8,3,0,0,Cardio,0
165,120,66,0.93,17.9,29.8,4.0,7,2,1,Yoga,2
193,174,64,1.03,11.7,25.0,3.2,7,2,1,HIIT,2
197,158,67,1.01,16.8,26.9,3.7,4,2,1,Strength,2
179,163,73,0.78,16.7,23.5,2.9,3,1,0,HIIT,1
189,172,78,0.72,22.3,18.0,3.3,3,0,0,HIIT,0
163,122,72,0.89,26.4,23.5,4.2,4,1,0,Yoga,1
174,140,61,1.23,9.3,28.2,3.9,7,3,1,Strength,3
193,134,61,1.33,17.1,19.3,4.3,7,3,1,Yoga,3
189,172,74,0.83,21.8,27.0,3.6,3,0,0,HIIT,0
182,143,72,0.81,24.2,18.0,2.9,2,0,0,Cardio,0
159,126,65,1.46,13.0,24.1,3.4,4,2,1,Cardio,2
188,171,73,0.89,20.8,26.2,3.4,4,1,0,HIIT,1
205,172,73,0.5,24.0,22.8,3.7,4,1,0,Mixed,1
190,172,73,0.77,18.4,33.9,3.1,3,1,0,HIIT,1
182,166,73,0.73,28.0,22.0,3.0,3,0,0,HIIT,0
165,142,74,0.52,26.3,21.7,3.8,2,0,0,Mixed,0
162,140,74,0.65,28.4,24.8,4.1,3,0,0,Mixed,0
197,141,72,0.59,27.3,21.0,4.0,2,0,0,Yoga,0
166,135,79,0.79,22.1,18.2,2.5,3,0,0,Cardio,0
159,136,66,0.77,34.8,19.6,4.2,2,0,0,Mixed,0
191,175,85,0.6,28.3,27.0,3.0,3,0,0,HIIT,0
166,142,85,0.78,33.1,22.8,3.6,2,0,0,Strength,0
176,146,75,0.57,34.3,30.8,3.4,2,0,0,Strength,0
179,131,72,0.57,21.2,22.2,4.0,5,1,0,Yoga,1
183,147,64,1.39,10.7,26.8,4.6,7,3,1,Strength,3
169,135,71,0.61,25.3,26.0,2.3,3,0,0,Cardio,0
185,169,78,0.78,21.4,22.2,3.4,3,0,0,HIIT,0
184,152,77,0.84,21.5,20.5,3.7,4,1,0,Strength,1
181,137,56,1.02,12.3,18.0,3.2,4,2,1,Cardio,2
187,151,68,0.7,33.7,26.2,3.1,3,0,0,Strength,0
190,173,79,0.36,31.4,28.8,3.1,3,0,0,HIIT,0
179,125,59,1.09,10.5,18.0,4.0,6,3,1,Yoga,3
195,152,73,0.45,24.6,22.5,2.7,3,0,0,Cardio,0
192,158,58,0.9,16.4,21.3,4.2,7,3,1,Mixed,3
161,136,59,1.04,18.2,26.2,4.7,5,2,1,Mixed,2
203,161,63,0.93,18.2,22.7,4.1,5,2,1,Strength,2
202,167,63,0.8,25.0,29.3,4.7,3,1,0,Mixed,1
189,152,82,0.84,28.9,22.5,2.8,2,0,0,Cardio,0
185,155,66,1.14,15.4,19.1,4.5,7,2,1,Mixed,2
168,136,76,0.64,23.4,22.1,2.5,2,0,0,Cardio,0
174,148,73,0.68,27.8,22.6,4.3,3,1,0,Mixed,1
203,150,85,0.61,23.1,26.1,3.1,3,0,0,Yoga,0
187,152,70,0.83,19.9,22.5,3.5,2,0,0,Strength,0
159,125,61,0.68,21.1,25.8,2.1,4,1,0,Cardio,1
196,139,70,0.98,18.5,20.8,3.9,5,1,1,Yoga,1
200,160,66,0.44,22.0,22.8,3.7,2,0,0,Strength,0
186,133,68,0.62,26.4,20.9,4.0,4,1,0,Yoga,1
170,145,69,1.35,17.2,20.6,5.3,7,2,1,Mixed,2
195,154,78,0.66,27.2,29.1,2.5,5,1,0,Cardio,1
169,153,62,0.74,14.7,21.1,2.7,5,1,1,HIIT,1
173,122,60,0.93,18.3,22.6,4.1,7,2,1,Yoga,2
188,170,67,0.99,21.0,28.2,3.4,4,2,1,HIIT,2
186,147,74,0.6,26.7,27.0,2.5,3,1,0,Cardio,1
200,166,64,1.11,20.3,30.6,4.5,7,3,1,Mixed,3
193,164,77,1.15,18.0,25.9,4.8,4,1,1,Mixed,1
150,140,79,0.69,22.6,21.6,3.4,3,0,0,HIIT,0
180,145,64,1.32,19.2,32.2,4.5,4,2,1,Strength,2
183,168,80,0.69,27.1,26.3,3.4,3,0,0,HIIT,0
191,172,60,0.82,12.7,23.4,3.5,7,3,1,HIIT,3
205,185,71,0.72,22.0,24.2,3.2,5,1,0,HIIT,1
164,149,63,1.08,16.8,24.7,3.9,7,2,1,HIIT,2
189,148,71,1.17,24.3,23.1,3.4,3,1,0,Cardio,1
161,128,67,0.74,25.3,18.5,2.8,3,0,0,Cardio,0
165,151,70,1.04,19.4,30.5,3.5,5,2,1,HIIT,2
179,161,60,1.16,17.7,23.9,3.6,7,2,1,HIIT,2
169,140,56,1.22,11.2,24.7,4.9,5,3,1,Mixed,3
186,129,58,0.69,22.5,32.3,4.1,4,1,1,Yoga,1
195,150,66,0.77,18.7,21.3,2.8,5,1,0,Cardio,1
178,141,55,0.92,16.6,26.6,4.1,7,3,1,Strength,3
166,139,76,0.98,23.4,20.8,3.9,2,0,0,Strength,0
197,159,69,0.76,24.1,25.3,3.9,2,0,0,Strength,0
170,126,73,0.63,28.8,24.8,3.5,3,0,0,Yoga,0
205,168,57,1.26,15.8,27.2,4.7,7,3,1,Mixed,3
200,140,66,0.92,34.7,28.8,3.9,3,0,0,Yoga,0
201,181,66,1.28,21.8,21.7,3.4,4,2,1,HIIT,2
165,141,69,0.94,30.7,29.7,4.0,5,1,0,Mixed,1
180,154,75,0.67,20.8,29.9,3.7,3,0,0,Mixed,0
165,150,64,1.17,15.4,23.0,3.9,7,3,1,HIIT,3
192,155,70,0.73,17.3,24.0,3.2,5,1,0,Strength,1
187,151,68,0.63,27.0,22.0,3.9,5,1,0,Strength,1
161,132,80,0.25,28.6,22.8,2.3,3,0,0,Cardio,0
191,156,73,0.76,29.5,19.2,3.0,2,0,0,Strength,0
163,118,62,0.85,22.2,27.1,4.0,5,2,1,Yoga,2
192,163,78,0.89,32.8,18.0,4.4,2,0,0,Mixed,0
203,155,66,0.93,27.0,21.2,3.3,3,1,0,Cardio,1
194,154,81,0.27,24.2,23.8,2.4,3,0,0,Cardio,0
200,158,61,1.24,17.0,29.2,3.8,6,3,1,Strength,3
165,133,73,1.09,18.3,21.8,3.6,4,2,1,Cardio,2
166,131,65,1.37,17.6,25.7,3.8,7,2,1,Cardio,2
204,185,80,0.72,33.3,23.7,3.8,2,0,0,HIIT,0
159,130,62,0.69,19.6,27.8,3.0,3,1,0,Strength,1
180,151,81,0.66,25.4,25.5,3.2,2,0,0,Strength,0
191,163,78,0.36,25.0,27.3,3.7,2,0,0,Mixed,0
166,123,72,0.76,36.2,21.8,3.7,2,0,0,Yoga,0
191,147,64,1.2,12.3,19.9,3.2,6,3,1,Cardio,3
194,146,55,1.1,14.3,25.5,3.3,7,3,1,Cardio,3
176,127,68,0.99,25.0,22.0,3.8,4,1,0,Yoga,1
174,125,66,0.41,27.1,24.1,3.4,3,1,0,Yoga,1
172,138,75,0.86,25.8,25.3,3.2,4,1,0,Cardio,1
183,137,81,0.69,24.4,29.0,3.7,3,0,0,Yoga,0
173,157,63,0.75,20.6,27.1,2.7,5,2,1,HIIT,2
193,133,59,0.8,21.3,21.3,4.5,5,2,1,Yoga,2
191,153,65,1.06,31.4,19.4,4.0,3,1,0,Strength,1
186,144,65,0.81,19.5,30.8,2.8,4,2,1,Cardio,2
193,146,60,1.35,18.0,18.0,3.4,5,3,1,Cardio,3
171,125,68,0.85,25.8,22.2,4.2,4,1,0,Yoga,1
176,148,66,0.53,25.3,26.6,4.2,4,1,0,Mixed,1
182,165,68,1.39,11.9,30.6,3.9,7,3,1,HIIT,3
165,134,62,0.97,14.0,23.2,3.8,6,2,1,Strength,2
186,127,56,1.19,17.8,24.1,4.4,6,3,1,Yoga,3
196,167,81,0.49,28.6,20.5,4.2,2,0,0,Mixed,0
163,123,74,0.7,24.9,24.5,4.0,2,0,0,Yoga,0
185,146,73,0.98,23.6,19.4,3.1,4,1,0,Cardio,1
169,140,71,0.25,28.1,21.0,3.2,2,0,0,Strength,0
161,117,63,1.35,17.3,27.1,5.0,6,3,1,Yoga,3
187,147,74,0.84,30.3,22.3,3.5,5,1,0,Cardio,1
165,149,55,1.06,8.0,27.7,3.8,6,3,1,HIIT,3
205,159,72,0.6,26.1,23.4,2.9,2,0,0,Cardio,0
196,140,70,0.91,19.3,18.5,4.0,2,0,0,Yoga,0
173,128,72,0.55,24.7,28.7,3.8,2,0,0,Yoga,0
197,180,83,0.77,29.3,18.7,3.2,2,0,0,HIIT,0
178,130,71,1.04,18.5,21.6,3.8,3,1,0,Yoga,1
170,149,85,0.74,28.7,23.2,4.2,2,0,0,Mixed,0
174,160,77,0.83,22.8,28.0,3.4,5,1,0,HIIT,1
202,163,71,1.35,21.1,21.9,3.6,6,2,1,Strength,2
204,162,82,0.81,33.6,20.3,3.1,3,0,0,Cardio,0
187,155,81,0.6,30.9,24.7,3.1,3,0,0,Strength,0
197,179,79,0.86,24.7,23.1,3.6,5,1,0,HIIT,1
170,145,68,1.18,24.0,22.1,5.2,7,2,1,Mixed,2
177,160,63,1.27,14.3,24.9,4.0,5,3,1,HIIT,3
164,140,68,1.11,17.1,19.2,4.6,5,2,1,Mixed,2
157,113,58,1.04,15.9,18.0,4.2,6,3,1,Yoga,3
205,186,79,0.84,28.6,32.6,3.3,3,0,0,HIIT,0
192,159,81,0.62,27.8,24.4,3.4,3,0,0,Strength,0
161,127,62,1.09,19.5,24.7,3.2,7,2,1,Cardio,2
170,154,61,1.06,26.1,20.9,3.3,6,2,1,HIIT,2
190,145,62,0.86,23.2,27.6,3.5,4,2,1,Cardio,2
173,159,77,0.82,26.0,21.9,3.2,5,1,0,HIIT,1
177,162,74,0.31,20.1,18.0,2.8,2,0,0,HIIT,0
183,166,69,0.7,22.2,21.7,2.8,3,0,0,HIIT,0
181,131,70,0.72,28.6,22.9,4.0,2,0,0,Yoga,0
180,147,70,0.82,32.5,23.3,3.5,2,0,0,Strength,0
169,121,61,0.93,15.4,23.2,4.1,4,2,1,Yoga,2
182,148,68,0.38,32.0,21.4,3.3,2,0,0,Strength,0
192,150,73,0.64,26.6,21.0,2.8,5,1,0,Cardio,1
166,118,59,1.2,17.8,22.8,4.1,7,3,1,Yoga,3
184,145,73,1.13,20.0,18.0,3.3,3,1,0,Cardio,1
190,171,64,0.31,29.3,18.0,2.7,2,0,0,HIIT,0
170,125,70,1.03,17.1,24.4,4.2,6,2,1,Yoga,2
196,137,65,0.66,17.8,24.5,4.1,7,2,1,Yoga,2
179,164,78,0.5,27.8,27.5,2.7,3,0,0,HIIT,0
172,147,73,0.81,13.1,23.0,4.2,5,2,1,Mixed,2
195,153,77,0.5,20.1,19.2,2.5,2,0,0,Cardio,0
176,146,76,1.12,13.4,18.0,4.4,5,2,1,Strength,2
180,146,66,0.55,23.7,20.4,3.7,2,0,0,Strength,0
189,153,68,0.45,19.7,25.7,2.6,5,1,0,Strength,1
177,125,61,0.69,18.3,29.8,4.1,5,1,1,Yoga,1
175,143,67,0.99,25.3,24.2,3.9,4,2,1,Strength,2
204,163,65,1.04,16.1,19.1,3.9,7,2,1,Strength,2
197,175,55,1.23,11.5,20.5,3.9,7,3,1,HIIT,3
182,148,85,0.44,26.0,20.6,2.4,2,0,0,Cardio,0
195,136,63,1.08,20.8,22.4,4.3,4,2,1,Yoga,2
194,175,64,0.36,22.9,28.5,2.8,3,0,0,HIIT,0
192,174,73,0.99,18.1,28.8,3.1,4,1,0,HIIT,1
170,126,73,0.49,23.9,23.3,3.2,3,1,0,Yoga,1
186,169,73,0.87,19.5,24.7,2.9,3,0,0,HIIT,0
165,143,79,0.86,25.3,20.8,3.8,3,0,0,Mixed,0
182,127,60,0.58,23.6,18.0,3.4,5,2,1,Yoga,2
179,142,73,0.62,35.8,31.2,2.8,2,0,0,Cardio,0
188,138,77,0.57,29.7,18.0,2.7,2,0,0,Yoga,0
170,155,75,1.01,24.4,18.0,3.9,5,1,0,HIIT,1
190,173,74,0.57,17.9,31.2,3.0,2,0,0,HIIT,0
193,151,73,0.9,27.5,24.1,2.7,2,0,0,Cardio,0
167,133,70,0.97,20.7,19.5,2.7,4,1,0,Cardio,1
174,147,65,0.46,26.0,26.7,4.1,3,0,0,Mixed,0
169,119,59,1.32,14.0,27.1,4.3,7,3,1,Yoga,3
185,146,55,1.26,15.3,18.7,4.1,5,3,1,Strength,3
175,159,66,0.91,23.1,21.9,3.9,5,1,1,HIIT,1
186,150,68,0.62,31.7,27.5,3.4,3,0,0,Strength,0
165,151,73,0.97,37.4,20.7,4.0,3,1,0,HIIT,1
184,145,71,0.65,24.2,25.1,2.6,3,0,0,Cardio,0
180,149,76,0.88,16.4,29.7,3.6,5,1,0,Strength,1
176,160,66,0.59,33.6,18.0,2.7,2,0,0,HIIT,0
192,134,64,0.9,19.7,22.6,3.8,5,2,1,Yoga,2
160,122,75,0.43,25.1,25.0,3.5,2,0,0,Yoga,0
198,142,72,0.91,18.8,18.0,3.8,5,1,1,Yoga,1
205,187,85,0.6,27.5,21.9,2.7,3,0,0,HIIT,0
180,126,60,0.66,22.8,28.2,3.1,3,1,0,Yoga,1
173,148,71,0.62,26.1,21.2,3.9,3,0,0,Mixed,0
188,158,70,1.3,16.4,18.1,4.5,7,3,1,Mixed,3
198,152,65,0.83,19.6,28.5,3.1,4,1,0,Cardio,1
177,147,77,0.25,29.3,25.8,3.2,3,0,0,Strength,0
198,179,70,0.48,24.9,23.7,3.0,2,0,0,HIIT,0
169,124,68,0.93,24.3,23.6,3.6,3,0,0,Yoga,0
158,116,66,0.98,26.5,28.1,4.0,4,1,0,Yoga,1
203,161,85,0.45,27.3,25.2,2.6,3,0,0,Cardio,0
170,154,64,0.77,20.9,26.6,3.5,4,1,0,HIIT,1
180,164,74,0.55,30.4,21.2,3.5,3,0,0,HIIT,0
190,133,64,0.53,8.1,18.0,3.4,4,2,1,Yoga,2
183,167,75,1.18,18.3,26.5,3.7,3,1,0,HIIT,1
184,133,71,1.04,19.5,28.4,4.6,4,2,1,Yoga,2
199,164,61,1.33,13.9,23.1,4.4,7,3,1,Mixed,3
194,132,55,1.68,18.6,27.6,4.5,5,3,1,Yoga,3
168,134,71,0.94,26.1,22.7,3.3,2,0,0,Cardio,0
177,135,59,1.09,11.4,23.6,3.2,7,2,1,Cardio,2
182,134,76,0.88,19.9,31.0,3.7,4,1,0,Yoga,1
188,170,65,1.1,20.6,22.8,3.6,4,1,1,HIIT,1
176,144,68,1.01,23.6,22.6,4.0,5,3,1,Strength,3
163,142,77,0.52,29.9,18.0,4.5,3,0,0,Mixed,0
172,143,76,0.42,23.2,26.8,3.2,3,1,0,Strength,1
175,152,81,0.95,20.7,21.2,4.4,4,1,0,Mixed,1
181,154,70,0.61,29.8,24.6,4.0,3,0,0,Mixed,0
181,162,55,1.48,15.1,22.7,4.4,6,3,1,HIIT,3
180,154,76,0.72,26.5,22.2,3.9,2,0,0,Mixed,0
180,142,70,0.9,19.6,23.5,3.2,7,2,1,Cardio,2
189,143,57,1.44,12.9,23.8,4.3,5,3,1,Cardio,3
162,138,65,1.03,13.2,28.7,4.7,7,2,1,Mixed,2
174,126,66,1.25,16.0,30.1,4.3,7,3,1,Yoga,3
180,150,81,0.81,26.6,26.6,3.9,2,0,0,Strength,0
189,171,67,0.68,19.8,29.1,3.2,3,1,0,HIIT,1
188,159,71,0.81,24.1,27.4,4.0,4,1,0,Mixed,1
201,166,60,0.84,14.1,26.0,4.1,5,2,1,Mixed,2
173,147,68,0.72,26.8,29.8,4.2,2,0,0,Mixed,0
172,137,72,1.05,22.4,18.8,2.9,6,2,1,Cardio,2
193,148,64,0.66,32.3,21.3,3.6,3,0,0,Cardio,0
179,148,76,0.6,26.5,20.7,3.0,3,0,0,Strength,0
176,160,68,0.83,22.9,22.8,3.7,5,1,0,HIIT,1
181,154,73,0.42,27.9,26.7,3.7,4,1,0,Mixed,1
190,144,57,1.13,19.8,19.5,3.1,7,3,1,Cardio,3
188,147,71,1.02,16.7,26.0,3.4,6,2,1,Cardio,2
170,125,69,0.72,19.7,21.7,3.4,5,1,0,Yoga,1
161,141,82,0.59,33.8,22.6,4.2,2,0,0,Mixed,0
187,159,76,0.73,35.2,24.8,4.1,3,0,0,Mixed,0
160,146,65,1.0,14.7,30.7,3.5,4,1,1,HIIT,1
170,128,78,0.36,27.7,21.2,3.0,3,0,0,Yoga,0
185,156,67,1.2,24.3,23.7,4.9,4,2,1,Mixed,2
159,129,74,0.8,30.3,19.7,2.9,3,0,0,Cardio,0
175,144,71,0.81,26.6,21.1,3.4,3,0,0,Strength,0
179,162,69,1.16,28.7,19.7,3.9,7,2,1,HIIT,2
189,157,60,1.32,15.4,25.0,4.6,5,2,1,Mixed,2
162,139,71,0.46,23.1,25.7,4.0,2,0,0,Mixed,0
164,134,78,0.55,28.5,26.7,2.6,3,0,0,Cardio,0
195,154,59,1.15,18.8,21.0,4.3,7,3,1,Strength,3
162,124,55,0.9,12.3,26.0,2.7,4,2,1,Cardio,2
197,149,60,1.15,8.0,24.5,3.2,4,2,1,Cardio,2
191,157,77,0.76,29.0,23.8,3.6,2,0,0,Strength,0
165,131,69,0.91,24.0,19.0,3.1,3,1,0,Cardio,1
196,153,74,0.51,24.2,24.6,2.7,2,0,0,Cardio,0
173,139,76,0.79,25.8,24.7,3.0,2,0,0,Cardio,0
178,147,77,0.47,31.0,24.4,3.6,2,0,0,Strength,0
202,158,76,0.27,29.1,25.6,2.3,2,0,0,Cardio,0
189,149,55,0.96,26.7,26.8,3.6,5,3,1,Strength,3
193,162,70,1.02,20.3,19.6,4.6,3,1,0,Mixed,1
205,169,62,1.01,15.6,23.1,4.4,5,2,1,Mixed,2
167,130,60,1.11,10.2,26.1,3.1,6,3,1,Cardio,3
192,142,80,1.02,23.5,22.9,3.6,2,0,0,Yoga,0
184,155,70,0.73,25.3,27.8,4.4,2,0,0,Mixed,0
171,143,75,0.89,24.7,24.4,3.8,2,0,0,Strength,0
177,149,62,0.95,10.8,18.0,4.4,7,3,1,Mixed,3
180,151,63,1.15,19.9,27.4,4.7,4,2,1,Mixed,2
173,135,63,0.68,25.6,23.5,2.6,5,1,0,Cardio,1
193,153,59,1.22,16.3,18.0,3.9,7,2,1,Strength,2
171,127,75,0.32,27.1,23.0,3.2,3,0,0,Yoga,0
195,158,72,0.41,34.9,18.9,3.5,3,0,0,Strength,0
200,165,60,1.03,22.2,27.0,4.3,3,1,1,Mixed,1
168,141,61,0.73,21.0,23.9,3.7,5,2,1,Mixed,2
179,140,68,0.89,21.3,20.3,3.1,3,0,0,Cardio,0
205,148,79,0.89,26.9,27.2,3.8,3,0,0,Yoga,0
169,153,63,0.84,21.1,25.8,3.1,3,1,0,HIIT,1
193,143,82,0.42,28.0,23.1,3.0,2,0,0,Yoga,0
176,146,76,1.16,26.5,19.0,4.3,7,2,1,Strength,2
170,134,66,0.98,22.4,20.6,3.2,3,1,0,Cardio,1
163,149,67,0.92,22.7,20.6,3.1,3,1,0,HIIT,1
205,184,65,0.88,8.0,27.0,3.0,7,3,1,HIIT,3
164,136,70,0.93,26.0,18.0,3.7,4,2,0,Strength,2
185,146,73,0.59,27.2,23.8,2.8,2,0,0,Cardio,0
172,156,68,0.76,23.7,23.0,3.4,5,1,0,HIIT,1
188,148,73,0.71,24.7,28.1,2.9,3,0,0,Cardio,0
185,148,61,0.74,14.6,24.9,3.1,5,2,1,Strength,2
201,161,70,0.83,24.2,26.1,3.4,7,2,1,Strength,2
187,146,71,0.79,27.1,21.9,2.9,4,1,0,Cardio,1
155,127,61,0.67,13.7,19.1,3.7,6,2,1,Strength,2
163,135,70,0.63,26.0,22.7,3.8,5,1,0,Strength,1
182,164,63,1.11,20.9,27.1,3.7,5,2,1,HIIT,2
205,163,85,0.96,24.6,27.1,3.3,3,0,0,Cardio,0
175,145,74,0.92,29.9,22.3,3.4,3,0,0,Strength,0
177,128,69,1.03,21.9,20.6,4.3,7,2,1,Yoga,2
169,127,77,0.71,31.4,19.8,3.3,3,0,0,Yoga,0
192,153,64,0.75,19.5,23.5,3.9,6,2,1,Strength,2
199,166,67,1.0,10.2,24.5,4.3,6,2,1,Mixed,2
173,125,66,0.72,16.5,29.9,3.8,7,2,1,Yoga,2
179,164,77,1.2,25.9,24.5,3.5,5,2,1,HIIT,2
195,177,70,1.01,18.4,26.5,4.3,3,1,0,HIIT,1
163,146,55,0.87,9.2,20.9,3.4,7,3,1,HIIT,3
185,154,81,0.74,27.8,24.2,3.2,3,1,0,Strength,1
186,151,67,0.79,11.0,24.6,3.9,5,1,1,Strength,1
184,133,70,0.75,25.5,23.4,4.0,3,1,0,Yoga,1
179,161,57,0.88,16.1,23.9,3.5,7,3,1,HIIT,3
171,156,72,0.75,29.9,24.5,3.5,2,0,0,HIIT,0
165,139,59,1.08,16.3,25.9,4.3,7,2,1,Mixed,2
187,151,65,0.67,23.4,28.7,3.3,3,0,0,Strength,0
171,126,71,0.34,23.1,18.0,3.0,3,0,0,Yoga,0
203,140,63,0.75,8.0,28.5,4.1,6,3,1,Yoga,3
188,152,67,0.53,25.8,18.0,3.7,2,0,0,Strength,0
183,166,68,0.93,12.5,25.2,3.4,6,2,1,HIIT,2
187,150,82,0.71,22.6,33.4,3.1,3,1,0,Cardio,1
179,128,66,0.71,22.0,23.8,3.8,6,2,1,Yoga,2
167,135,58,1.02,18.1,24.7,3.7,4,2,1,Strength,2
180,164,77,0.66,33.4,22.8,3.2,2,0,0,HIIT,0
186,169,75,0.52,27.8,26.7,2.9,3,1,0,HIIT,1
177,163,82,0.52,18.7,25.4,2.7,2,0,0,HIIT,0
157,136,71,0.92,24.3,21.3,4.4,4,1,0,Mixed,1
165,150,68,1.24,16.9,23.5,3.8,4,2,1,HIIT,2
163,142,79,0.94,23.7,19.5,4.1,2,0,0,Mixed,0
176,144,68,0.71,22.2,23.5,3.9,6,2,1,Strength,2
168,154,77,0.95,29.6,22.3,3.5,2,0,0,HIIT,0
198,160,72,0.94,26.3,24.5,3.3,3,0,0,Strength,0
189,140,80,0.59,27.0,21.2,3.3,2,0,0,Yoga,0
174,159,72,1.06,26.5,23.1,3.4,3,0,0,HIIT,0
168,147,83,0.68,18.9,24.0,3.8,4,1,0,Mixed,1
174,128,72,0.9,33.4,24.3,4.7,3,0,0,Yoga,0
174,141,64,1.14,22.7,25.1,3.3,5,3,1,Strength,3
190,143,55,1.08,15.4,23.3,3.7,5,3,1,Cardio,3
190,153,68,0.67,20.0,20.9,3.9,5,1,0,Strength,1
181,130,67,0.59,29.5,24.3,2.9,5,1,0,Yoga,1
186,127,55,1.0,18.2,23.3,4.2,6,3,1,Yoga,3
156,114,62,0.99,22.1,28.1,4.8,6,2,1,Yoga,2
193,175,77,0.72,25.6,28.6,3.1,2,0,0,HIIT,0
198,158,64,1.34,23.9,18.5,4.3,5,2,1,Strength,2
178,149,81,0.69,34.7,26.5,2.7,2,0,0,Strength,0
195,163,65,0.63,19.0,27.3,3.3,4,1,0,Mixed,1
166,139,73,0.97,21.5,18.6,3.8,5,1,0,Strength,1
197,163,62,1.06,25.2,26.3,4.2,7,2,1,Mixed,2
200,158,81,0.7,27.3,27.6,2.9,3,0,0,Cardio,0
177,162,79,0.34,29.8,20.2,2.8,2,0,0,HIIT,0
170,139,65,1.13,13.5,23.1,4.1,7,3,1,Strength,3
174,136,64,1.12,20.3,24.7,3.2,4,2,1,Cardio,2
190,156,77,0.65,29.6,26.3,3.4,5,1,0,Strength,1
189,156,57,0.82,16.3,20.0,4.0,4,2,1,Mixed,2
203,155,67,1.14,19.4,28.6,3.9,5,2,1,Cardio,2
169,139,71,0.92,24.9,18.0,4.1,3,1,0,Strength,1
195,154,79,0.68,21.1,29.3,2.9,3,0,0,Cardio,0
175,138,70,0.78,24.1,26.2,2.2,3,1,0,Cardio,1
154,139,55,1.49,22.0,21.5,4.4,7,3,1,HIIT,3
168,152,60,0.84,21.8,27.5,3.4,5,2,1,HIIT,2
170,135,70,0.52,20.7,19.8,2.6,3,1,0,Cardio,1
170,141,74,0.38,28.3,24.5,3.0,3,0,0,Strength,0
177,138,64,1.4,17.6,25.0,3.6,5,3,1,Cardio,3
187,153,75,0.85,23.9,24.9,3.6,3,1,0,Strength,1
190,160,70,1.09,20.8,20.6,4.3,3,1,0,Mixed,1
180,133,75,0.99,32.3,22.0,4.6,2,0,0,Yoga,0
185,150,70,1.13,12.1,24.5,3.7,5,2,1,Strength,2
197,178,74,0.6,29.1,21.1,3.5,2,0,0,HIIT,0
168,138,69,0.73,26.6,25.1,3.7,3,1,0,Strength,1
166,120,63,1.05,25.5,21.5,4.5,5,1,1,Yoga,1
196,151,69,0.81,14.0,28.0,2.9,7,2,1,Cardio,2
194,163,70,0.77,17.3,30.3,4.0,4,1,0,Mixed,1
169,146,76,0.84,22.0,22.8,4.8,5,1,0,Mixed,1
184,132,69,0.58,26.4,27.7,3.3,3,0,0,Yoga,0
190,158,63,1.15,21.1,23.2,4.0,6,2,1,Mixed,2
182,152,80,0.6,23.8,20.3,3.8,3,0,0,Strength,0
170,136,72,0.25,24.9,22.3,2.3,4,1,0,Cardio,1
179,145,64,0.51,20.8,24.3,2.9,4,1,0,Strength,1
179,130,70,0.84,18.9,18.0,3.9,6,2,1,Yoga,2
163,147,58,1.15,23.6,26.5,3.7,7,2,1,HIIT,2
185,156,69,0.81,18.8,24.3,4.2,4,2,1,Mixed,2
171,125,70,0.87,21.9,28.0,4.2,3,0,0,Yoga,0
195,154,76,0.87,21.4,26.4,3.3,3,1,0,Cardio,1
159,146,76,0.54,26.5,24.5,2.9,3,0,0,HIIT,0
181,143,72,0.87,17.0,22.6,3.2,3,1,0,Cardio,1
184,150,70,0.8,22.5,30.1,3.6,4,1,0,Strength,1
197,179,75,0.79,32.6,32.7,3.2,2,0,0,HIIT,0
180,153,70,1.19,24.7,22.6,4.6,4,1,1,Mixed,1
186,168,64,1.18,8.0,28.2,3.9,5,3,1,HIIT,3
182,147,65,1.0,18.7,21.2,4.1,5,2,1,Strength,2
196,165,72,1.11,22.5,21.6,4.8,5,2,1,Mixed,2
159,130,61,1.08,14.5,22.5,3.7,5,2,1,Strength,2
193,158,74,0.65,31.6,26.7,3.3,5,1,0,Strength,1
182,153,68,1.29,21.7,19.7,4.7,7,2,1,Mixed,2
177,153,81,0.57,23.5,30.2,3.8,3,0,0,Mixed,0
194,158,76,0.52,25.8,27.8,3.0,3,0,0,Strength,0
203,165,77,0.28,33.2,26.6,3.3,2,0,0,Strength,0
173,149,77,0.77,28.4,22.8,3.7,2,0,0,Mixed,0
178,144,64,0.79,26.1,27.3,3.8,3,1,0,Strength,1
175,141,77,0.9,31.9,18.0,3.1,2,0,0,Cardio,0
167,135,76,1.21,21.3,25.8,3.9,7,3,1,Cardio,3
186,145,68,1.1,13.3,24.6,2.8,7,3,1,Cardio,3
198,148,56,1.02,14.4,18.0,3.3,6,3,1,Cardio,3
189,149,56,0.97,18.8,25.6,3.8,7,2,1,Strength,2
153,125,60,1.48,8.0,26.4,4.6,5,3,1,Strength,3
203,184,75,0.75,18.8,18.0,3.7,5,1,0,HIIT,1
172,157,70,0.74,29.0,19.3,3.6,3,1,0,HIIT,1
169,156,84,0.51,31.3,32.3,2.9,3,0,0,HIIT,0
170,154,66,0.79,24.7,23.3,3.1,5,1,0,HIIT,1
162,133,66,1.04,17.7,27.9,3.8,6,2,1,Strength,2
185,167,69,0.8,28.1,28.5,2.9,5,1,0,HIIT,1
171,143,79,0.86,21.4,25.6,3.3,2,0,0,Strength,0
181,143,74,0.76,33.6,28.1,2.6,3,1,0,Cardio,1
196,161,81,0.57,25.8,18.0,3.1,2,0,0,Strength,0
196,176,64,0.98,10.8,23.1,3.5,7,2,1,HIIT,2
153,130,76,1.14,26.9,18.0,3.9,5,1,0,Strength,1
183,147,62,1.29,22.8,18.0,4.1,7,3,1,Strength,3
184,155,67,1.01,24.6,21.8,4.8,7,3,1,Mixed,3
194,177,82,0.5,25.5,21.3,2.7,2,0,0,HIIT,0
191,132,60,0.98,22.0,24.2,4.2,5,3,1,Yoga,3
188,129,57,1.24,19.1,23.9,4.7,6,3,1,Yoga,3
173,142,71,0.38,33.5,24.5,2.6,3,1,0,Strength,1
176,150,70,1.21,16.0,24.7,4.5,4,2,1,Mixed,2
205,164,67,0.89,22.0,25.3,3.5,2,0,0,Strength,0
173,156,58,0.93,13.4,20.2,3.5,7,3,1,HIIT,3
199,155,73,0.7,25.4,21.1,2.8,4,1,0,Cardio,1
174,138,55,1.28,8.9,23.9,3.8,6,3,1,Strength,3
194,136,65,0.63,22.5,23.9,3.2,3,1,0,Yoga,1
160,131,62,0.54,26.1,19.7,3.2,5,2,0,Strength,2
187,169,70,1.24,27.3,28.3,3.5,5,1,0,HIIT,1
187,170,68,0.53,21.9,26.9,2.9,3,1,0,HIIT,1
194,133,58,1.03,13.2,20.6,4.6,7,3,1,Yoga,3
188,129,58,1.04,14.0,23.2,4.2,4,2,1,Yoga,2
169,145,74,1.15,15.1,32.0,4.7,7,2,1,Mixed,2
171,145,67,0.95,22.2,24.6,3.6,3,1,0,Mixed,1
200,149,55,0.98,11.8,25.6,3.1,6,3,1,Cardio,3
160,120,71,1.15,20.2,21.6,4.2,6,2,1,Yoga,2
190,160,71,0.45,22.9,22.7,3.8,2,0,0,Mixed,0
186,129,59,0.6,16.0,30.0,3.7,6,2,1,Yoga,2
178,148,78,0.97,20.5,24.5,3.9,3,0,0,Strength,0
172,145,62,1.17,15.4,23.7,4.7,4,2,1,Mixed,2
195,141,76,0.67,25.9,24.0,3.7,2,0,0,Yoga,0
194,137,67,1.13,25.5,34.2,3.9,3,1,0,Yoga,1
170,137,63,0.83,13.6,24.2,3.5,5,2,1,Strength,2
174,125,65,0.52,18.9,20.7,3.7,4,1,0,Yoga,1
183,152,59,0.73,21.5,21.4,4.0,5,2,1,Mixed,2
186,159,77,1.23,22.2,27.1,4.4,7,3,1,Mixed,3
180,140,66,1.04,16.2,18.3,3.1,5,1,1,Cardio,1
160,126,63,0.54,19.7,25.8,2.3,4,1,0,Cardio,1
188,161,81,0.52,40.0,21.1,3.9,3,0,0,Mixed,0
188,147,71,0.91,21.3,18.0,2.9,3,1,0,Cardio,1
195,153,75,0.84,28.2,20.1,3.4,2,0,0,Cardio,0
201,161,68,0.7,20.2,24.1,4.0,5,1,0,Strength,1
175,160,73,0.94,27.7,29.6,3.8,2,0,0,HIIT,0
167,129,59,1.42,8.0,27.7,3.7,7,3,1,Cardio,3
190,174,81,0.41,21.1,22.8,2.3,3,0,0,HIIT,0
191,150,74,0.65,29.4,27.9,3.0,2,0,0,Cardio,0
198,180,76,0.67,23.4,22.6,3.5,5,1,0,HIIT,1
176,131,75,0.52,22.9,18.1,3.2,2,0,0,Yoga,0
195,177,74,0.93,27.0,24.1,3.3,3,0,0,HIIT,0
195,175,60,1.0,16.1,18.0,3.8,6,2,1,HIIT,2
163,126,81,0.97,14.8,27.2,4.3,3,1,0,Yoga,1
195,141,75,0.72,24.5,27.2,3.9,2,0,0,Yoga,0
173,139,75,0.97,22.8,20.5,3.4,3,0,0,Cardio,0
174,141,79,0.74,30.6,24.6,2.6,3,1,0,Cardio,1
162,147,67,1.03,18.5,24.5,3.7,6,2,1,HIIT,2
175,149,73,0.86,12.3,27.5,4.5,5,1,1,Mixed,1
205,186,75,0.26,29.8,19.0,2.8,3,0,0,HIIT,0
167,141,66,0.37,22.3,26.4,3.7,5,1,0,Mixed,1
177,127,66,1.12,18.3,18.7,4.4,5,3,1,Yoga,3
176,159,63,1.19,25.7,27.1,3.5,3,1,0,HIIT,1
179,141,70,0.26,31.2,28.3,2.7,2,0,0,Cardio,0
177,144,66,1.05,21.8,21.3,4.1,4,1,1,Strength,1
178,139,66,1.01,8.4,28.9,3.4,7,2,1,Cardio,2
179,148,75,0.25,26.9,18.0,2.7,2,0,0,Strength,0
197,163,61,0.91,22.2,28.4,4.2,5,1,1,Mixed,1
176,141,77,0.73,26.8,29.8,3.2,4,2,0,Cardio,2
193,176,79,0.79,29.1,25.4,3.0,3,0,0,HIIT,0
162,131,58,0.98,12.0,23.2,3.7,5,3,1,Strength,3
168,125,72,0.76,28.4,25.2,4.0,4,1,0,Yoga,1
176,161,72,0.88,27.0,21.6,3.4,4,1,0,HIIT,1
176,135,58,1.11,12.5,34.5,3.5,7,3,1,Cardio,3
168,127,77,0.25,25.8,21.7,3.3,2,0,0,Yoga,0
176,127,67,1.07,24.3,29.3,4.0,7,2,1,Yoga,2
184,133,70,1.09,10.5,21.0,4.5,4,2,1,Yoga,2
158,119,70,0.78,27.8,30.4,3.3,5,1,0,Yoga,1
170,156,77,0.38,27.1,32.0,3.0,2,0,0,HIIT,0
190,160,69,0.67,16.3,25.5,3.7,3,1,0,Mixed,1
205,146,73,1.06,25.5,25.1,4.2,2,0,0,Yoga,0
175,148,66,0.67,25.9,20.2,3.7,3,1,0,Mixed,1
175,146,61,1.19,21.0,19.7,4.5,6,2,1,Mixed,2
171,135,68,0.65,16.4,25.2,2.5,4,1,0,Cardio,1
179,162,69,0.94,27.6,29.8,3.7,5,1,0,HIIT,1
176,133,80,0.63,32.8,21.8,3.4,2,0,0,Yoga,0
205,165,73,0.83,24.7,32.8,3.2,2,0,0,Strength,0
190,144,58,0.95,10.5,21.6,3.3,7,3,1,Cardio,3
192,174,74,1.19,29.4,24.9,3.5,3,0,0,HIIT,0
161,148,75,0.54,22.6,24.9,3.1,2,0,0,HIIT,0
193,162,68,0.83,8.9,23.6,4.1,6,3,1,Mixed,3
173,137,68,0.81,14.3,18.0,3.6,4,1,1,Cardio,1
169,154,68,0.84,12.5,21.5,3.3,6,2,1,HIIT,2
203,159,77,0.6,29.0,24.8,2.6,3,0,0,Cardio,0
180,164,75,0.35,27.5,23.6,2.1,3,0,0,HIIT,0
174,147,65,0.73,20.4,26.5,4.1,3,1,0,Mixed,1
173,128,73,0.99,21.5,27.0,4.0,3,1,0,Yoga,1
194,131,55,1.09,15.8,23.0,4.6,5,3,1,Yoga,3
193,174,65,0.48,25.4,20.2,3.1,3,1,0,HIIT,1
198,179,72,0.62,30.9,30.2,3.1,2,0,0,HIIT,0
178,140,69,0.7,14.5,18.6,2.7,4,1,0,Cardio,1
175,150,75,0.7,28.1,21.6,4.1,3,0,0,Mixed,0
177,143,82,0.58,22.7,20.6,2.6,2,0,0,Cardio,0
162,131,73,0.91,20.8,27.0,3.2,5,1,0,Cardio,1
168,141,76,0.61,21.4,29.3,3.6,2,0,0,Strength,0
168,140,73,0.35,26.5,23.3,3.1,3,0,0,Strength,0
173,121,58,1.23,20.7,24.9,3.6,6,3,1,Yoga,3
192,160,64,0.68,24.1,25.7,3.7,3,1,0,Mixed,1
185,155,64,0.54,24.8,31.2,3.5,3,0,0,Mixed,0
192,137,69,0.69,32.4,18.0,3.7,2,0,0,Yoga,0
175,149,71,0.98,20.9,27.0,4.6,6,2,1,Mixed,2
186,147,56,1.02,8.9,25.5,4.3,7,3,1,Strength,3
173,139,62,0.68,18.4,22.5,3.8,7,2,1,Strength,2
180,148,75,0.94,14.8,25.3,3.4,4,1,0,Strength,1
193,145,55,1.22,32.0,27.0,3.7,7,2,1,Cardio,2
197,176,57,0.92,22.3,26.3,3.4,7,3,1,HIIT,3
199,140,70,0.59,27.1,32.6,3.4,2,0,0,Yoga,0
183,140,61,1.27,11.2,24.5,3.7,7,3,1,Cardio,3
185,156,68,1.21,21.8,24.1,4.7,5,2,1,Mixed,2
174,158,73,0.77,24.7,23.3,2.6,5,1,0,HIIT,1
191,164,83,0.28,30.6,26.2,3.4,2,0,0,Mixed,0
192,138,73,0.6,14.4,23.9,3.2,5,1,0,Yoga,1
177,162,76,0.48,24.3,24.1,3.1,2,0,0,HIIT,0
162,139,85,0.59,25.8,24.1,3.3,2,0,0,Strength,0
200,157,55,0.78,13.0,23.5,3.8,6,3,1,Strength,3
197,180,81,0.93,24.5,21.6,3.4,4,1,0,HIIT,1
190,156,79,0.83,24.0,25.7,3.6,3,1,0,Strength,1
188,154,74,0.35,21.9,22.9,2.8,2,0,0,Strength,0
168,138,66,0.79,28.0,26.5,3.7,4,1,0,Strength,1
165,119,62,0.98,15.7,24.4,4.1,7,2,1,Yoga,2
177,161,74,0.68,25.1,22.5,3.5,3,0,0,HIIT,0
199,181,76,0.8,20.8,30.3,3.3,5,1,0,HIIT,1
204,155,63,0.25,23.8,23.6,2.6,3,0,0,Cardio,0
188,161,80,0.84,28.7,26.5,4.6,4,1,0,Mixed,1
178,148,60,1.08,10.5,21.2,4.1,7,3,1,Mixed,3
168,138,81,0.61,31.8,18.0,3.3,2,0,0,Cardio,0
189,159,69,0.34,13.5,21.7,3.7,2,0,0,Mixed,0
162,136,74,0.86,26.0,18.0,3.5,5,1,0,Strength,1
180,164,72,0.74,21.0,23.1,3.3,5,1,0,HIIT,1
185,148,78,0.31,32.9,29.9,2.2,3,0,0,Cardio,0
194,137,67,0.28,22.5,20.4,3.0,4,1,0,Yoga,1
181,148,73,0.28,30.3,18.0,3.1,2,0,0,Strength,0
163,121,69,0.56,26.4,30.0,2.9,2,0,0,Yoga,0
199,163,79,0.7,29.9,22.1,3.3,2,0,0,Strength,0
181,146,82,0.47,19.4,23.9,3.1,2,0,0,Cardio,0
190,172,71,0.59,25.2,27.2,2.9,3,1,0,HIIT,1
205,138,57,0.98,27.4,26.1,4.2,4,1,1,Yoga,1
178,164,82,0.48,34.1,27.0,3.2,3,0,0,HIIT,0
161,135,76,0.48,26.8,27.6,3.4,2,0,0,Strength,0
179,160,55,1.37,13.0,18.0,3.9,7,2,1,HIIT,2
178,161,61,0.86,18.7,18.3,3.7,5,1,1,HIIT,1
175,159,70,0.82,21.4,28.7,3.4,2,0,0,HIIT,0
201,182,75,0.67,30.3,20.9,3.3,2,0,0,HIIT,0
174,157,60,0.85,16.2,21.3,3.3,6,2,1,HIIT,2
183,155,71,0.78,30.6,18.9,4.3,3,0,0,Mixed,0
163,149,75,0.57,21.6,22.4,2.9,5,1,0,HIIT,1
180,133,76,1.13,33.4,22.6,4.4,3,1,0,Yoga,1
185,156,70,1.02,23.8,20.3,4.2,7,2,1,Mixed,2
193,132,57,1.21,23.6,19.8,4.1,4,2,1,Yoga,2
191,155,70,0.99,18.3,25.3,3.9,6,2,1,Strength,2
177,128,68,0.52,14.9,20.8,3.6,5,1,1,Yoga,1
165,144,80,0.61,24.6,21.6,4.0,5,1,0,Mixed,1
196,159,71,0.84,21.4,18.0,3.5,4,1,0,Strength,1
204,167,81,0.3,31.4,31.8,3.1,3,0,0,Strength,0
172,156,63,1.4,15.8,27.8,3.9,7,3,1,HIIT,3
182,128,62,1.0,16.2,22.0,3.8,5,3,1,Yoga,3
173,158,73,0.62,25.4,20.4,3.1,2,0,0,HIIT,0
164,150,71,0.67,25.7,24.0,3.2,4,2,0,HIIT,2
177,162,75,0.73,18.5,23.9,3.4,3,1,0,HIIT,1
177,161,68,1.27,31.0,18.9,3.9,4,1,0,HIIT,1
186,156,68,0.78,28.7,18.0,4.6,3,1,0,Mixed,1
176,129,71,0.54,23.6,21.9,3.5,2,0,0,Yoga,0
164,139,64,1.3,10.1,18.0,4.7,6,3,1,Mixed,3
200,167,66,1.16,20.3,24.7,4.6,7,2,1,Mixed,2
196,159,71,0.78,30.3,24.7,3.9,5,1,0,Strength,1
167,152,63,1.15,16.4,20.1,3.5,7,2,1,HIIT,2
183,133,72,0.96,13.7,21.9,3.6,4,2,1,Yoga,2
174,126,68,0.48,27.3,31.1,3.2,3,0,0,Yoga,0
192,141,79,0.47,16.5,27.1,3.5,2,0,0,Yoga,0
166,123,70,0.82,16.1,22.2,3.6,5,2,1,Yoga,2
158,144,63,0.75,24.8,33.2,3.2,4,2,0,HIIT,2
198,155,55,0.98,19.5,19.2,4.2,7,3,1,Strength,3
163,142,77,0.88,24.3,20.7,4.5,3,0,0,Mixed,0
199,162,76,0.89,19.2,23.6,3.6,5,1,0,Strength,1
156,131,74,0.86,13.3,18.0,4.5,5,2,1,Strength,2
199,180,73,0.84,24.8,31.2,3.2,3,1,0,HIIT,1
162,132,62,1.16,11.6,24.7,4.1,7,2,1,Strength,2
164,134,78,0.69,25.5,20.8,2.7,3,0,0,Cardio,0
185,137,78,0.25,37.8,25.8,3.1,2,0,0,Yoga,0
170,137,77,1.1,29.1,24.6,3.2,2,0,0,Cardio,0
189,171,66,0.27,18.1,22.8,2.6,3,1,0,HIIT,1
181,134,78,0.85,33.2,19.2,4.0,3,0,0,Yoga,0
198,157,62,1.31,13.3,18.3,4.0,7,3,1,Strength,3
168,143,85,0.86,18.5,32.7,3.7,2,0,0,Strength,0
201,142,70,0.71,22.9,18.6,3.9,5,1,0,Yoga,1
159,146,68,1.11,12.6,30.8,4.0,6,3,1,HIIT,3
164,134,77,0.52,21.4,20.6,2.6,4,1,0,Cardio,1
168,154,75,0.31,27.8,27.2,2.5,3,0,0,HIIT,0
195,161,81,0.61,22.9,25.9,3.6,2,0,0,Strength,0
186,168,66,0.83,14.8,26.7,3.2,4,1,0,HIIT,1
182,166,74,0.51,34.2,26.9,2.7,3,0,0,HIIT,0
169,136,57,0.92,8.0,18.0,3.2,7,3,1,Strength,3
168,124,69,0.65,23.2,21.3,4.0,4,1,0,Yoga,1
181,124,55,0.85,16.9,18.5,4.0,4,2,1,Yoga,2
178,143,79,0.53,22.7,24.8,2.1,3,1,0,Cardio,1
195,174,58,1.44,9.6,18.7,3.9,7,3,1,HIIT,3
165,142,74,0.82,22.9,18.0,4.1,4,1,0,Mixed,1
161,119,66,1.24,12.9,23.1,4.3,6,2,1,Yoga,2
187,155,59,1.33,8.4,18.0,5.3,5,3,1,Mixed,3
167,150,55,1.23,13.6,25.0,3.6,6,3,1,HIIT,3
183,166,70,1.22,26.4,19.0,4.1,2,0,0,HIIT,0
180,132,74,0.69,29.0,20.6,3.5,3,0,0,Yoga,0
197,160,73,0.77,23.8,18.0,3.4,2,0,0,Strength,0
183,149,70,0.35,22.7,30.6,2.9,2,0,0,Strength,0
179,124,57,1.57,12.4,18.1,4.6,7,3,1,Yoga,3
160,131,77,0.61,24.1,22.5,2.7,3,0,0,Cardio,0
197,162,79,0.54,25.7,18.0,3.1,3,0,0,Strength,0
168,134,69,0.51,21.3,20.7,2.8,3,0,0,Cardio,0
171,154,56,1.16,14.5,31.0,3.9,5,3,1,HIIT,3
186,156,66,1.26,20.5,25.2,5.1,7,2,1,Mixed,2
175,127,69,1.14,19.9,21.1,4.2,3,1,1,Yoga,1
191,159,63,0.84,25.4,23.9,4.5,6,2,1,Mixed,2
171,156,70,1.21,23.4,21.8,3.4,7,2,1,HIIT,2
193,174,66,1.19,18.7,23.6,4.2,5,2,1,HIIT,2
180,146,67,0.84,22.6,27.0,3.5,2,0,0,Strength,0
184,147,61,1.19,19.7,22.7,4.5,6,2,1,Strength,2
202,153,62,0.89,22.4,24.9,3.3,3,1,0,Cardio,1
187,144,64,0.82,19.0,24.9,2.8,5,2,1,Cardio,2
195,149,63,0.48,20.4,22.7,2.8,5,1,0,Cardio,1
171,131,55,0.99,14.3,21.1,3.0,5,3,1,Cardio,3
154,125,60,0.92,19.3,21.9,3.7,5,1,1,Strength,1
205,161,80,0.72,19.8,26.8,3.0,3,1,0,Cardio,1
183,139,58,0.82,20.0,27.1,2.9,6,2,1,Cardio,2
166,122,68,1.01,18.6,19.4,4.3,4,1,1,Yoga,1
191,173,75,0.56,24.8,23.0,2.2,3,0,0,HIIT,0
164,136,71,0.61,16.6,21.0,3.6,5,1,0,Strength,1
179,147,73,0.61,28.1,27.2,3.4,5,1,0,Strength,1
202,145,75,0.61,20.9,22.1,3.6,2,0,0,Yoga,0
160,116,63,1.11,14.5,32.8,4.4,4,2,1,Yoga,2
179,128,66,1.2,16.0,24.9,4.5,5,2,1,Yoga,2
162,148,71,0.54,26.6,28.7,3.0,4,1,0,HIIT,1
169,139,70,0.69,27.0,19.9,3.9,5,1,0,Strength,1
192,141,78,0.77,24.5,24.0,3.9,3,0,0,Yoga,0
194,146,57,1.15,11.9,26.5,3.0,6,3,1,Cardio,3
172,134,64,0.92,23.9,19.9,2.7,4,2,1,Cardio,2
162,117,63,0.73,18.6,24.1,3.7,4,1,1,Yoga,1
194,135,64,0.89,10.7,28.2,4.0,6,2,1,Yoga,2
168,139,72,0.79,30.5,22.7,4.0,3,0,0,Strength,0
155,132,80,0.55,23.0,20.6,3.7,2,0,0,Strength,0
181,130,68,0.38,18.7,31.2,4.0,3,0,0,Yoga,0
196,165,73,0.64,30.2,19.3,3.9,2,0,0,Mixed,0
188,170,67,0.63,16.8,24.6,3.3,4,1,0,HIIT,1
199,181,73,0.84,25.4,21.2,3.8,5,1,0,HIIT,1
197,177,64,0.56,23.0,20.3,3.2,3,1,0,HIIT,1
179,163,70,0.84,26.1,27.0,3.5,3,1,0,HIIT,1
197,179,75,0.58,24.2,23.2,3.0,2,0,0,HIIT,0
180,130,70,0.97,13.4,25.6,4.3,4,2,1,Yoga,2
189,136,71,0.3,28.7,18.0,3.0,3,0,0,Yoga,0
205,170,63,0.87,27.2,26.0,3.7,5,1,0,Mixed,1
191,149,72,0.73,20.0,21.1,2.8,3,1,0,Cardio,1
199,179,68,0.51,21.8,18.0,3.1,3,0,0,HIIT,0
176,149,67,0.82,15.4,31.5,3.8,5,1,1,Mixed,1
183,165,64,1.05,13.6,26.4,3.5,6,2,1,HIIT,2
169,126,73,0.76,17.3,24.9,3.6,4,1,0,Yoga,1
164,118,62,0.6,25.1,29.0,3.5,3,1,0,Yoga,1
175,160,74,0.47,31.4,25.0,2.7,2,0,0,HIIT,0
201,181,70,0.71,19.5,20.8,2.8,5,1,0,HIIT,1
184,153,61,1.26,16.9,23.3,4.8,6,2,1,Mixed,2
186,133,68,1.18,21.2,21.3,4.6,5,1,1,Yoga,1
166,153,79,0.57,18.9,22.0,2.8,3,0,0,HIIT,0
164,139,62,1.05,16.2,19.0,4.0,4,2,1,Mixed,2
190,149,73,0.71,23.2,20.1,2.6,3,0,0,Cardio,0
176,149,69,1.09,24.1,27.6,4.8,7,2,1,Mixed,2
191,158,59,1.18,13.5,25.3,4.8,6,3,1,Mixed,3
174,160,77,0.98,27.5,22.0,3.2,5,1,0,HIIT,1
201,150,55,1.22,9.4,19.9,3.9,5,3,1,Cardio,3
179,147,74,0.61,38.7,22.4,4.1,3,0,0,Strength,0
177,142,79,0.8,20.1,18.0,3.3,2,0,0,Cardio,0
186,151,71,0.49,28.2,24.5,3.3,2,0,0,Strength,0
195,162,64,0.75,10.0,27.8,4.1,4,2,1,Mixed,2
163,133,76,0.73,25.0,33.5,3.3,3,1,0,Cardio,1
160,120,71,0.53,24.0,19.6,3.8,2,0,0,Yoga,0
181,150,77,0.33,28.5,27.6,2.7,2,0,0,Strength,0
205,157,69,0.96,26.3,21.2,3.0,4,2,0,Cardio,2
198,179,75,0.86,26.7,19.5,3.1,2,0,0,HIIT,0
172,143,75,0.26,25.7,19.5,2.8,2,0,0,Strength,0
186,151,70,0.61,18.8,24.6,2.8,3,0,0,Strength,0
195,160,79,0.47,23.8,20.3,3.7,3,0,0,Strength,0
158,145,69,0.49,15.8,21.6,3.0,2,0,0,HIIT,0
197,141,72,1.0,21.7,22.2,4.4,3,1,0,Yoga,1
167,122,67,0.7,29.2,21.0,3.6,4,1,0,Yoga,1
180,152,68,0.81,30.1,20.7,3.9,5,1,0,Mixed,1
183,153,64,1.03,21.9,18.0,4.9,7,2,1,Mixed,2
187,144,62,1.06,8.7,24.3,3.1,7,3,1,Cardio,3
196,156,83,0.61,28.5,24.3,3.0,2,0,0,Cardio,0
175,140,76,0.85,26.5,20.8,3.3,2,0,0,Cardio,0
184,167,71,0.55,25.2,25.4,2.9,3,0,0,HIIT,0
167,120,63,1.0,21.0,29.6,4.3,5,1,1,Yoga,1
198,180,81,0.76,20.0,24.1,3.1,3,0,0,HIIT,0
185,167,66,1.05,12.6,29.3,3.1,5,2,1,HIIT,2
200,161,69,0.61,17.3,33.0,3.8,3,1,0,Strength,1
178,150,65,1.02,13.5,34.1,4.0,5,2,1,Mixed,2
173,148,74,0.96,25.2,19.2,4.1,3,1,0,Mixed,1
196,138,68,1.06,21.1,19.3,4.6,3,1,1,Yoga,1
193,134,62,0.95,28.5,22.2,4.1,6,2,1,Yoga,2
185,150,68,0.62,27.3,24.5,3.6,2,0,0,Strength,0
194,155,65,0.76,24.9,30.3,3.6,3,1,0,Strength,1
189,172,73,0.91,28.3,26.5,3.5,2,0,0,HIIT,0
188,154,75,0.99,20.0,19.2,3.9,5,1,0,Strength,1
185,153,57,1.3,15.3,21.6,5.1,7,3,1,Mixed,3
186,148,76,0.77,36.2,23.8,3.1,2,0,0,Cardio,0
198,155,76,0.82,15.0,18.0,2.6,4,1,0,Cardio,1
163,149,67,1.06,18.5,24.1,3.2,4,2,1,HIIT,2
191,175,80,0.7,19.8,19.2,3.6,5,1,0,HIIT,1
192,163,75,0.56,23.5,18.0,4.3,3,0,0,Mixed,0
200,179,59,1.43,15.1,20.2,4.7,7,3,1,HIIT,3
178,152,73,0.76,28.5,25.6,4.0,2,0,0,Mixed,0
189,142,85,0.77,20.3,25.6,3.6,3,0,0,Yoga,0
195,150,66,0.71,14.8,24.4,3.4,7,3,1,Cardio,3
192,161,68,0.46,22.7,28.0,3.7,2,0,0,Mixed,0
168,140,76,0.91,25.6,27.5,3.6,7,2,1,Strength,2
202,171,77,0.52,21.2,24.8,3.8,2,0,0,Mixed,0
172,135,66,1.0,8.0,24.3,3.6,5,2,1,Cardio,2
190,147,68,0.83,21.1,24.5,3.1,5,2,1,Cardio,2
195,156,65,0.55,21.0,23.4,3.0,4,1,0,Strength,1
168,144,71,0.86,19.4,18.0,4.4,4,1,1,Mixed,1
156,127,73,0.61,28.6,28.5,2.9,3,0,0,Cardio,0
188,159,73,0.37,28.3,25.6,4.4,2,0,0,Mixed,0
185,168,70,0.96,17.0,19.1,3.0,7,2,1,HIIT,2
202,167,64,0.73,21.5,29.7,4.2,5,2,1,Mixed,2
199,152,65,0.99,19.8,21.6,2.6,7,2,1,Cardio,2
175,141,62,1.07,14.9,23.6,4.2,7,3,1,Strength,3
174,158,65,1.25,12.9,28.1,3.6,7,3,1,HIIT,3
200,162,71,0.86,17.8,24.9,4.2,6,2,1,Strength,2
164,133,60,1.23,9.8,29.3,4.0,5,3,1,Strength,3
186,135,73,0.46,26.3,22.6,3.3,3,0,0,Yoga,0
178,147,75,1.0,16.3,30.8,3.8,6,2,1,Strength,2
203,166,55,0.83,15.3,20.9,4.2,4,2,1,Mixed,2
190,151,79,0.5,21.3,29.3,2.4,2,0,0,Cardio,0
172,133,59,1.12,11.8,18.0,3.2,7,3,1,Cardio,3
196,166,78,0.58,28.7,19.6,4.0,2,0,0,Mixed,0
183,149,70,0.87,23.4,25.2,4.0,5,1,0,Strength,1
185,138,81,0.71,21.9,22.4,3.7,2,0,0,Yoga,0
182,132,72,1.09,16.2,23.7,4.4,5,1,1,Yoga,1
182,152,63,0.9,19.8,24.2,4.0,4,1,1,Mixed,1
181,151,63,0.56,20.7,19.2,3.6,3,1,0,Mixed,1
168,132,64,1.08,21.5,19.5,3.1,6,2,1,Cardio,2
181,153,68,1.06,17.9,24.9,4.6,5,2,1,Mixed,2
197,178,72,0.97,22.0,21.3,3.4,5,2,1,HIIT,2
170,141,72,0.25,28.9,29.4,2.8,2,0,0,Strength,0
189,169,59,0.49,29.6,23.2,2.8,4,1,0,HIIT,1
175,148,67,0.4,16.9,26.9,3.8,5,2,1,Mixed,2
175,142,65,0.97,22.8,25.8,3.6,4,2,1,Strength,2
188,158,66,1.13,18.0,21.6,5.1,4,2,1,Mixed,2
185,133,69,0.58,30.0,18.0,3.6,2,0,0,Yoga,0
205,162,81,0.87,23.6,28.7,2.8,3,0,0,Cardio,0
192,158,56,1.33,10.2,20.1,4.6,5,3,1,Mixed,3
197,177,67,0.98,21.0,22.4,3.4,7,2,1,HIIT,2
176,141,76,0.39,26.2,23.4,2.4,2,0,0,Cardio,0
164,123,73,0.59,20.9,23.8,3.7,5,1,0,Yoga,1
194,136,66,0.76,17.8,27.8,4.1,4,1,1,Yoga,1
184,131,65,1.04,22.3,24.0,3.8,3,1,0,Yoga,1
176,150,74,0.67,20.0,23.5,4.5,4,1,0,Mixed,1
185,134,73,0.83,26.4,28.1,3.6,4,1,0,Yoga,1
156,123,62,1.73,20.1,26.4,3.9,6,3,1,Cardio,3
182,153,66,1.49,16.6,21.1,5.3,5,3,1,Mixed,3
192,160,62,1.06,16.1,19.4,4.5,7,3,1,Mixed,3
201,160,63,1.04,14.9,20.7,4.3,7,2,1,Strength,2
197,155,78,0.55,28.4,23.8,2.9,3,0,0,Cardio,0
187,158,72,1.01,16.9,19.0,4.4,4,1,1,Mixed,1
164,132,72,0.93,22.8,24.4,3.1,3,1,0,Cardio,1
182,151,61,0.66,20.4,23.5,4.1,4,2,1,Mixed,2
166,116,55,0.93,15.3,18.0,3.6,7,3,1,Yoga,3
179,148,74,0.84,19.8,18.4,3.7,3,1,0,Strength,1
202,183,74,0.82,16.3,18.0,3.3,3,0,0,HIIT,0
177,144,65,0.38,22.6,22.6,3.0,3,0,0,Strength,0
192,153,63,0.77,21.6,28.3,3.8,4,1,0,Strength,1
156,126,68,0.31,24.4,18.0,2.6,2,0,0,Cardio,0
173,136,65,1.22,18.6,18.7,3.2,7,3,1,Cardio,3
174,159,70,0.82,22.8,23.3,3.8,3,1,0,HIIT,1
159,125,60,1.34,13.5,19.7,3.7,5,3,1,Cardio,3
173,128,73,0.91,29.2,19.7,3.8,2,0,0,Yoga,0
178,140,70,1.0,32.1,26.2,3.1,2,0,0,Cardio,0
160,147,74,0.71,25.0,22.0,3.3,5,1,0,HIIT,1
178,150,63,1.08,16.8,18.1,4.3,7,3,1,Mixed,3
173,136,66,0.94,21.2,18.0,3.2,4,1,0,Cardio,1
157,132,72,0.95,17.0,32.8,3.5,5,2,1,Strength,2
182,149,74,0.9,24.1,28.5,3.5,4,1,0,Strength,1
189,142,56,1.23,15.8,22.2,3.6,6,3,1,Cardio,3
182,133,74,0.7,26.2,24.4,4.2,3,0,0,Yoga,0
169,139,68,0.7,29.4,22.0,4.0,4,1,0,Strength,1
189,139,77,0.29,22.6,26.0,3.2,2,0,0,Yoga,0
173,158,68,0.98,28.4,20.6,3.7,3,0,0,HIIT,0
176,138,66,1.29,20.3,21.8,3.6,3,1,1,Cardio,1
181,156,79,0.29,21.9,25.8,3.1,3,0,0,Mixed,0
201,158,57,1.1,13.2,29.8,3.7,7,2,1,Strength,2
198,165,64,0.93,16.1,27.0,4.6,7,2,1,Mixed,2
196,156,64,0.64,16.9,28.9,3.5,3,1,0,Strength,1
183,130,65,1.14,16.3,22.8,4.4,6,3,1,Yoga,3
188,150,62,1.21,23.6,21.5,4.0,5,3,1,Strength,3
200,178,55,1.27,15.6,18.0,4.5,5,3,1,HIIT,3
177,126,65,0.9,18.3,24.3,4.3,5,1,1,Yoga,1
162,139,70,0.96,22.8,25.5,3.9,4,1,0,Mixed,1
197,137,63,0.48,29.7,22.8,3.4,3,0,0,Yoga,0
165,136,69,0.55,23.8,20.9,2.9,3,0,0,Strength,0
153,140,66,1.04,22.2,29.0,3.7,5,1,1,HIIT,1
198,179,76,0.82,17.7,26.5,3.1,3,1,0,HIIT,1
170,155,67,0.64,25.1,29.3,3.3,5,1,0,HIIT,1
196,165,73,1.07,19.2,20.2,4.5,5,1,1,Mixed,1
205,145,73,0.65,30.6,21.2,3.3,3,0,0,Yoga,0
184,143,69,1.05,21.9,28.8,3.0,4,2,1,Cardio,2
179,150,62,0.69,24.4,23.8,4.3,3,1,0,Mixed,1
178,128,66,0.82,26.6,21.7,4.0,5,1,0,Yoga,1
205,185,69,1.04,28.3,22.0,3.9,4,1,0,HIIT,1
193,158,76,0.38,28.9,24.0,3.3,3,0,0,Strength,0
181,145,62,1.04,22.2,28.0,3.7,7,3,1,Strength,3
181,149,76,0.73,24.0,23.4,3.4,2,0,0,Strength,0
178,146,73,0.74,23.8,27.2,3.5,5,1,0,Strength,1
162,126,60,1.41,16.9,25.9,3.6,7,3,1,Cardio,3
163,124,76,0.85,21.5,20.5,3.4,2,0,0,Yoga,0
178,127,65,0.84,28.9,20.5,4.3,4,1,0,Yoga,1
174,146,62,0.67,26.3,22.2,4.1,4,1,0,Mixed,1
178,146,69,0.54,27.7,18.7,3.4,3,0,0,Strength,0
199,165,62,0.87,24.0,21.9,4.1,4,1,0,Mixed,1
195,158,71,1.16,18.7,30.1,3.8,4,1,1,Strength,1
194,154,80,0.68,20.8,23.9,2.8,2,0,0,Cardio,0
203,155,65,0.55,19.2,20.9,2.2,5,1,0,Cardio,1
182,167,80,0.43,22.8,31.7,2.7,3,0,0,HIIT,0
182,146,62,0.92,12.4,20.3,3.5,6,3,1,Strength,3
200,158,62,1.21,25.2,20.2,3.7,4,2,1,Strength,2
198,142,73,0.59,26.8,28.9,4.2,3,0,0,Yoga,0
168,134,71,1.23,20.8,26.6,3.9,5,2,1,Cardio,2
191,131,58,0.56,21.8,23.5,3.3,3,1,0,Yoga,1
163,143,81,0.51,20.0,27.3,3.9,2,0,0,Mixed,0
175,132,79,0.77,25.8,25.2,2.8,3,0,0,Yoga,0
170,139,67,0.79,21.8,19.3,3.5,5,1,0,Strength,1
196,141,75,0.47,18.5,18.0,3.7,2,0,0,Yoga,0
174,160,83,0.57,24.6,21.7,2.8,3,0,0,HIIT,0
182,129,63,0.65,21.5,28.3,3.8,3,1,0,Yoga,1
190,171,59,1.35,16.4,22.3,3.8,7,3,1,HIIT,3
174,144,73,1.0,22.6,25.8,3.9,3,1,0,Strength,1
176,150,71,0.97,19.0,24.7,4.4,3,1,0,Mixed,1
172,133,60,1.08,19.2,18.0,2.7,7,3,1,Cardio,3
182,167,84,0.73,21.2,22.4,3.1,2,0,0,HIIT,0
175,138,69,0.51,19.7,25.4,3.2,3,0,0,Cardio,0
197,162,55,1.02,13.9,20.9,3.9,7,3,1,Mixed,3
201,136,57,0.86,24.8,22.5,4.1,5,1,1,Yoga,1
163,140,70,0.63,21.3,25.6,4.2,2,0,0,Mixed,0
202,167,62,1.08,13.1,24.3,3.8,7,2,1,Mixed,2
175,142,67,1.02,21.7,28.2,4.1,4,2,1,Strength,2
167,154,80,0.42,27.2,25.5,2.9,2,0,0,HIIT,0
182,153,65,1.05,22.2,20.2,4.3,3,1,1,Mixed,1
175,160,74,0.41,20.7,22.1,2.8,2,0,0,HIIT,0
181,165,77,0.91,26.7,24.1,3.4,3,1,0,HIIT,1
154,132,64,0.64,15.1,29.4,3.9,7,2,1,Mixed,2
162,133,78,0.4,25.7,22.1,2.1,2,0,0,Cardio,0
177,150,71,1.08,21.8,18.0,5.1,6,2,1,Mixed,2
158,129,60,1.07,20.2,25.8,3.8,5,2,1,Strength,2
171,125,69,0.73,24.9,21.0,3.7,2,0,0,Yoga,0
178,133,78,0.9,27.7,18.9,3.4,5,1,0,Yoga,1
165,137,73,0.94,20.4,24.1,4.1,3,1,0,Strength,1
166,140,63,0.65,19.0,27.9,4.1,4,1,1,Mixed,1
200,164,55,0.87,8.7,21.7,4.6,6,3,1,Mixed,3
171,147,74,0.58,22.3,26.0,3.7,3,0,0,Mixed,0
166,137,82,0.6,28.0,26.7,2.1,3,0,0,Cardio,0
196,139,70,1.06,20.2,27.2,4.0,4,2,1,Yoga,2
202,157,75,1.12,12.8,21.1,3.6,5,1,1,Cardio,1
173,156,58,0.8,11.0,19.5,3.1,7,3,1,HIIT,3
190,172,75,0.53,24.4,20.1,3.0,3,0,0,HIIT,0
181,147,66,0.92,25.6,27.2,3.5,4,1,0,Strength,1
192,148,68,0.97,31.1,26.7,3.0,5,1,0,Cardio,1
177,147,55,1.02,15.4,20.2,4.5,6,3,1,Mixed,3
192,160,66,0.77,26.9,32.5,4.0,4,1,0,Mixed,1
182,140,61,0.43,22.2,19.7,2.4,7,2,1,Cardio,2
176,151,74,0.88,27.4,28.0,4.0,2,0,0,Mixed,0
179,153,72,0.79,24.9,30.1,3.8,4,1,0,Mixed,1
168,138,83,0.46,25.3,24.4,2.7,2,0,0,Cardio,0
187,167,58,0.99,19.3,20.9,3.7,7,3,1,HIIT,3
198,156,78,0.4,27.3,21.0,2.4,3,0,0,Cardio,0
189,135,69,0.78,25.2,23.0,3.4,5,1,0,Yoga,1
154,121,80,0.76,32.3,28.3,3.8,2,0,0,Yoga,0
204,137,55,1.07,8.0,19.2,4.5,6,3,1,Yoga,3
179,146,67,1.26,16.7,18.0,3.4,4,1,1,Strength,1
192,153,63,1.33,14.9,25.4,3.8,7,3,1,Strength,3
174,160,78,0.8,33.3,26.3,3.2,3,0,0,HIIT,0
187,149,78,0.27,27.9,31.9,2.1,3,0,0,Cardio,0
195,177,77,0.53,20.5,18.5,3.1,5,1,0,HIIT,1
199,137,61,0.63,15.7,23.5,3.5,5,1,1,Yoga,1
175,127,69,0.72,24.6,28.6,4.0,3,0,0,Yoga,0
159,132,68,0.96,17.6,24.5,3.9,5,2,1,Strength,2
171,130,79,0.28,33.6,23.2,3.3,3,0,0,Yoga,0
167,139,73,1.19,20.7,27.2,3.7,4,1,1,Strength,1
169,156,84,0.74,21.1,21.6,3.2,3,1,0,HIIT,1
192,148,65,0.84,15.4,27.4,3.1,5,1,1,Cardio,1
188,147,72,0.44,20.9,19.0,2.7,5,1,0,Cardio,1
176,140,75,0.71,25.0,18.0,3.0,3,0,0,Cardio,0
198,151,63,1.33,14.7,22.9,4.1,7,3,1,Cardio,3
161,138,67,0.59,10.9,18.0,4.0,4,2,1,Mixed,2
150,138,67,0.94,24.0,24.3,3.7,3,1,0,HIIT,1
165,137,72,0.89,18.7,18.0,3.6,3,1,0,Strength,1
161,148,75,0.86,29.2,25.1,2.9,2,0,0,HIIT,0
190,172,71,0.35,29.2,24.7,2.6,5,1,0,HIIT,1
179,153,76,0.99,25.7,23.7,4.3,4,1,0,Mixed,1
178,154,82,0.92,17.5,25.7,3.9,4,1,0,Mixed,1
168,128,55,0.68,19.3,24.8,2.7,4,2,1,Cardio,2
175,142,81,0.66,25.1,22.8,2.5,2,0,0,Cardio,0
194,142,78,0.65,28.8,31.3,3.7,2,0,0,Yoga,0
187,132,66,0.73,19.1,25.6,3.8,3,1,0,Yoga,1
196,163,63,1.07,24.7,27.1,4.6,6,2,1,Mixed,2
180,145,79,0.68,28.2,28.3,3.2,2,0,0,Cardio,0
197,159,70,0.97,18.2,26.7,4.0,4,1,1,Strength,1
179,153,75,0.46,27.9,32.3,3.3,2,0,0,Mixed,0
201,138,62,0.86,15.1,24.7,3.7,6,2,1,Yoga,2
179,162,66,0.76,23.5,24.0,3.2,4,1,0,HIIT,1
187,149,60,0.65,16.6,21.4,3.5,7,2,1,Strength,2
197,158,67,0.82,31.5,23.0,3.9,5,1,0,Strength,1
192,160,64,0.95,14.4,21.1,4.3,6,2,1,Mixed,2
185,132,67,0.92,24.2,26.7,4.1,7,2,1,Yoga,2
166,135,61,1.08,19.6,20.4,3.8,6,2,1,Strength,2
195,176,69,0.67,18.5,24.3,3.4,4,2,0,HIIT,2
170,134,65,0.59,20.3,26.2,2.4,5,1,0,Cardio,1
160,138,74,0.87,25.8,24.6,3.9,5,1,0,Mixed,1
181,127,61,1.1,14.7,20.4,4.6,4,2,1,Yoga,2
181,136,80,0.95,26.9,26.8,3.7,5,1,0,Yoga,1
197,161,78,0.62,24.7,23.7,3.2,3,0,0,Strength,0
188,157,64,0.84,12.4,18.0,4.1,6,3,1,Mixed,3
162,130,69,0.62,25.3,20.1,2.7,4,1,0,Cardio,1
184,147,78,0.74,31.7,29.6,2.9,2,0,0,Cardio,0
198,137,64,0.98,20.6,29.9,4.0,3,1,1,Yoga,1
203,136,55,0.94,21.9,26.1,3.6,7,3,1,Yoga,3
184,140,58,1.06,8.0,27.1,3.5,5,3,1,Cardio,3
181,166,78,0.78,10.4,20.9,3.4,5,1,0,HIIT,1
164,126,80,0.82,20.5,23.0,3.9,2,0,0,Yoga,0
199,163,55,1.02,19.9,28.9,4.5,6,2,1,Mixed,2
203,162,65,0.54,25.7,25.7,3.6,4,1,0,Strength,1
187,137,75,0.38,35.8,24.3,3.5,3,0,0,Yoga,0
204,183,66,1.22,12.8,23.3,3.8,7,3,1,HIIT,3
190,156,76,0.42,29.0,28.7,3.7,3,0,0,Strength,0
175,157,57,0.67,20.0,28.5,3.0,4,1,0,HIIT,1
164,150,69,0.25,21.1,26.6,2.2,2,0,0,HIIT,0
179,144,64,1.03,8.0,24.3,3.9,7,3,1,Strength,3
179,133,76,0.94,28.3,22.6,3.8,2,0,0,Yoga,0
174,138,71,0.82,25.4,26.8,3.1,4,1,0,Cardio,1
178,144,66,1.05,13.6,19.6,4.0,7,3,1,Strength,3
181,148,73,0.72,30.3,20.4,3.7,3,0,0,Strength,0
169,137,78,0.25,32.7,18.2,2.4,3,0,0,Cardio,0
169,144,83,0.25,28.7,28.9,3.0,3,0,0,Strength,0
199,167,71,0.74,17.0,21.1,4.3,5,1,1,Mixed,1
169,123,66,1.03,27.8,25.6,4.4,4,1,1,Yoga,1
169,132,63,0.91,17.7,23.5,3.6,6,2,1,Cardio,2
163,121,70,0.53,34.3,35.0,3.8,3,0,0,Yoga,0
171,130,55,1.14,15.4,25.8,3.7,5,2,1,Cardio,2
187,147,56,1.41,17.2,18.0,4.0,6,3,1,Strength,3
158,130,63,1.27,13.6,28.7,4.5,6,3,1,Strength,3
180,130,70,0.67,23.9,22.5,4.1,5,1,0,Yoga,1
190,171,67,1.42,19.7,23.2,4.1,7,3,1,HIIT,3
197,163,61,1.27,23.2,21.3,5.3,5,3,1,Mixed,3
166,125,74,0.6,24.8,24.8,3.8,3,1,0,Yoga,1
165,136,66,0.95,27.8,24.7,3.6,3,0,0,Strength,0
178,124,58,1.14,19.4,21.4,4.3,6,3,1,Yoga,3
163,118,64,0.92,30.1,22.0,3.8,7,2,1,Yoga,2
200,161,71,0.52,21.5,24.4,3.8,3,0,0,Strength,0
161,147,68,1.33,16.8,18.0,3.9,5,3,1,HIIT,3
173,133,60,0.66,27.8,18.2,3.2,4,1,0,Cardio,1
190,173,74,0.61,19.6,30.7,3.2,3,0,0,HIIT,0
194,160,81,0.59,31.7,25.3,3.6,2,0,0,Strength,0
179,134,79,0.64,36.7,21.9,3.5,2,0,0,Yoga,0
178,150,68,0.68,28.1,18.0,4.3,3,1,0,Mixed,1
202,154,65,0.85,20.9,23.8,2.9,5,1,0,Cardio,1
170,128,75,1.08,23.9,27.9,3.9,4,1,0,Yoga,1
178,162,67,0.87,19.6,34.6,3.3,5,1,0,HIIT,1
194,147,61,1.02,20.0,31.6,4.0,4,2,1,Cardio,2
181,156,80,0.52,30.6,20.5,3.1,3,0,0,Mixed,0
167,151,62,0.9,18.7,22.0,3.3,7,3,1,HIIT,3
179,139,63,1.25,17.6,18.1,3.5,6,2,1,Cardio,2
187,133,67,0.87,19.2,20.6,4.2,7,2,1,Yoga,2
171,146,72,0.4,23.8,23.1,4.0,4,1,0,Mixed,1
180,126,60,1.17,16.3,22.5,4.7,6,3,1,Yoga,3
189,155,76,0.57,31.0,32.2,3.1,3,0,0,Strength,0
160,136,64,0.36,24.0,18.7,3.9,3,0,0,Mixed,0
178,138,64,1.01,23.3,23.8,3.4,6,2,1,Cardio,2
199,158,62,1.16,17.7,18.0,4.3,5,2,1,Strength,2
166,137,71,0.63,25.3,25.3,3.1,2,0,0,Strength,0
197,138,67,0.76,28.7,18.6,3.8,3,1,0,Yoga,1
185,144,68,0.92,33.5,28.4,2.5,4,1,0,Cardio,1
168,153,69,0.83,30.6,22.8,4.2,3,1,0,HIIT,1
181,148,71,0.75,23.9,18.4,3.7,5,1,0,Strength,1
173,144,56,1.13,16.1,18.0,4.3,5,3,1,Mixed,3
179,150,63,0.98,8.0,20.1,4.5,6,3,1,Mixed,3
191,172,64,0.87,10.8,25.0,2.9,6,3,1,HIIT,3
171,142,74,0.86,23.1,25.7,3.7,4,1,0,Strength,1
160,148,80,0.78,33.4,22.0,3.5,2,0,0,HIIT,0
195,163,67,0.66,12.5,27.7,4.2,5,1,1,Mixed,1
192,161,69,0.77,21.2,19.5,4.4,5,1,1,Mixed,1
171,138,76,0.59,26.4,18.0,2.0,3,0,0,Cardio,0
169,139,68,0.77,22.8,25.1,4.0,4,1,0,Strength,1
182,129,64,1.0,27.3,29.2,4.1,5,1,1,Yoga,1
164,138,57,0.95,9.3,29.2,4.4,7,3,1,Mixed,3
180,136,83,0.98,27.0,18.8,4.0,2,0,0,Yoga,0
190,145,61,0.89,11.9,21.8,3.5,4,2,1,Cardio,2
183,148,66,0.92,18.4,26.9,3.8,4,1,1,Strength,1
172,157,72,0.55,32.5,21.5,2.3,2,0,0,HIIT,0
183,152,78,0.6,25.9,24.4,2.7,3,0,0,Strength,0
186,159,77,0.42,21.5,21.1,3.5,2,0,0,Mixed,0
177,133,79,0.65,23.1,19.6,3.9,2,0,0,Yoga,0
193,144,85,0.72,21.5,20.4,3.8,3,0,0,Yoga,0
197,177,64,1.22,16.0,27.8,3.7,5,3,1,HIIT,3
195,143,79,0.28,25.3,24.1,3.4,3,0,0,Yoga,0
170,143,79,0.86,22.9,29.1,3.7,6,2,1,Strength,2
178,144,62,0.86,14.4,26.1,3.4,7,3,1,Strength,3
187,151,68,0.64,21.7,30.4,3.2,4,1,0,Strength,1
204,165,73,0.36,28.5,27.3,2.9,3,0,0,Strength,0
195,177,75,1.03,19.4,27.0,4.2,5,1,1,HIIT,1
166,122,69,0.75,25.2,23.5,4.1,2,0,0,Yoga,0
160,145,65,1.06,27.1,35.0,3.4,2,0,0,HIIT,0
203,141,66,0.99,24.6,24.5,4.0,4,1,0,Yoga,1
171,146,74,0.43,26.3,18.0,3.4,4,1,0,Mixed,1
166,137,68,0.94,8.0,25.1,3.5,4,2,1,Strength,2
192,174,69,0.45,14.4,20.1,2.8,3,1,0,HIIT,1
198,160,70,1.17,14.2,28.1,4.1,6,2,1,Strength,2
170,128,78,0.79,24.2,26.9,4.0,3,0,0,Yoga,0
172,129,77,0.57,23.8,23.2,3.7,3,0,0,Yoga,0
184,150,70,0.75,21.1,20.4,3.7,5,1,0,Strength,1
175,147,64,1.3,8.0,24.6,4.2,7,3,1,Mixed,3
168,153,69,1.22,17.9,21.4,3.5,6,2,1,HIIT,2
172,145,64,0.95,13.6,27.2,4.4,6,2,1,Mixed,2
180,132,74,0.48,22.3,26.2,3.7,3,1,0,Yoga,1
180,152,67,0.45,21.5,35.0,3.9,5,1,0,Mixed,1
203,184,76,0.36,30.1,22.2,2.1,2,0,0,HIIT,0
193,151,72,0.84,18.0,22.8,2.8,4,1,0,Cardio,1
191,148,68,0.99,23.6,23.4,2.9,5,1,0,Cardio,1
181,143,71,0.93,22.7,23.6,3.1,3,1,0,Cardio,1
197,157,63,1.21,8.6,28.1,3.9,7,3,1,Strength,3
191,132,60,1.06,18.3,22.9,4.5,4,2,1,Yoga,2
168,140,76,0.4,26.1,31.9,3.4,3,0,0,Strength,0
205,158,71,1.05,16.0,26.3,3.4,7,3,1,Cardio,3
188,171,71,0.49,24.2,22.1,3.3,3,0,0,HIIT,0
176,133,80,0.25,25.5,21.0,3.5,2,0,0,Yoga,0
201,158,60,1.17,16.4,28.2,4.1,5,3,1,Strength,3
185,158,76,0.81,20.8,24.1,4.3,4,1,0,Mixed,1
173,145,61,0.84,16.2,24.0,4.0,5,2,1,Mixed,2
173,158,75,0.66,27.9,21.6,2.4,2,0,0,HIIT,0
170,140,71,1.11,8.2,23.8,3.9,7,3,1,Strength,3
189,133,64,0.73,22.8,21.4,4.2,6,2,1,Yoga,2
171,137,73,0.77,21.3,29.4,2.3,3,1,0,Cardio,1
169,133,68,1.2,18.7,26.9,3.2,6,2,1,Cardio,2
197,133,55,0.94,13.1,23.3,4.1,7,3,1,Yoga,3
198,179,72,0.7,26.6,23.2,2.3,5,1,0,HIIT,1
169,143,64,0.41,21.0,24.4,4.7,5,1,1,Mixed,1
180,163,68,0.9,20.9,24.0,3.0,4,2,0,HIIT,2
184,167,71,1.13,15.8,20.2,3.7,5,1,1,HIIT,1
163,114,55,1.17,11.0,18.0,3.9,5,3,1,Yoga,3
163,135,69,0.36,31.3,20.8,3.0,2,0,0,Strength,0
191,155,70,0.62,26.1,23.5,3.8,3,1,0,Strength,1
180,144,77,0.89,19.9,21.0,2.8,6,2,1,Cardio,2
173,149,78,0.54,21.3,27.3,4.0,5,1,0,Mixed,1
190,161,77,0.75,20.7,23.1,3.7,2,0,0,Mixed,0
184,145,73,1.01,20.4,31.5,3.3,4,1,0,Cardio,1
199,165,63,1.07,16.2,21.8,4.7,5,3,1,Mixed,3
171,145,67,0.73,24.9,24.6,4.2,4,1,0,Mixed,1
192,156,72,0.84,22.7,22.8,3.4,3,0,0,Strength,0
191,161,69,0.96,12.8,25.8,3.9,4,2,1,Mixed,2
191,147,67,1.16,18.5,28.3,3.4,4,1,1,Cardio,1
174,131,77,0.87,18.4,26.4,3.8,3,1,0,Yoga,1
158,143,63,0.85,20.8,18.0,3.4,5,1,1,HIIT,1
184,167,70,0.71,31.7,26.0,3.7,3,0,0,HIIT,0
201,158,77,0.76,21.0,20.0,3.4,4,1,0,Cardio,1
170,124,69,0.67,25.0,22.8,3.4,5,1,0,Yoga,1
189,171,69,0.68,12.7,26.8,3.4,4,1,0,HIIT,1
188,150,78,0.53,26.7,19.5,2.8,2,0,0,Cardio,0
198,145,81,0.35,17.8,28.6,3.4,2,0,0,Yoga,0
187,169,68,0.91,16.5,22.6,3.6,6,2,1,HIIT,2
167,134,71,0.6,19.3,32.7,2.4,5,1,0,Cardio,1
167,136,79,0.25,28.9,24.3,2.5,3,0,0,Cardio,0
193,164,77,0.85,23.1,30.8,4.4,2,0,0,Mixed,0
174,160,80,0.48,29.8,28.8,3.0,3,0,0,HIIT,0
178,150,84,0.73,17.5,21.6,3.4,3,1,0,Strength,1
196,159,73,0.67,23.9,18.8,3.1,5,1,0,Strength,1
196,152,71,0.71,23.6,24.5,3.1,3,0,0,Cardio,0
193,140,75,0.8,23.2,21.7,3.8,3,1,0,Yoga,1
176,130,74,0.67,28.5,30.3,3.7,2,0,0,Yoga,0
181,144,77,0.69,23.1,23.0,3.0,2,0,0,Cardio,0
166,140,62,1.03,12.1,22.8,4.3,7,3,1,Mixed,3
171,133,62,0.89,20.9,18.4,3.6,5,2,1,Cardio,2
200,159,63,0.88,18.7,25.7,3.4,7,2,1,Strength,2
173,146,63,0.37,23.2,19.3,4.3,3,0,0,Mixed,0
196,142,74,0.54,27.4,25.8,3.7,3,0,0,Yoga,0
188,153,73,0.7,21.2,26.3,3.0,5,1,0,Strength,1
165,120,65,1.22,17.2,21.0,4.0,7,2,1,Yoga,2
198,140,68,1.1,24.4,27.8,4.3,4,1,1,Yoga,1
193,156,72,0.56,25.8,22.9,3.4,5,1,0,Strength,1
167,138,70,0.29,23.0,18.1,2.7,3,0,0,Strength,0
173,124,65,1.0,11.9,30.2,4.0,4,1,1,Yoga,1
184,167,68,1.27,14.2,20.3,4.0,6,2,1,HIIT,2
175,150,73,0.62,21.5,26.0,3.8,3,1,0,Mixed,1
201,183,78,0.46,28.4,25.7,2.7,2,0,0,HIIT,0
190,172,68,0.64,20.2,25.6,3.4,3,1,0,HIIT,1
173,158,70,1.05,18.3,25.5,3.9,5,2,1,HIIT,2
165,122,69,0.76,28.6,20.1,3.9,3,0,0,Yoga,0
162,148,69,0.53,21.7,30.8,3.1,3,1,0,HIIT,1
188,132,64,1.04,12.6,27.8,4.3,7,3,1,Yoga,3
181,154,74,0.6,29.3,25.9,3.7,4,1,0,Mixed,1
163,131,71,0.27,25.0,18.7,2.8,3,0,0,Cardio,0
201,147,81,0.45,19.1,20.1,3.9,4,1,0,Yoga,1
191,139,74,0.84,24.2,26.6,3.6,2,0,0,Yoga,0
166,152,75,0.52,24.4,18.0,2.9,2,0,0,HIIT,0
169,155,80,0.57,30.2,25.4,2.5,3,0,0,HIIT,0
169,143,83,0.52,26.0,18.7,3.1,3,0,0,Strength,0
189,131,60,1.1,16.7,20.5,4.3,7,3,1,Yoga,3
171,126,71,1.09,18.7,18.4,3.8,4,2,1,Yoga,2
163,122,73,0.8,26.9,25.0,4.4,3,0,0,Yoga,0
181,141,68,1.11,15.9,28.5,3.7,5,3,1,Cardio,3
180,146,65,0.81,14.8,25.4,3.4,5,2,1,Strength,2
203,183,72,0.93,21.5,25.8,3.7,5,1,0,HIIT,1
178,147,73,0.78,33.5,24.7,4.1,2,0,0,Strength,0
190,146,66,0.74,19.7,26.7,3.0,4,2,0,Cardio,2
179,140,66,0.93,20.3,25.9,2.9,5,1,1,Cardio,1
196,177,75,0.93,28.9,18.0,3.6,3,0,0,HIIT,0
168,126,75,0.56,29.3,27.6,3.3,3,0,0,Yoga,0
183,132,70,0.71,25.8,27.2,4.0,2,0,0,Yoga,0
186,167,62,0.94,29.5,22.6,3.2,6,2,1,HIIT,2
185,167,65,0.66,22.1,18.0,3.1,2,0,0,HIIT,0
168,152,64,1.01,22.6,25.0,3.4,3,1,0,HIIT,1
195,141,75,0.6,29.9,25.3,3.9,3,0,0,Yoga,0
180,153,75,0.77,28.4,22.2,3.9,5,1,0,Mixed,1
176,160,68,0.79,19.9,24.7,3.2,4,1,0,HIIT,1
170,135,70,0.83,24.0,28.3,3.2,4,1,0,Cardio,1
164,126,81,0.7,29.2,33.6,3.5,2,0,0,Yoga,0
155,132,79,0.74,25.9,24.6,3.3,3,0,0,Strength,0
179,164,79,0.45,26.6,25.3,2.8,2,0,0,HIIT,0
162,148,71,0.77,27.0,20.7,3.5,3,1,0,HIIT,1
187,152,73,0.58,24.6,22.0,3.3,3,0,0,Strength,0
157,132,72,0.77,17.5,23.5,3.2,4,1,0,Strength,1
193,154,81,0.41,25.1,28.7,2.4,3,0,0,Cardio,0
195,139,69,1.2,13.0,27.3,4.5,7,3,1,Yoga,3
186,139,82,0.9,22.5,31.7,3.7,5,1,0,Yoga,1
197,146,83,0.74,21.5,18.0,4.2,3,0,0,Yoga,0
165,134,75,0.47,28.6,18.7,1.8,2,0,0,Cardio,0
158,127,69,0.68,28.1,28.4,3.0,3,0,0,Cardio,0
196,162,63,1.44,8.0,29.8,5.3,7,3,1,Mixed,3
171,157,80,0.38,14.4,24.1,3.1,2,0,0,HIIT,0
170,135,55,0.65,20.3,18.0,3.4,7,2,1,Strength,2
188,150,63,0.62,26.0,21.0,3.4,5,1,0,Strength,1
193,154,63,1.09,13.1,25.3,4.1,5,2,1,Strength,2
192,144,56,1.14,13.3,20.4,3.5,7,3,1,Cardio,3
175,157,55,1.1,15.8,24.7,3.1,7,3,1,HIIT,3
187,149,77,0.34,29.6,31.6,2.3,3,0,0,Cardio,0
185,156,71,1.28,21.5,29.7,4.9,6,2,1,Mixed,2
178,147,74,0.66,24.7,27.2,3.3,3,0,0,Strength,0
198,139,67,0.37,32.2,23.7,3.6,3,0,0,Yoga,0
188,170,71,1.14,26.3,22.0,4.0,4,1,0,HIIT,1
175,147,64,0.72,25.9,27.0,3.7,4,1,0,Mixed,1
185,131,65,0.85,20.9,24.1,3.7,4,1,1,Yoga,1
183,130,65,1.23,16.0,24.2,4.5,7,3,1,Yoga,3
177,161,71,1.23,22.0,18.0,4.2,7,2,1,HIIT,2
170,139,69,1.01,24.6,21.1,4.2,3,1,0,Strength,1
198,180,74,0.96,17.6,27.0,3.3,4,1,0,HIIT,1
162,121,70,0.8,26.4,19.6,3.7,3,0,0,Yoga,0
198,141,73,0.66,19.1,25.1,3.8,4,1,0,Yoga,1
172,157,68,0.67,14.2,25.7,3.3,4,1,0,HIIT,1
199,157,58,0.9,21.7,25.9,4.1,5,2,1,Strength,2
177,122,55,1.1,20.5,26.2,4.1,7,3,1,Yoga,3
168,154,77,0.62,22.6,26.5,3.2,2,0,0,HIIT,0
179,123,55,1.15,13.1,21.5,4.3,7,3,1,Yoga,3
177,138,64,0.86,19.6,18.1,3.1,6,2,1,Cardio,2
182,146,80,0.59,29.5,20.5,2.5,3,0,0,Cardio,0
167,137,68,0.68,22.9,26.9,3.3,5,1,0,Strength,1
164,149,62,0.81,19.4,19.2,3.2,3,1,0,HIIT,1
192,136,69,1.08,21.5,19.8,4.0,3,1,0,Yoga,1
177,162,78,0.8,28.1,19.8,3.4,2,0,0,HIIT,0
198,137,64,0.82,21.9,18.0,4.1,3,1,0,Yoga,1
160,140,81,0.94,23.5,19.4,4.4,3,0,0,Mixed,0
178,138,64,1.41,16.4,28.0,3.9,7,3,1,Cardio,3
191,171,62,1.42,18.9,21.1,4.6,5,3,1,HIIT,3
205,165,73,0.9,24.4,18.0,3.8,3,1,0,Strength,1
173,144,76,0.78,28.5,22.0,3.6,2,0,0,Strength,0
177,129,72,0.58,20.3,26.0,3.6,3,1,0,Yoga,1
198,153,70,0.7,15.8,18.0,3.4,3,1,0,Cardio,1
175,147,64,1.03,10.7,27.8,4.5,7,3,1,Mixed,3
178,135,81,0.79,24.0,18.2,4.1,3,0,0,Yoga,0
165,129,61,0.62,21.3,22.4,2.2,6,2,1,Cardio,2
183,148,66,0.85,20.0,22.4,3.4,5,1,1,Strength,1
190,172,73,0.83,19.5,21.8,3.2,2,0,0,HIIT,0
178,146,72,0.84,26.0,23.7,3.5,2,0,0,Strength,0
175,149,71,1.02,17.9,27.1,3.9,7,2,1,Mixed,2
200,140,68,0.67,28.7,23.8,3.7,3,0,0,Yoga,0
205,162,63,1.31,9.2,21.6,3.8,7,3,1,Strength,3
164,149,67,1.36,10.2,25.8,4.0,7,3,1,HIIT,3
182,147,67,0.55,26.1,24.8,3.6,5,1,0,Strength,1
201,170,77,0.87,18.5,21.3,4.0,5,1,0,Mixed,1
183,147,81,0.26,26.6,24.2,2.7,3,0,0,Cardio,0
170,153,58,1.46,11.1,21.0,4.3,5,3,1,HIIT,3
180,132,74,0.25,18.5,20.5,2.5,4,1,0,Yoga,1
194,136,66,0.9,25.5,27.2,4.3,5,1,1,Yoga,1
187,148,55,1.04,8.0,25.8,4.0,5,3,1,Strength,3
204,158,73,0.31,30.6,27.1,2.4,3,0,0,Cardio,0
186,153,77,0.84,23.4,26.5,3.7,4,1,0,Strength,1
169,123,68,0.7,14.5,20.5,3.9,3,1,0,Yoga,1
178,162,75,0.56,27.5,28.0,3.2,2,0,0,HIIT,0
204,164,70,0.42,19.7,22.8,2.9,3,0,0,Strength,0
167,144,74,0.25,20.4,27.7,3.7,5,1,0,Mixed,1
193,163,74,0.61,19.8,23.5,3.8,3,1,0,Mixed,1
166,133,71,0.59,26.9,25.3,2.4,2,0,0,Cardio,0
180,136,55,1.16,17.0,25.4,3.4,7,3,1,Cardio,3
194,152,73,0.61,28.3,27.3,2.7,2,0,0,Cardio,0
199,167,72,0.89,25.7,18.0,4.3,4,1,0,Mixed,1
196,178,75,0.89,25.8,18.0,3.5,3,0,0,HIIT,0
170,156,75,0.4,25.2,26.7,2.6,2,0,0,HIIT,0
161,121,72,1.02,20.1,25.4,4.4,4,1,1,Yoga,1
170,155,67,0.66,18.2,20.9,2.7,4,1,0,HIIT,1
181,151,59,1.29,20.5,25.5,4.9,6,2,1,Mixed,2
195,152,74,0.74,28.0,18.4,3.3,4,1,0,Cardio,1
183,133,71,0.46,18.2,35.0,3.1,3,0,0,Yoga,0
176,148,64,1.03,25.4,29.2,4.5,4,1,1,Mixed,1
172,137,73,0.74,23.7,26.5,2.5,4,1,0,Cardio,1
199,166,69,0.25,23.7,24.3,3.4,3,0,0,Mixed,0
200,164,56,1.3,12.3,21.5,4.7,7,3,1,Mixed,3
178,153,78,0.82,21.5,18.8,4.3,3,1,0,Mixed,1
172,132,83,0.36,24.5,23.5,3.4,3,0,0,Yoga,0
178,151,71,1.22,11.9,20.6,5.2,6,2,1,Mixed,2
188,158,69,0.81,19.2,20.8,3.6,4,2,1,Mixed,2
185,150,71,1.11,21.1,18.3,4.5,6,2,1,Strength,2
191,158,80,0.92,19.1,25.0,3.6,5,1,0,Strength,1
160,130,75,1.5,20.3,22.5,3.4,4,1,1,Cardio,1
193,162,66,1.01,21.9,26.1,4.0,7,2,1,Mixed,2
186,157,69,0.78,16.9,25.8,4.1,7,2,1,Mixed,2
200,167,68,0.79,21.0,24.9,3.9,3,1,0,Mixed,1
178,150,66,1.37,15.2,34.6,4.9,5,2,1,Mixed,2
155,135,76,0.94,23.8,27.3,4.4,2,0,0,Mixed,0
188,154,74,0.39,24.5,19.0,2.8,3,0,0,Strength,0
172,132,58,0.78,14.1,25.8,2.8,7,3,1,Cardio,3
167,132,66,1.18,16.4,23.8,3.2,6,3,1,Cardio,3
187,149,60,0.84,12.5,18.6,3.6,7,2,1,Strength,2
186,152,71,0.78,25.7,18.3,4.2,5,1,0,Strength,1
171,140,69,0.49,21.6,25.8,3.0,2,0,0,Strength,0
164,138,60,1.01,20.8,26.8,4.2,4,1,1,Mixed,1
167,143,71,1.2,15.1,19.8,4.7,7,2,1,Mixed,2
201,183,81,1.02,20.2,27.9,3.7,3,0,0,HIIT,0
172,139,63,0.9,16.0,25.1,3.7,4,2,1,Strength,2
199,139,65,0.78,17.3,28.8,3.9,6,2,1,Yoga,2
194,138,69,0.98,21.3,28.4,4.1,3,1,0,Yoga,1
198,163,59,1.16,10.7,23.4,4.1,7,3,1,Mixed,3
188,142,58,1.43,17.9,30.5,3.6,7,3,1,Cardio,3
196,138,67,1.06,19.2,19.5,3.7,5,2,1,Yoga,2
182,166,73,0.75,21.9,33.6,3.2,2,0,0,HIIT,0
180,163,62,1.21,15.1,20.5,4.0,7,3,1,HIIT,3
202,160,83,0.49,24.5,23.8,2.3,3,0,0,Cardio,0
178,151,72,1.18,26.7,21.7,4.9,5,1,1,Mixed,1
192,148,66,1.07,17.8,22.5,3.4,4,2,1,Cardio,2
205,145,72,0.51,17.7,35.0,3.3,2,0,0,Yoga,0
195,176,70,0.51,14.2,22.1,2.9,5,1,0,HIIT,1
168,142,62,0.79,23.8,27.4,3.9,5,1,1,Mixed,1
187,171,78,0.61,22.0,23.1,3.1,4,1,0,HIIT,1
183,138,55,1.1,12.6,27.7,3.4,7,3,1,Cardio,3
172,137,55,1.31,22.4,21.8,4.4,4,2,1,Strength,2
182,166,74,0.86,29.4,25.0,3.0,2,0,0,HIIT,0
194,141,77,0.39,30.1,26.5,3.3,3,0,0,Yoga,0
165,140,67,1.01,9.3,21.1,4.5,5,3,1,Mixed,3
169,135,71,0.98,18.0,35.0,3.5,3,1,0,Cardio,1
205,186,80,0.27,28.1,26.7,2.5,2,0,0,HIIT,0
201,182,75,0.92,24.0,23.1,3.6,5,1,0,HIIT,1
178,163,79,0.43,31.6,21.2,2.1,2,0,0,HIIT,0
194,157,69,0.44,26.3,24.4,3.2,3,0,0,Strength,0
197,141,73,0.87,16.3,19.1,4.2,5,1,1,Yoga,1
164,149,63,0.66,26.4,31.1,3.2,4,1,0,HIIT,1
185,150,85,0.27,33.0,25.7,2.7,2,0,0,Cardio,0
152,131,68,1.09,8.0,23.6,4.5,6,2,1,Mixed,2
179,124,57,1.01,14.0,28.2,4.3,7,3,1,Yoga,3
188,152,67,0.78,18.1,21.1,3.5,6,2,1,Strength,2
188,157,65,0.89,12.9,19.4,4.9,5,1,1,Mixed,1
165,132,57,0.78,14.4,23.5,3.7,7,2,1,Strength,2
191,136,69,0.84,18.3,24.5,3.7,6,2,1,Yoga,2
183,165,60,0.85,21.7,26.1,3.2,4,2,1,HIIT,2
179,132,74,0.77,25.0,18.1,3.8,3,0,0,Yoga,0
184,157,76,0.61,22.3,22.2,4.1,3,0,0,Mixed,0
180,140,64,0.96,15.2,18.0,2.9,5,2,1,Cardio,2
194,175,70,0.57,26.3,19.3,2.8,3,0,0,HIIT,0
180,163,70,0.62,20.3,26.9,2.8,3,1,0,HIIT,1
193,140,76,0.48,29.5,27.8,3.7,3,0,0,Yoga,0
191,163,79,0.59,21.7,19.4,3.9,3,0,0,Mixed,0
162,126,82,0.5,20.1,22.7,3.4,3,1,0,Yoga,1
177,134,55,1.05,19.8,24.1,3.7,7,3,1,Cardio,3
169,142,61,0.75,23.7,28.3,3.8,5,2,1,Mixed,2
202,146,76,1.03,26.0,30.1,4.1,2,0,0,Yoga,0
188,145,65,1.21,16.4,24.6,3.8,5,3,1,Cardio,3
182,143,72,1.11,20.9,23.0,3.5,4,1,0,Cardio,1
204,148,81,0.53,25.1,18.2,3.7,2,0,0,Yoga,0
199,158,63,0.57,29.4,24.4,3.6,4,1,0,Strength,1
205,172,73,0.78,26.1,32.3,4.0,2,0,0,Mixed,0
204,160,77,0.72,12.7,29.2,2.9,4,1,0,Cardio,1
190,171,61,0.93,22.9,24.7,3.4,6,2,1,HIIT,2
158,122,55,1.07,24.1,25.2,3.3,4,2,1,Cardio,2
185,131,66,0.87,24.2,21.2,4.1,4,1,0,Yoga,1
188,138,77,0.82,27.9,22.6,3.6,2,0,0,Yoga,0
183,150,75,0.62,27.1,24.6,3.3,2,0,0,Strength,0
188,168,55,1.19,11.3,24.6,3.9,7,3,1,HIIT,3
179,152,71,0.84,28.6,28.0,3.9,2,0,0,Mixed,0
193,154,63,0.69,12.8,27.8,3.3,4,1,1,Strength,1
187,144,64,1.01,22.9,26.1,3.1,5,1,1,Cardio,1
173,148,71,0.72,29.1,20.0,3.9,3,0,0,Mixed,0
189,157,61,1.19,20.2,20.2,4.5,7,3,1,Mixed,3
192,147,63,0.59,31.0,20.4,2.7,2,0,0,Cardio,0
168,153,72,0.85,11.1,24.9,3.1,6,2,1,HIIT,2
178,144,64,1.09,18.0,18.0,3.4,4,2,1,Strength,2
168,152,59,0.84,17.7,24.0,3.4,4,2,1,HIIT,2
165,129,60,1.21,23.0,29.6,3.4,5,2,1,Cardio,2
201,166,62,0.67,12.1,26.7,4.2,4,2,1,Mixed,2
179,146,70,1.05,22.1,22.6,3.6,4,1,0,Strength,1
176,136,61,1.53,20.9,21.2,3.9,6,3,1,Cardio,3
169,153,59,1.48,18.8,27.2,4.4,6,3,1,HIIT,3
193,149,66,0.95,21.6,25.2,2.8,3,1,0,Cardio,1
197,152,70,0.78,20.1,23.0,3.4,3,1,0,Cardio,1
203,160,60,0.68,30.2,21.6,3.0,5,1,0,Strength,1
159,136,69,0.67,25.1,24.3,4.4,2,0,0,Mixed,0
166,143,72,0.64,26.0,22.8,4.4,3,0,0,Mixed,0
191,136,68,0.73,32.7,27.1,4.1,3,0,0,Yoga,0
167,120,64,1.06,20.4,29.0,4.4,7,2,1,Yoga,2
167,141,63,0.66,15.9,18.5,4.1,3,1,1,Mixed,1
190,160,69,1.35,13.9,19.1,5.1,6,3,1,Mixed,3
198,149,58,0.95,20.8,29.4,3.6,5,2,1,Cardio,2
162,126,83,0.76,27.4,24.7,3.7,2,0,0,Yoga,0
187,132,65,0.9,26.9,19.5,3.8,2,0,0,Yoga,0
184,153,80,0.91,29.2,27.9,3.7,5,1,0,Strength,1
189,132,63,1.11,17.5,25.4,4.1,7,3,1,Yoga,3
179,151,69,1.04,16.3,32.8,4.5,7,2,1,Mixed,2
166,129,58,1.13,17.4,23.1,3.2,6,2,1,Cardio,2
183,129,63,0.78,14.8,28.4,4.2,7,2,1,Yoga,2
177,144,69,0.79,19.3,18.2,3.2,5,1,0,Strength,1
188,154,74,0.51,20.3,29.6,3.3,3,0,0,Strength,0
178,149,81,0.91,18.6,27.8,4.0,3,0,0,Strength,0
191,173,73,0.61,25.8,30.4,2.9,3,1,0,HIIT,1
195,153,74,0.61,28.4,28.4,2.6,3,0,0,Cardio,0
191,155,70,1.15,23.0,23.6,3.9,4,2,1,Strength,2
187,159,76,0.75,29.0,19.3,4.1,5,1,0,Mixed,1
186,158,72,0.39,23.5,21.6,4.1,3,0,0,Mixed,0
180,151,62,1.02,23.1,18.0,4.7,5,2,1,Mixed,2
194,141,76,1.11,19.4,20.3,4.4,4,2,1,Yoga,2
166,143,74,0.9,31.3,25.7,4.8,3,0,0,Mixed,0
171,131,57,1.23,10.6,23.8,2.9,7,3,1,Cardio,3
166,142,69,0.73,26.2,23.1,3.8,3,1,0,Mixed,1
158,119,70,0.97,13.3,20.8,4.3,4,2,1,Yoga,2
188,157,64,1.33,14.2,18.0,4.7,7,3,1,Mixed,3
169,155,74,0.75,17.6,24.7,3.0,2,0,0,HIIT,0
196,150,63,1.36,18.8,25.5,4.3,7,3,1,Cardio,3
194,156,66,0.91,23.3,20.0,3.3,7,2,1,Strength,2
173,148,74,0.87,27.2,21.9,4.2,3,0,0,Mixed,0
168,121,63,0.87,22.0,30.2,3.9,6,2,1,Yoga,2
179,138,61,1.25,21.1,28.6,3.4,5,3,1,Cardio,3
167,141,63,0.85,16.4,18.1,4.4,4,2,1,Mixed,2
195,175,65,0.78,12.5,23.7,3.0,6,2,1,HIIT,2
182,150,75,0.72,26.8,29.8,3.3,3,0,0,Strength,0
161,119,68,0.81,32.2,23.1,3.7,3,0,0,Yoga,0
178,150,67,0.42,26.3,22.9,3.6,4,1,0,Mixed,1
183,154,69,0.52,24.0,28.4,3.7,4,1,0,Mixed,1
185,168,69,1.55,17.5,27.9,4.1,5,3,1,HIIT,3
191,136,69,0.35,17.7,27.7,3.4,3,1,0,Yoga,1
167,135,76,0.5,30.5,23.0,2.4,3,0,0,Cardio,0
197,146,85,1.2,21.8,26.7,4.4,2,0,0,Yoga,0
176,143,67,0.32,20.2,30.0,2.6,3,0,0,Strength,0
184,166,67,0.7,29.5,23.8,3.8,2,0,0,HIIT,0
167,137,66,0.87,28.8,22.4,3.5,4,1,0,Strength,1
172,147,73,0.61,29.0,28.9,4.5,3,0,0,Mixed,0
201,180,59,1.07,19.6,32.2,4.1,7,3,1,HIIT,3
178,128,67,0.76,13.8,32.5,3.9,3,1,1,Yoga,1
187,167,55,1.28,20.0,22.5,3.6,5,3,1,HIIT,3
165,134,75,0.95,22.5,22.9,3.8,4,1,0,Cardio,1
189,134,68,0.7,23.5,19.9,3.9,5,1,0,Yoga,1
205,147,76,0.92,29.3,24.5,4.1,4,1,0,Yoga,1
158,127,55,1.17,9.7,19.7,3.9,6,3,1,Strength,3
160,130,75,0.95,18.2,21.9,3.3,6,2,1,Cardio,2
193,147,62,0.85,21.2,26.8,2.9,3,1,0,Cardio,1
168,134,70,0.85,22.0,25.6,2.7,3,1,0,Cardio,1
182,148,70,0.93,27.2,18.0,3.8,2,0,0,Strength,0
160,146,65,0.72,18.3,30.3,3.4,6,2,1,HIIT,2
185,152,55,1.42,21.8,19.7,5.1,7,3,1,Mixed,3
200,180,64,0.89,20.9,20.2,3.2,2,0,0,HIIT,0
173,157,66,1.03,16.1,19.0,3.6,5,1,1,HIIT,1
167,127,78,0.86,26.2,21.4,4.3,5,1,0,Yoga,1
190,169,55,0.92,9.9,20.4,3.7,6,3,1,HIIT,3
162,124,78,0.35,22.0,20.5,3.6,2,0,0,Yoga,0
174,144,75,0.34,25.9,18.0,2.9,2,0,0,Strength,0
162,140,73,0.44,31.6,24.5,3.3,2,0,0,Mixed,0
185,150,85,0.8,29.8,24.9,2.5,3,0,0,Cardio,0
183,165,63,1.22,17.5,33.0,3.5,5,2,1,HIIT,2
169,155,76,0.75,28.6,25.9,3.5,3,0,0,HIIT,0
164,122,70,1.04,23.5,22.0,3.8,3,1,0,Yoga,1
179,140,68,1.27,8.6,19.2,3.8,7,3,1,Cardio,3
182,142,68,0.57,27.4,23.6,2.5,3,0,0,Cardio,0
194,178,85,0.57,22.9,25.8,3.1,2,0,0,HIIT,0
162,134,68,1.27,18.4,22.0,4.5,5,3,1,Strength,3
182,154,67,0.73,20.5,24.2,4.5,6,2,1,Mixed,2
164,134,78,0.64,28.1,31.6,2.5,2,0,0,Cardio,0
178,147,74,0.32,30.3,22.5,3.0,2,0,0,Strength,0
171,154,61,1.26,8.0,18.0,3.6,6,3,1,HIIT,3
193,153,77,0.43,23.6,27.5,2.6,3,0,0,Cardio,0
205,154,60,1.06,9.9,25.3,3.8,4,2,1,Cardio,2
174,147,83,0.85,27.8,18.0,3.4,2,0,0,Strength,0
192,150,71,0.68,19.3,25.7,2.6,3,1,0,Cardio,1
172,139,61,1.33,19.5,20.0,3.9,6,3,1,Strength,3
174,143,71,0.6,24.2,25.8,3.0,3,0,0,Strength,0
197,162,81,0.76,26.2,31.6,3.4,3,0,0,Strength,0
171,156,70,0.75,27.9,23.3,2.9,4,1,0,HIIT,1
198,178,67,0.94,19.9,28.3,3.8,4,1,0,HIIT,1
159,136,70,0.75,20.8,19.1,3.9,3,0,0,Mixed,0
176,160,69,0.84,25.0,18.0,3.6,3,1,0,HIIT,1
173,142,69,0.25,24.3,32.1,2.8,2,0,0,Strength,0
183,146,77,0.71,16.3,25.2,3.0,3,0,0,Cardio,0
180,154,74,0.75,19.6,26.5,4.1,4,1,0,Mixed,1
200,164,58,1.1,15.6,28.6,4.7,6,3,1,Mixed,3
171,138,76,0.33,29.2,21.9,2.2,3,0,0,Cardio,0
172,157,76,0.48,18.9,27.3,3.2,4,1,0,HIIT,1
161,139,74,0.69,22.4,26.7,4.5,3,0,0,Mixed,0
165,134,74,0.45,23.9,18.8,3.0,3,0,0,Cardio,0
170,156,75,0.32,29.9,30.1,2.1,3,0,0,HIIT,0
194,156,68,0.74,22.3,29.2,4.1,5,1,0,Strength,1
177,130,73,0.65,25.0,18.9,3.5,3,0,0,Yoga,0
191,153,66,0.86,26.4,24.8,3.1,5,1,0,Strength,1
178,149,62,1.22,10.9,23.1,4.1,6,3,1,Mixed,3
183,166,75,0.47,25.7,29.7,2.6,2,0,0,HIIT,0
185,132,68,1.4,13.4,18.4,4.2,6,2,1,Yoga,2
169,156,80,0.43,26.6,35.0,2.6,3,0,0,HIIT,0
195,164,70,0.63,22.3,23.3,4.0,2,0,0,Mixed,0
189,136,71,0.4,23.4,27.0,3.2,3,0,0,Yoga,0
168,140,73,0.76,27.8,29.5,3.1,4,1,0,Strength,1
189,160,74,0.41,26.8,23.2,3.5,3,0,0,Mixed,0
181,152,65,0.71,17.0,23.5,4.4,4,2,1,Mixed,2
166,134,75,0.57,29.8,22.0,2.8,2,0,0,Cardio,0
188,145,65,1.06,19.5,20.5,3.4,4,1,1,Cardio,1
188,134,68,1.16,18.8,25.1,4.0,6,2,1,Yoga,2
179,148,76,0.32,26.5,23.5,3.4,3,0,0,Strength,0
191,154,65,0.58,27.9,22.0,3.5,3,1,0,Strength,1
165,151,74,0.89,30.8,22.2,3.2,2,0,0,HIIT,0
187,148,74,0.81,21.6,26.3,3.3,2,0,0,Cardio,0
184,132,69,0.92,20.7,20.8,4.3,5,2,1,Yoga,2
181,146,81,0.92,26.6,23.0,3.0,3,0,0,Cardio,0
176,149,65,0.99,27.0,27.6,4.0,5,2,1,Mixed,2
179,146,67,0.56,18.7,25.0,2.9,2,0,0,Strength,0
194,140,74,0.58,15.9,19.8,3.4,3,1,0,Yoga,1
185,155,85,0.39,27.2,23.9,3.1,2,0,0,Strength,0
189,160,74,0.96,31.3,25.7,4.7,4,1,0,Mixed,1
197,165,69,0.45,28.9,28.0,3.8,4,1,0,Mixed,1
163,150,77,0.74,27.0,21.0,3.2,3,0,0,HIIT,0
192,174,74,0.87,18.7,21.8,3.1,4,1,0,HIIT,1
194,141,76,0.7,26.3,21.2,3.3,3,0,0,Yoga,0
164,141,72,0.73,21.4,21.4,4.7,4,2,1,Mixed,2
185,167,64,0.59,18.2,25.6,3.2,3,1,0,HIIT,1
191,159,63,0.9,13.4,26.4,4.3,5,2,1,Mixed,2
165,151,67,0.78,27.5,28.2,3.0,7,2,1,HIIT,2
205,161,78,0.93,37.5,23.6,3.4,3,0,0,Cardio,0
179,147,72,0.56,23.2,18.4,3.3,3,0,0,Strength,0
170,146,73,0.47,24.1,26.7,3.7,3,0,0,Mixed,0
171,126,72,0.81,26.9,24.6,3.5,2,0,0,Yoga,0
193,138,71,0.82,20.9,24.2,3.7,3,0,0,Yoga,0
184,134,73,0.36,26.5,18.9,2.9,4,1,0,Yoga,1
167,138,70,0.42,25.7,23.2,3.4,5,1,0,Strength,1
198,169,81,0.51,22.6,19.2,4.0,3,0,0,Mixed,0
183,132,70,0.33,16.8,25.9,2.9,3,0,0,Yoga,0
191,156,74,0.58,31.4,22.3,3.1,3,0,0,Strength,0
171,138,79,0.86,32.5,21.9,3.0,2,0,0,Cardio,0
187,147,72,0.92,17.1,18.0,3.5,3,1,0,Cardio,1
174,140,60,1.12,18.6,28.1,4.0,7,2,1,Strength,2
196,179,81,0.97,32.6,23.0,3.5,2,0,0,HIIT,0
160,131,65,0.88,15.7,24.3,3.8,7,2,1,Strength,2
195,166,80,0.64,21.4,21.1,3.6,5,1,0,Mixed,1
176,160,69,0.76,24.3,18.0,3.3,5,1,0,HIIT,1
183,158,81,0.54,22.5,21.9,4.2,3,0,0,Mixed,0
165,123,73,0.65,24.1,22.5,4.3,2,0,0,Yoga,0
167,131,64,0.78,16.9,25.2,2.8,7,2,1,Cardio,2
165,150,62,1.31,19.9,22.6,3.8,7,3,1,HIIT,3
177,147,56,0.79,23.8,21.1,4.3,6,2,1,Mixed,2
172,145,65,0.75,20.1,18.0,4.8,2,0,0,Mixed,0
192,174,72,0.59,31.6,24.2,2.7,2,0,0,HIIT,0
171,133,64,1.05,29.3,20.8,3.3,5,1,0,Cardio,1
198,163,55,1.1,11.2,29.3,4.0,7,2,1,Mixed,2
171,148,79,0.43,32.7,24.6,3.7,3,0,0,Mixed,0
178,126,61,1.16,10.2,26.2,4.7,5,2,1,Yoga,2
169,134,68,0.55,21.9,23.0,2.5,5,1,0,Cardio,1
178,144,66,0.85,20.0,24.8,3.7,7,2,1,Strength,2
168,154,73,0.78,24.5,20.4,3.3,5,1,0,HIIT,1
191,149,71,1.24,26.4,19.3,3.3,4,1,0,Cardio,1
194,153,76,0.56,21.8,24.1,3.2,2,0,0,Cardio,0
195,137,67,1.08,11.8,26.3,4.1,6,2,1,Yoga,2
190,171,63,0.92,21.6,18.0,3.5,6,2,1,HIIT,2
168,135,56,1.25,12.8,22.0,4.1,7,3,1,Strength,3
162,118,63,0.61,32.4,31.4,3.5,3,0,0,Yoga,0
195,153,73,0.39,17.4,25.9,2.6,4,1,0,Cardio,1
205,160,57,1.35,8.6,30.2,3.7,6,3,1,Strength,3
194,142,80,0.65,23.0,21.5,3.9,4,1,0,Yoga,1
172,144,79,0.72,30.5,22.2,3.9,3,0,0,Strength,0
173,135,65,1.28,15.7,27.9,3.3,7,3,1,Cardio,3
194,142,79,0.25,27.5,26.5,2.7,2,0,0,Yoga,0
176,151,78,0.99,22.8,23.6,4.0,3,0,0,Mixed,0
164,136,72,0.88,27.4,18.9,3.5,5,1,0,Strength,1
178,143,78,0.49,30.6,28.6,3.2,2,0,0,Cardio,0
188,138,76,0.51,22.2,34.0,3.5,3,0,0,Yoga,0
184,149,67,0.82,20.1,18.0,3.5,5,1,1,Strength,1
165,130,64,0.72,22.0,29.6,2.6,3,1,0,Cardio,1
181,146,62,1.09,13.1,22.1,3.8,7,3,1,Strength,3
202,163,71,1.1,20.7,22.7,3.7,5,2,1,Strength,2
190,159,64,1.13,11.3,25.1,4.9,5,2,1,Mixed,2
161,148,71,0.63,32.4,19.2,2.9,3,1,0,HIIT,1
179,129,68,0.25,34.2,23.9,3.7,3,0,0,Yoga,0
186,168,68,0.8,17.8,18.0,3.6,5,1,1,HIIT,1
183,152,59,1.23,19.9,25.9,5.0,5,2,1,Mixed,2
168,142,64,0.87,14.7,32.9,4.4,5,1,1,Mixed,1
168,127,75,0.82,25.7,21.4,4.1,2,0,0,Yoga,0
205,164,70,0.36,27.4,23.3,2.9,5,1,0,Strength,1
190,155,74,0.67,10.6,23.5,3.6,4,1,0,Strength,1
198,156,79,0.41,25.6,27.9,2.8,3,0,0,Cardio,0
193,152,56,0.98,11.6,25.6,3.7,7,3,1,Strength,3
181,145,60,0.55,20.2,27.7,3.0,3,1,0,Strength,1
195,148,60,0.8,25.5,22.0,3.2,7,2,1,Cardio,2
172,156,71,0.65,25.5,25.7,2.9,2,0,0,HIIT,0
177,151,73,0.9,22.4,18.0,3.8,3,1,0,Mixed,1
199,165,63,0.92,16.3,26.7,4.3,5,3,1,Mixed,3
196,160,75,0.99,31.9,19.1,3.8,2,0,0,Strength,0
174,141,79,0.79,27.7,22.7,2.6,3,0,0,Cardio,0
189,157,83,1.1,29.7,27.0,3.4,3,1,0,Strength,1
166,122,69,0.69,14.8,18.0,3.7,5,1,1,Yoga,1
166,132,69,0.62,25.9,28.4,2.6,5,1,0,Cardio,1
174,158,66,0.78,21.7,23.5,3.4,4,1,0,HIIT,1
178,161,67,0.96,17.8,29.8,3.5,6,2,1,HIIT,2
175,145,76,0.82,25.1,20.4,3.4,5,1,0,Strength,1
201,156,73,0.66,35.1,18.0,2.5,2,0,0,Cardio,0
180,125,58,1.42,18.0,23.9,4.8,6,3,1,Yoga,3
188,159,72,0.69,32.7,26.3,4.0,3,0,0,Mixed,0
174,135,64,0.8,26.1,26.7,2.9,5,1,0,Cardio,1
168,126,76,0.81,28.0,19.5,4.0,3,0,0,Yoga,0
194,154,61,1.36,11.8,18.0,4.6,7,3,1,Strength,3
180,162,60,1.31,18.6,22.8,4.0,7,3,1,HIIT,3
164,143,79,0.63,23.3,26.1,3.5,4,1,0,Mixed,1
172,158,77,0.49,28.4,25.9,2.8,2,0,0,HIIT,0
175,123,59,0.76,16.3,30.3,3.6,4,2,1,Yoga,2
192,164,78,0.26,27.4,22.5,3.5,2,0,0,Mixed,0
181,128,63,0.99,19.7,18.0,3.9,5,2,1,Yoga,2
171,154,58,1.2,15.0,28.8,3.7,7,3,1,HIIT,3
183,143,69,0.62,29.0,24.8,2.7,5,1,0,Cardio,1
181,162,59,1.0,8.0,25.1,3.6,7,3,1,HIIT,3
172,143,76,0.55,25.7,27.1,3.2,2,0,0,Strength,0
183,149,71,1.25,13.5,29.1,3.7,7,3,1,Strength,3
188,137,73,0.57,22.6,23.9,3.8,3,0,0,Yoga,0
193,158,75,0.7,24.3,28.7,3.3,3,0,0,Strength,0
198,150,61,1.06,18.3,26.2,3.0,7,3,1,Cardio,3
166,131,67,0.82,24.7,21.4,2.5,4,1,0,Cardio,1
184,154,63,1.25,13.1,23.1,5.2,7,2,1,Mixed,2
170,140,70,1.35,10.7,26.5,3.9,5,2,1,Strength,2
167,122,67,0.69,25.9,21.2,3.2,3,1,0,Yoga,1
198,179,71,0.63,30.5,27.5,3.0,2,0,0,HIIT,0
201,156,74,1.01,21.6,24.6,3.4,4,2,0,Cardio,2
171,146,69,0.69,27.9,25.5,3.7,3,0,0,Mixed,0
195,143,79,0.64,17.0,29.8,3.7,2,0,0,Yoga,0
167,133,69,1.18,20.9,25.4,3.2,5,1,1,Cardio,1
188,142,55,1.06,13.6,24.3,3.5,5,3,1,Cardio,3
192,134,63,1.12,21.9,23.7,4.7,7,2,1,Yoga,2
171,147,74,0.84,32.1,23.5,4.6,3,0,0,Mixed,0
190,144,57,1.29,10.7,25.2,3.8,7,2,1,Cardio,2
186,130,62,1.45,11.3,29.5,4.7,7,3,1,Yoga,3
172,129,77,0.86,27.5,21.6,3.9,3,0,0,Yoga,0
191,161,73,0.62,26.1,21.3,3.9,3,0,0,Mixed,0
188,149,77,0.52,34.0,29.1,2.5,2,0,0,Cardio,0
191,155,71,0.85,25.9,21.7,3.6,3,1,0,Strength,1
173,132,81,0.83,31.2,24.9,3.8,2,0,0,Yoga,0
189,133,65,0.39,26.6,21.6,3.8,4,1,0,Yoga,1
197,150,64,0.96,10.7,18.0,3.4,6,2,1,Cardio,2
168,145,75,0.64,21.0,24.8,4.4,4,1,0,Mixed,1
166,140,63,0.97,21.7,28.5,4.7,7,3,1,Mixed,3
188,143,58,0.71,24.9,23.8,2.6,3,1,0,Cardio,1
158,135,67,0.65,26.1,18.1,4.1,3,0,0,Mixed,0
172,136,70,0.86,22.8,24.4,2.5,5,1,0,Cardio,1
193,155,68,1.33,13.9,21.0,4.8,7,3,1,Strength,3
181,165,73,0.81,30.5,18.0,3.6,3,0,0,HIIT,0
168,145,78,0.96,26.5,23.7,4.1,3,0,0,Mixed,0
163,119,65,0.95,13.4,26.1,3.9,7,2,1,Yoga,2
175,131,78,0.74,27.8,28.7,3.9,3,0,0,Yoga,0
173,137,70,1.15,9.3,31.0,2.9,7,2,1,Cardio,2
165,133,75,0.56,17.9,26.6,2.8,3,1,0,Cardio,1
180,131,70,1.19,16.7,27.7,4.0,5,2,1,Yoga,2
198,165,67,0.79,22.1,18.9,4.3,5,1,1,Mixed,1
187,147,74,0.64,33.9,30.5,2.3,2,0,0,Cardio,0
173,138,73,0.69,23.8,29.1,2.7,4,1,0,Cardio,1
170,138,77,0.51,26.9,22.5,2.0,3,0,0,Cardio,0
199,179,68,1.11,16.6,26.7,3.5,7,2,1,HIIT,2
155,113,61,0.86,22.9,26.3,4.0,4,1,1,Yoga,1
165,132,71,1.25,11.5,29.9,3.6,6,2,1,Cardio,2
199,158,61,0.78,24.5,23.4,3.4,3,1,0,Strength,1
176,148,61,1.16,17.7,21.0,4.7,4,2,1,Mixed,2
188,154,76,0.78,25.3,22.0,3.1,3,0,0,Strength,0
202,157,75,0.43,33.7,27.6,2.1,3,0,0,Cardio,0
167,129,82,0.38,35.4,18.0,3.3,3,0,0,Yoga,0
180,150,59,0.87,26.3,18.0,4.5,7,2,1,Mixed,2
168,153,68,0.97,22.8,27.6,3.2,5,1,0,HIIT,1
172,155,60,0.91,25.0,25.1,2.8,5,1,0,HIIT,1
187,130,61,1.17,12.6,24.1,4.1,5,3,1,Yoga,3
197,158,69,0.86,21.5,18.8,3.8,4,1,0,Strength,1
190,146,64,0.53,23.3,18.0,2.8,4,1,0,Cardio,1
169,138,67,1.17,14.0,21.5,3.7,6,3,1,Strength,3
166,153,75,0.96,22.4,25.4,3.9,4,1,0,HIIT,1
197,138,65,1.03,20.6,21.7,4.4,4,2,1,Yoga,2
162,136,76,0.72,30.6,27.6,3.3,5,1,0,Strength,1
169,146,75,0.66,27.0,20.2,4.2,2,0,0,Mixed,0
197,158,69,0.84,16.3,21.9,4.0,5,2,1,Strength,2
176,142,64,1.13,11.1,26.8,3.9,5,3,1,Strength,3
170,139,65,0.83,15.9,22.5,3.6,3,1,0,Strength,1
171,156,72,0.67,23.1,22.7,3.4,4,1,0,HIIT,1
180,142,71,0.63,22.6,21.4,3.1,4,1,0,Cardio,1
176,122,55,1.39,9.4,20.7,4.1,5,3,1,Yoga,3
180,148,55,1.15,12.6,25.4,4.7,7,3,1,Mixed,3
160,131,77,0.33,32.7,25.9,2.2,2,0,0,Cardio,0
161,147,64,0.93,16.3,24.9,3.2,6,2,1,HIIT,2
179,162,63,0.91,21.3,21.5,3.6,3,1,0,HIIT,1
167,136,78,0.25,22.6,23.2,2.2,3,0,0,Cardio,0
162,149,75,0.82,28.9,30.4,3.1,3,1,0,HIIT,1
167,153,69,0.43,31.0,18.3,2.8,2,0,0,HIIT,0
200,137,60,1.23,11.6,31.5,4.8,7,3,1,Yoga,3
162,134,83,0.44,29.9,24.4,2.4,2,0,0,Cardio,0
187,168,55,1.2,15.1,23.3,3.8,5,3,1,HIIT,3
153,128,69,1.33,14.7,27.8,4.2,7,3,1,Strength,3
168,153,73,0.65,30.6,18.0,3.1,3,0,0,HIIT,0
181,163,65,0.66,17.4,29.5,3.0,5,2,1,HIIT,2
192,160,63,0.95,16.1,31.4,4.3,5,1,1,Mixed,1
177,159,55,1.31,11.4,28.4,3.7,7,3,1,HIIT,3
190,145,62,0.92,15.5,18.0,3.1,5,2,1,Cardio,2
204,170,69,0.63,17.5,27.1,4.3,6,2,1,Mixed,2
160,129,72,1.06,18.5,30.6,3.7,7,3,1,Cardio,3
177,154,85,0.72,17.9,30.2,4.3,2,0,0,Mixed,0
197,165,69,0.72,21.5,18.4,4.4,3,1,0,Mixed,1
183,153,63,0.97,18.8,28.1,4.6,7,2,1,Mixed,2
195,139,70,0.62,30.9,31.2,3.6,3,0,0,Yoga,0
173,146,66,1.42,8.0,24.1,5.2,6,3,1,Mixed,3
178,125,61,0.9,25.1,18.2,4.1,5,2,1,Yoga,2
190,153,69,1.0,16.9,27.3,4.1,5,1,1,Strength,1
170,156,77,0.7,32.5,28.2,3.5,3,0,0,HIIT,0
170,147,77,0.89,19.4,23.4,4.4,2,0,0,Mixed,0
196,159,72,0.37,26.9,19.2,2.5,2,0,0,Strength,0
179,141,70,0.8,18.5,27.9,2.7,4,1,0,Cardio,1
159,144,62,1.32,18.2,20.9,3.7,7,2,1,HIIT,2
195,157,66,0.85,17.9,25.6,3.7,4,1,1,Strength,1
183,130,65,0.77,25.5,30.2,3.8,5,1,0,Yoga,1
184,155,68,0.47,29.2,18.0,3.6,2,0,0,Mixed,0
168,136,77,0.75,30.7,27.6,2.8,2,0,0,Cardio,0
188,156,59,1.27,20.8,23.2,4.5,7,3,1,Mixed,3
191,173,69,0.49,31.0,23.3,3.3,3,0,0,HIIT,0
195,151,69,0.8,27.1,26.1,3.3,2,0,0,Cardio,0
173,144,59,1.35,28.0,20.9,5.0,5,2,1,Mixed,2
197,164,67,0.78,21.7,19.3,4.6,5,1,1,Mixed,1
198,168,81,0.67,22.0,18.0,4.1,2,0,0,Mixed,0
168,118,57,1.15,16.4,28.9,4.1,6,3,1,Yoga,3
181,165,73,0.73,20.5,22.5,3.3,5,1,0,HIIT,1
170,139,83,0.69,25.3,26.3,2.7,2,0,0,Cardio,0
161,147,66,1.05,16.2,22.1,3.8,6,2,1,HIIT,2
188,170,71,0.43,22.4,19.4,2.3,2,0,0,HIIT,0
169,139,70,0.89,24.8,26.6,3.7,4,1,0,Strength,1
181,163,65,0.8,23.2,25.3,3.1,4,2,0,HIIT,2
171,140,69,1.43,22.9,23.1,4.4,5,3,1,Strength,3
191,158,61,1.13,18.8,25.2,5.0,3,1,1,Mixed,1
163,142,81,0.36,24.6,20.2,3.6,2,0,0,Mixed,0
183,140,61,0.9,17.9,28.2,3.4,4,1,1,Cardio,1
201,181,64,1.18,12.2,29.2,4.0,6,3,1,HIIT,3
177,143,63,1.04,18.6,27.0,4.0,7,2,1,Strength,2
195,160,79,1.08,17.8,22.5,3.7,4,1,0,Strength,1
184,158,78,0.25,32.2,24.2,4.0,3,0,0,Mixed,0
199,142,73,0.65,18.9,30.3,3.4,4,1,0,Yoga,1
184,146,55,1.44,10.3,29.1,3.9,5,3,1,Strength,3
205,148,79,0.53,24.3,32.0,3.4,4,1,0,Yoga,1
172,142,85,0.52,27.5,20.9,2.5,2,0,0,Cardio,0
205,174,80,0.89,22.5,20.5,4.4,3,1,0,Mixed,1
181,129,65,0.76,26.6,24.5,3.8,5,1,0,Yoga,1
179,162,69,0.89,28.9,25.6,3.3,3,1,0,HIIT,1
186,151,69,0.8,25.2,23.4,3.4,2,0,0,Strength,0
179,152,72,0.76,19.7,22.4,4.3,3,0,0,Mixed,0
190,159,66,0.92,15.1,29.1,4.7,4,2,1,Mixed,2
170,156,74,1.04,23.1,23.6,3.6,4,1,0,HIIT,1
166,135,63,1.54,15.8,19.1,4.8,7,3,1,Strength,3
181,150,56,0.82,20.8,19.6,3.7,7,2,1,Mixed,2
185,150,70,0.65,24.7,25.0,3.2,3,1,0,Strength,1
179,164,78,0.72,28.7,35.0,3.6,2,0,0,HIIT,0
186,151,70,1.2,18.5,20.1,3.7,5,2,1,Strength,2
186,153,77,0.71,19.5,22.7,3.2,2,0,0,Strength,0
193,160,62,1.21,9.3,33.6,4.7,7,3,1,Mixed,3
193,139,74,0.66,28.7,22.1,4.5,2,0,0,Yoga,0
174,149,76,0.65,26.9,25.8,3.5,3,0,0,Mixed,0
201,184,85,0.61,36.1,31.5,3.2,2,0,0,HIIT,0
183,167,76,0.73,27.1,20.2,3.0,5,1,0,HIIT,1
184,143,67,1.21,21.3,22.8,3.8,7,2,1,Cardio,2
182,167,79,0.62,24.1,22.1,2.9,3,0,0,HIIT,0
176,139,70,0.78,14.5,18.0,3.1,4,1,0,Cardio,1
166,152,75,0.61,31.9,30.3,2.7,2,0,0,HIIT,0
175,150,75,0.73,20.6,21.7,4.7,4,1,0,Mixed,1
168,139,72,0.47,28.7,20.5,2.8,3,0,0,Strength,0
181,131,69,0.69,25.1,22.2,3.8,4,1,0,Yoga,1
197,177,63,0.97,24.2,27.7,3.2,5,1,0,HIIT,1
178,148,79,0.62,22.9,24.5,2.7,3,0,0,Strength,0
193,150,70,1.16,16.5,20.8,3.7,7,2,1,Cardio,2
169,145,73,1.02,26.5,25.6,4.3,4,1,0,Mixed,1
198,179,69,0.63,16.8,27.3,3.4,5,1,0,HIIT,1
183,132,70,0.76,23.3,23.9,4.0,3,1,0,Yoga,1
200,167,66,1.3,23.8,23.1,4.6,4,2,1,Mixed,2
168,126,75,0.82,16.2,28.1,4.3,5,1,1,Yoga,1
172,156,65,1.28,12.3,23.3,3.7,7,3,1,HIIT,3
169,129,55,1.15,12.7,30.4,3.1,7,3,1,Cardio,3
197,163,61,1.33,25.2,21.0,4.8,7,2,1,Mixed,2
194,161,62,1.11,8.0,20.9,4.8,7,3,1,Mixed,3
205,160,55,1.14,15.2,20.4,4.0,7,3,1,Strength,3
204,167,80,0.65,25.8,23.0,2.8,2,0,0,Strength,0
166,117,59,1.23,14.5,24.0,4.5,7,3,1,Yoga,3
179,154,79,0.51,22.0,18.7,4.2,2,0,0,Mixed,0
191,150,75,0.8,27.5,24.4,3.1,2,0,0,Cardio,0
182,164,60,1.4,8.0,26.3,4.0,7,3,1,HIIT,3
191,154,70,0.47,23.4,18.1,2.9,2,0,0,Strength,0
168,123,67,0.71,24.4,21.9,3.8,5,1,0,Yoga,1
175,123,59,1.13,14.8,26.3,4.1,6,3,1,Yoga,3
193,175,74,0.48,27.6,19.6,3.0,2,0,0,HIIT,0
201,170,79,0.77,17.2,22.7,4.0,3,0,0,Mixed,0
170,144,67,0.76,21.7,28.4,4.3,4,1,0,Mixed,1
178,150,65,1.01,11.7,31.2,4.5,6,2,1,Mixed,2
195,140,73,0.94,18.3,25.8,4.2,5,2,1,Yoga,2
174,136,64,1.34,19.4,23.3,3.3,7,3,1,Cardio,3
171,142,76,0.25,28.5,22.0,2.5,2,0,0,Strength,0
183,153,63,1.36,26.2,27.6,5.6,5,1,1,Mixed,1
168,130,58,1.04,17.3,28.5,3.5,4,2,1,Cardio,2
175,159,68,1.02,20.5,19.4,4.1,6,2,1,HIIT,2
167,154,79,0.3,29.8,27.6,2.9,3,0,0,HIIT,0
184,166,65,0.97,23.5,21.6,3.4,2,0,0,HIIT,0
205,148,78,0.39,25.1,20.6,3.4,3,0,0,Yoga,0
181,150,57,1.6,16.3,23.4,4.7,5,3,1,Mixed,3
153,139,58,1.13,13.3,28.0,2.8,7,3,1,HIIT,3
163,125,79,0.76,40.0,25.2,4.2,3,0,0,Yoga,0
200,164,79,0.42,23.6,25.1,2.9,2,0,0,Strength,0
200,154,70,1.11,23.1,25.4,3.4,3,1,0,Cardio,1
166,130,63,1.05,8.0,25.9,3.2,7,3,1,Cardio,3
167,135,58,1.08,8.0,23.5,3.4,5,3,1,Strength,3
171,155,66,0.63,29.9,26.5,2.8,4,1,0,HIIT,1
187,140,81,0.75,23.4,21.4,3.7,2,0,0,Yoga,0
187,150,82,0.51,29.2,26.6,3.2,3,0,0,Cardio,0
174,126,67,0.96,26.4,27.4,3.9,3,1,0,Yoga,1
171,131,57,1.06,16.1,26.8,3.1,6,3,1,Cardio,3
170,156,79,0.76,20.7,27.0,3.6,2,0,0,HIIT,0
191,172,62,1.12,20.6,25.9,4.0,6,2,1,HIIT,2
193,164,79,0.61,36.4,28.7,4.3,3,0,0,Mixed,0
182,165,65,1.05,24.8,18.0,3.6,5,1,1,HIIT,1
183,153,64,1.12,15.6,27.4,4.5,6,2,1,Mixed,2
176,160,70,0.9,19.0,31.9,3.3,6,2,1,HIIT,2
188,130,60,1.3,18.2,21.5,4.2,6,2,1,Yoga,2
191,158,62,1.23,18.0,21.1,4.8,6,2,1,Mixed,2
178,153,77,0.75,21.4,29.1,3.8,3,0,0,Mixed,0
189,131,61,0.77,30.9,20.3,3.6,4,1,0,Yoga,1
179,145,65,0.98,17.5,21.3,3.7,4,2,1,Strength,2
198,157,81,0.33,27.4,24.7,2.5,3,0,0,Cardio,0
162,149,74,0.54,20.9,20.8,3.0,3,1,0,HIIT,1
187,142,60,1.39,10.8,27.5,3.8,7,3,1,Cardio,3
195,175,60,0.96,19.6,20.8,3.7,7,3,1,HIIT,3
187,158,72,0.95,12.8,25.4,4.4,4,2,1,Mixed,2
171,144,82,0.78,30.6,25.1,3.4,3,0,0,Strength,0
193,159,60,0.88,25.3,30.7,4.2,7,3,1,Mixed,3
162,115,57,1.23,8.8,28.7,4.2,7,3,1,Yoga,3
170,145,69,1.11,20.5,21.9,4.9,4,2,1,Mixed,2
192,176,81,0.54,26.9,18.9,3.0,2,0,0,HIIT,0
199,144,77,0.61,18.4,27.4,3.6,5,1,0,Yoga,1
174,158,68,0.82,20.5,21.4,2.9,6,2,1,HIIT,2
181,140,63,1.16,14.6,22.7,2.9,4,2,1,Cardio,2
185,167,67,0.48,25.9,19.8,2.7,2,0,0,HIIT,0
166,142,85,0.4,25.4,26.7,2.8,2,0,0,Strength,0
174,159,73,0.99,15.0,21.4,3.5,6,2,1,HIIT,2
200,158,61,0.92,21.7,23.9,3.9,7,2,1,Strength,2
178,151,71,0.99,28.4,23.9,3.9,4,1,0,Mixed,1
176,149,69,1.1,21.6,24.7,4.8,4,1,1,Mixed,1
203,182,65,0.66,21.1,26.6,2.7,4,2,0,HIIT,2
201,156,73,0.55,28.4,23.0,2.5,2,0,0,Cardio,0
191,152,78,0.89,26.5,21.0,3.1,3,0,0,Cardio,0
202,161,64,0.63,16.4,18.0,2.7,4,1,0,Strength,1
195,177,73,0.59,32.1,24.4,2.9,2,0,0,HIIT,0
180,147,69,1.33,16.2,23.4,4.5,6,2,1,Strength,2
197,161,55,0.87,18.5,21.2,3.9,4,2,1,Mixed,2
188,170,67,1.12,16.0,24.3,3.6,7,2,1,HIIT,2
193,173,57,1.17,13.1,27.4,3.8,5,3,1,HIIT,3
184,169,83,0.81,27.5,28.4,3.7,2,0,0,HIIT,0
187,154,77,0.74,29.8,18.0,3.1,3,0,0,Strength,0
172,157,71,0.47,25.9,22.6,2.9,2,0,0,HIIT,0
184,134,72,0.71,15.2,27.8,3.7,6,2,1,Yoga,2
169,140,70,0.69,22.4,30.4,3.9,3,1,0,Strength,1
198,155,76,0.41,25.1,20.7,2.7,3,0,0,Cardio,0
180,145,79,0.64,18.2,29.5,2.8,2,0,0,Cardio,0
165,116,57,0.9,13.6,18.6,4.3,6,3,1,Yoga,3
175,139,72,0.76,13.1,28.6,3.1,6,2,1,Cardio,2
163,150,73,0.56,16.3,22.9,3.5,5,1,0,HIIT,1
164,137,57,0.78,12.1,30.3,4.5,7,3,1,Mixed,3
167,130,63,0.89,14.6,22.1,3.5,5,2,1,Cardio,2
179,146,69,0.63,21.3,22.8,2.8,2,0,0,Strength,0
190,149,72,0.75,15.2,23.5,3.0,5,1,0,Cardio,1
198,140,69,0.25,26.7,18.0,3.4,3,1,0,Yoga,1
162,147,67,1.24,15.0,18.0,4.4,5,2,1,HIIT,2
172,135,66,0.44,32.5,26.0,2.5,2,0,0,Cardio,0
174,158,67,0.84,22.8,28.0,3.7,5,1,0,HIIT,1
200,139,65,1.16,19.9,26.4,4.3,4,1,1,Yoga,1
192,147,62,1.5,10.1,19.0,4.6,7,3,1,Cardio,3
193,132,57,0.99,15.0,25.9,4.5,7,3,1,Yoga,3
172,157,72,0.76,16.7,20.0,3.4,4,1,0,HIIT,1
189,158,67,1.39,25.6,25.6,5.5,5,1,1,Mixed,1
203,169,68,0.96,14.2,28.5,4.1,7,3,1,Mixed,3
165,135,65,0.89,10.2,25.5,4.0,6,2,1,Strength,2
189,171,65,1.09,8.0,29.9,3.8,7,3,1,HIIT,3
171,132,59,0.71,17.8,23.4,2.6,7,3,1,Cardio,3
177,129,70,1.11,17.4,23.1,4.4,5,2,1,Yoga,2
197,141,71,0.61,23.0,24.3,4.0,3,0,0,Yoga,0
173,158,75,0.84,24.1,18.6,2.9,2,0,0,HIIT,0
174,147,68,0.66,30.1,22.4,4.1,4,1,0,Mixed,1
176,130,74,0.97,11.9,22.7,4.3,6,2,1,Yoga,2
205,164,69,0.79,21.8,22.9,3.7,3,0,0,Strength,0
173,160,85,0.76,19.7,25.1,3.2,3,0,0,HIIT,0
194,148,63,0.74,19.5,18.1,3.0,3,1,0,Cardio,1
193,135,64,1.2,16.2,19.4,4.6,6,3,1,Yoga,3
175,137,67,0.61,28.6,28.5,2.9,3,1,0,Cardio,1
189,161,76,0.87,23.5,18.0,4.1,3,0,0,Mixed,0
170,146,74,0.83,31.0,26.5,4.1,3,0,0,Mixed,0
199,154,71,0.79,24.5,22.5,2.8,3,0,0,Cardio,0
160,115,60,1.06,22.0,24.6,3.9,5,3,1,Yoga,3
205,168,58,1.21,18.0,30.2,4.8,6,3,1,Mixed,3
188,136,73,0.86,28.5,23.5,4.3,5,1,0,Yoga,1
198,138,65,0.75,22.8,26.5,4.1,4,1,0,Yoga,1
156,134,67,0.97,27.2,24.2,4.4,5,2,1,Mixed,2
166,127,79,0.49,30.2,23.6,3.2,2,0,0,Yoga,0
187,152,69,0.62,23.0,23.1,3.2,4,1,0,Strength,1
169,143,63,0.57,17.4,26.8,3.9,5,1,1,Mixed,1
169,134,69,1.41,15.7,21.1,3.5,7,3,1,Cardio,3
198,159,67,0.91,11.5,19.5,3.4,6,2,1,Strength,2
168,133,66,0.8,18.1,24.3,3.0,5,1,1,Cardio,1
182,152,62,1.23,13.2,24.8,4.5,6,3,1,Mixed,3
198,177,57,1.13,20.8,18.0,3.7,4,2,1,HIIT,2
170,125,71,1.33,12.8,24.0,4.6,4,2,1,Yoga,2
159,136,81,0.86,29.7,19.1,4.0,3,1,0,Strength,1
166,127,79,0.63,28.9,26.5,3.5,2,0,0,Yoga,0
179,146,70,0.71,26.9,18.0,2.7,3,0,0,Strength,0
198,177,55,0.97,9.2,31.7,3.5,6,3,1,HIIT,3
173,159,82,0.79,22.5,22.6,3.2,2,0,0,HIIT,0
193,162,69,0.9,21.0,20.5,3.9,4,1,0,Mixed,1
203,156,68,0.91,20.9,22.9,2.9,4,1,0,Cardio,1
179,148,76,0.7,22.3,26.2,3.9,4,1,0,Strength,1
185,143,67,0.71,19.8,27.6,3.0,3,1,0,Cardio,1
201,182,79,0.67,28.9,22.9,2.9,3,0,0,HIIT,0
158,121,75,0.57,22.6,18.2,3.7,3,0,0,Yoga,0
156,120,76,0.72,33.0,19.2,3.9,2,0,0,Yoga,0
178,154,83,0.62,25.8,25.1,3.8,3,0,0,Mixed,0
179,131,73,0.61,24.2,27.9,3.4,3,0,0,Yoga,0
169,121,62,0.84,15.9,28.5,3.6,4,2,1,Yoga,2
179,164,74,0.25,27.9,24.7,2.5,3,0,0,HIIT,0
194,157,69,0.65,34.0,27.9,3.9,2,0,0,Strength,0
168,144,70,1.0,11.9,31.6,4.6,5,2,1,Mixed,2
191,152,79,0.65,30.8,28.8,2.9,3,0,0,Cardio,0
189,144,60,1.34,9.6,27.7,3.6,7,3,1,Cardio,3
198,178,65,0.55,16.6,20.8,2.7,4,1,0,HIIT,1
197,148,55,1.09,15.5,27.9,3.7,7,3,1,Cardio,3
164,122,71,0.52,27.4,25.8,3.8,2,0,0,Yoga,0
191,138,74,0.92,26.1,26.6,4.7,3,0,0,Yoga,0
187,130,61,0.92,23.1,29.0,4.0,3,1,1,Yoga,1
174,134,85,0.25,24.3,25.4,2.8,2,0,0,Yoga,0
205,185,72,0.69,22.4,23.6,2.9,5,1,0,HIIT,1
205,145,73,0.88,18.8,19.7,3.7,3,1,0,Yoga,1
187,134,69,0.71,27.6,22.8,3.5,4,1,0,Yoga,1
157,134,64,1.14,14.7,24.9,4.5,6,3,1,Mixed,3
173,158,73,0.69,19.8,25.1,2.4,3,0,0,HIIT,0
204,157,69,0.45,16.5,25.0,2.4,5,1,0,Cardio,1
177,147,77,0.67,23.7,27.8,3.3,3,1,0,Strength,1
178,151,70,0.95,15.2,27.5,3.9,6,2,1,Mixed,2
197,142,75,0.5,32.1,23.8,3.6,2,0,0,Yoga,0
169,142,80,0.62,18.7,20.6,3.2,5,1,0,Strength,1
184,144,70,1.04,19.8,25.5,3.3,5,1,1,Cardio,1
205,153,57,1.11,13.2,33.0,3.5,6,3,1,Cardio,3
176,138,66,1.4,23.7,25.3,4.0,5,2,1,Cardio,2
184,147,77,0.72,26.8,22.8,2.8,2,0,0,Cardio,0
193,174,64,0.44,23.0,26.1,2.4,3,1,0,HIIT,1
187,169,67,1.13,15.4,26.4,3.5,7,2,1,HIIT,2
165,140,81,0.52,23.0,26.3,3.2,3,1,0,Strength,1
199,168,75,0.99,27.5,29.5,5.0,4,1,0,Mixed,1
194,164,73,0.73,23.1,25.5,4.0,4,1,0,Mixed,1
193,151,72,0.94,21.1,29.3,3.9,3,1,0,Cardio,1
178,145,70,0.55,23.8,24.9,3.1,2,0,0,Strength,0
192,172,60,0.71,22.7,30.0,3.1,5,2,1,HIIT,2
168,124,71,0.49,15.5,28.8,3.3,5,1,0,Yoga,1
193,157,73,0.7,22.0,27.7,3.5,3,0,0,Strength,0
163,138,63,0.5,21.0,27.2,4.0,5,1,0,Mixed,1
191,150,73,0.62,22.5,33.2,3.1,3,0,0,Cardio,0
182,155,77,0.5,26.0,28.3,3.7,3,0,0,Mixed,0
198,165,68,1.37,15.9,20.6,5.2,7,2,1,Mixed,2
176,159,61,1.11,13.1,25.0,3.7,6,2,1,HIIT,2
204,164,70,0.4,25.5,22.9,3.0,5,1,0,Strength,1
182,153,67,1.09,14.7,32.3,4.8,6,2,1,Mixed,2
173,146,64,0.64,22.2,29.0,3.9,4,1,0,Mixed,1
175,128,71,0.73,27.2,32.1,4.2,2,0,0,Yoga,0
177,161,70,1.15,24.1,21.0,3.2,4,1,0,HIIT,1
165,132,70,0.64,28.0,28.4,2.9,2,0,0,Cardio,0
168,137,63,0.8,8.0,18.5,3.4,6,2,1,Strength,2
189,141,82,0.38,23.6,18.0,3.5,4,1,0,Yoga,1
188,149,57,0.97,21.9,22.4,3.8,5,2,1,Strength,2
164,138,77,0.96,26.1,30.0,3.6,3,1,0,Strength,1
172,135,67,1.1,15.4,20.0,3.2,6,2,1,Cardio,2
156,127,59,0.99,20.1,23.9,4.0,4,2,1,Strength,2
175,151,78,0.25,33.6,28.8,3.8,2,0,0,Mixed,0
189,172,75,0.29,34.4,27.4,2.4,2,0,0,HIIT,0
171,145,66,1.17,8.0,32.9,4.7,6,3,1,Mixed,3
173,128,73,0.81,20.5,24.0,3.4,4,1,0,Yoga,1
186,134,71,0.94,16.9,22.2,3.8,3,1,0,Yoga,1
168,135,73,0.58,21.5,19.6,2.6,2,0,0,Cardio,0
196,160,76,0.86,19.1,22.5,3.8,5,1,0,Strength,1
188,136,73,0.75,20.9,19.6,4.4,3,0,0,Yoga,0
191,158,58,1.11,20.6,18.0,4.5,7,2,1,Mixed,2
180,140,66,0.25,22.7,31.9,2.0,3,0,0,Cardio,0
186,168,64,0.63,17.9,24.2,2.9,5,1,0,HIIT,1
199,181,79,0.47,27.6,34.4,3.0,2,0,0,HIIT,0
183,165,68,0.89,27.5,20.6,3.5,3,1,0,HIIT,1
201,179,56,1.15,20.6,22.3,3.8,7,3,1,HIIT,3
198,154,73,0.56,23.8,20.9,2.4,3,0,0,Cardio,0
158,135,79,0.26,28.0,21.4,3.1,2,0,0,Strength,0
186,146,73,1.0,17.3,27.5,3.3,4,1,0,Cardio,1
184,155,66,1.18,15.6,26.3,4.7,7,2,1,Mixed,2
189,156,57,0.98,14.5,27.5,4.4,5,3,1,Mixed,3
183,150,73,0.43,19.2,29.4,3.4,3,0,0,Strength,0
171,155,64,0.84,14.0,28.4,3.1,5,2,1,HIIT,2
173,125,66,0.75,23.1,20.0,3.5,4,1,0,Yoga,1
189,160,74,0.94,29.9,21.9,4.4,2,0,0,Mixed,0
195,152,70,0.67,26.6,24.5,2.8,3,0,0,Cardio,0
150,124,62,1.15,15.4,35.0,4.2,7,3,1,Strength,3
191,160,67,0.97,21.4,27.1,4.1,7,2,1,Mixed,2
196,144,81,0.55,26.8,24.4,4.0,2,0,0,Yoga,0
194,154,61,1.42,8.0,26.7,4.7,7,3,1,Strength,3
161,131,76,0.69,18.9,21.6,2.8,3,0,0,Cardio,0
205,165,71,0.44,23.3,25.0,2.7,2,0,0,Strength,0
180,128,65,1.06,18.0,27.8,4.1,4,2,1,Yoga,2
174,121,55,1.07,17.0,23.9,4.7,7,3,1,Yoga,3
177,143,61,0.74,27.5,21.0,3.4,5,1,0,Strength,1
185,142,64,0.96,23.5,23.7,3.3,4,2,1,Cardio,2
205,183,57,1.2,10.6,22.7,4.1,6,3,1,HIIT,3
200,170,78,0.58,22.6,18.6,3.8,3,0,0,Mixed,0
172,126,70,0.68,30.2,21.7,3.4,3,0,0,Yoga,0
191,165,85,0.72,31.1,18.4,3.9,3,0,0,Mixed,0
184,141,63,0.87,10.2,19.1,2.8,7,2,1,Cardio,2
189,135,70,0.71,18.2,19.4,3.7,4,1,0,Yoga,1
192,138,72,0.3,26.9,27.8,3.2,2,0,0,Yoga,0
173,144,74,1.05,25.6,30.0,3.9,5,1,0,Strength,1
174,142,69,0.69,17.9,18.0,3.5,5,1,0,Strength,1
196,155,60,1.25,18.7,30.3,4.1,7,2,1,Strength,2
190,156,56,1.08,14.1,19.5,4.3,5,2,1,Mixed,2
174,150,78,0.97,23.9,27.0,4.4,3,0,0,Mixed,0
190,161,73,1.11,18.5,25.0,4.9,4,1,1,Mixed,1
174,145,77,1.09,30.7,26.5,4.0,3,0,0,Strength,0
176,159,64,1.13,21.1,19.3,3.3,4,2,1,HIIT,2
168,137,63,0.98,18.4,18.0,3.9,4,2,1,Strength,2
194,175,69,1.2,30.8,20.8,3.8,7,2,1,HIIT,2
162,149,74,0.69,26.3,25.7,3.0,3,0,0,HIIT,0
172,128,76,0.93,20.6,31.8,3.3,4,1,0,Yoga,1
180,151,65,0.81,17.2,19.9,4.4,6,2,1,Mixed,2
184,130,64,1.39,20.9,23.6,4.9,5,2,1,Yoga,2
192,147,62,1.22,10.4,21.0,3.0,6,3,1,Cardio,3
197,180,82,0.59,26.5,23.9,3.0,2,0,0,HIIT,0
201,165,81,0.53,35.0,18.0,2.6,3,0,0,Strength,0
173,147,70,0.85,15.3,30.0,4.5,4,1,1,Mixed,1
173,158,68,0.74,27.3,24.1,3.1,4,1,0,HIIT,1
194,156,69,0.48,32.5,27.7,3.1,2,0,0,Strength,0
182,166,73,0.71,23.9,23.1,3.2,3,1,0,HIIT,1
176,140,56,0.77,10.5,24.8,3.0,6,2,1,Strength,2
192,175,79,0.67,26.7,28.5,3.1,3,1,0,HIIT,1
197,156,79,0.43,24.1,24.5,2.7,2,0,0,Cardio,0
158,128,56,1.47,13.8,24.7,4.0,7,3,1,Strength,3
190,156,76,0.92,27.2,20.8,3.9,4,1,0,Strength,1
165,137,73,0.91,22.3,21.9,4.3,4,1,0,Strength,1
178,137,62,1.55,22.4,19.9,3.9,6,3,1,Cardio,3
178,152,74,0.86,28.2,21.0,3.9,2,0,0,Mixed,0
189,154,73,0.98,16.4,29.0,3.1,4,1,0,Strength,1
181,144,58,0.73,19.9,31.2,3.9,4,2,1,Strength,2
204,144,70,1.18,14.3,19.0,4.2,4,1,1,Yoga,1
167,130,62,1.01,19.4,25.6,3.6,7,2,1,Cardio,2
200,136,59,1.45,12.2,22.7,4.8,7,3,1,Yoga,3
179,163,72,0.81,23.6,29.6,3.4,2,0,0,HIIT,0
165,133,72,0.66,27.0,24.5,2.5,3,0,0,Cardio,0
173,149,76,1.02,16.6,24.0,4.9,4,1,1,Mixed,1
190,158,63,0.66,26.7,21.0,4.1,5,1,0,Mixed,1
197,155,77,0.82,26.8,18.0,3.0,3,0,0,Cardio,0
171,140,69,0.47,21.3,27.0,3.6,2,0,0,Strength,0
176,138,67,1.4,14.2,25.4,4.1,7,3,1,Cardio,3
185,168,72,0.98,20.9,25.5,3.4,5,1,0,HIIT,1
185,167,68,0.53,21.1,21.6,2.8,2,0,0,HIIT,0
174,135,62,1.37,14.7,23.4,3.8,7,3,1,Cardio,3
185,148,62,0.82,20.8,27.2,3.5,6,2,1,Strength,2
182,154,71,0.65,21.9,27.9,4.3,3,1,0,Mixed,1
171,143,58,0.84,11.5,19.3,4.7,4,2,1,Mixed,2
177,131,76,0.71,26.8,21.5,3.7,3,1,0,Yoga,1
164,126,55,1.02,19.8,18.4,3.4,5,2,1,Cardio,2
188,153,71,0.86,18.3,24.8,3.4,2,0,0,Strength,0
167,153,70,0.76,31.7,27.5,3.5,2,0,0,HIIT,0
183,146,77,0.64,21.9,22.9,3.0,2,0,0,Cardio,0
153,117,73,0.66,27.1,21.3,3.5,2,0,0,Yoga,0
194,157,69,0.71,29.9,22.7,3.4,3,1,0,Strength,1
186,156,67,0.92,17.9,33.2,4.6,4,1,1,Mixed,1
184,149,68,0.67,26.7,28.8,3.3,3,0,0,Strength,0
186,148,59,1.17,23.5,26.9,3.8,7,3,1,Strength,3
172,143,58,1.31,20.6,25.3,4.9,6,2,1,Mixed,2
205,162,61,1.01,19.9,23.9,3.5,3,1,0,Strength,1
186,155,63,1.4,11.1,20.4,5.1,7,3,1,Mixed,3
201,179,55,1.36,10.2,19.8,3.6,6,3,1,HIIT,3
191,158,82,0.55,26.7,21.7,3.2,3,0,0,Strength,0
180,164,77,0.91,19.3,20.2,3.2,5,1,0,HIIT,1
191,149,69,1.0,28.2,21.6,3.2,6,2,1,Cardio,2
168,133,69,0.58,24.3,23.6,2.6,3,0,0,Cardio,0
177,154,85,0.56,23.7,23.9,4.2,2,0,0,Mixed,0
196,162,63,0.34,22.2,21.5,3.5,2,0,0,Mixed,0
164,122,71,0.25,26.8,26.0,3.4,3,0,0,Yoga,0
180,146,64,1.69,14.2,23.2,4.8,5,3,1,Strength,3
194,150,69,1.39,21.2,24.9,3.7,6,2,1,Cardio,2
156,131,71,0.86,26.2,21.0,3.5,3,0,0,Strength,0
199,178,61,0.8,13.6,26.8,3.4,6,2,1,HIIT,2
157,120,74,0.37,27.1,21.9,3.2,2,0,0,Yoga,0
172,126,70,0.88,25.6,30.4,4.4,3,1,0,Yoga,1
196,178,73,0.59,31.3,23.1,3.2,2,0,0,HIIT,0
197,157,83,0.37,24.3,23.6,2.5,2,0,0,Cardio,0
180,131,72,0.67,20.4,26.4,4.2,2,0,0,Yoga,0
167,153,72,1.1,22.9,27.2,3.9,5,2,1,HIIT,2
173,149,77,0.42,20.8,27.7,4.0,3,0,0,Mixed,0
180,164,70,1.23,14.2,31.1,3.7,7,2,1,HIIT,2
163,129,68,0.58,28.4,26.6,3.1,2,0,0,Cardio,0
180,148,75,0.72,20.3,23.7,3.4,5,1,0,Strength,1
172,156,65,1.19,11.4,21.9,4.0,5,3,1,HIIT,3
190,172,72,0.33,25.4,23.5,2.6,3,0,0,HIIT,0
168,126,74,0.96,16.0,29.9,4.3,5,1,1,Yoga,1
174,140,63,0.92,18.2,18.5,4.2,3,1,1,Strength,1
203,170,73,0.37,27.7,20.7,3.5,3,0,0,Mixed,0
200,164,81,0.71,27.5,23.1,3.6,2,0,0,Strength,0
203,162,64,0.83,20.8,20.7,3.9,4,2,1,Strength,2
192,157,74,0.37,26.6,22.4,2.5,2,0,0,Strength,0
174,160,82,0.61,24.0,31.2,3.4,2,0,0,HIIT,0
181,162,55,1.22,12.8,22.8,4.4,5,2,1,HIIT,2
169,152,59,0.76,13.8,25.6,2.8,7,3,1,HIIT,3
194,158,75,0.5,29.5,18.0,3.1,2,0,0,Strength,0
186,167,61,1.58,17.1,19.6,3.7,4,2,1,HIIT,2
164,150,67,1.04,14.4,27.7,3.3,7,3,1,HIIT,3
171,141,70,0.87,30.1,30.7,3.4,3,0,0,Strength,0
182,153,66,0.56,21.9,24.9,4.0,3,1,0,Mixed,1
198,178,63,0.69,24.1,22.8,3.1,3,0,0,HIIT,0
191,137,71,0.96,11.7,26.0,3.8,5,2,1,Yoga,2
181,133,73,0.65,28.0,18.0,3.9,3,0,0,Yoga,0
199,142,73,0.43,33.5,24.9,3.6,3,0,0,Yoga,0
193,154,64,0.86,29.4,19.8,3.5,6,2,1,Strength,2
170,145,71,1.17,19.4,27.2,4.6,6,2,1,Mixed,2
196,166,78,1.03,22.2,18.0,4.0,4,1,0,Mixed,1
171,154,56,0.9,20.8,21.5,3.5,6,2,1,HIIT,2
192,158,58,1.25,11.8,23.8,4.8,7,3,1,Mixed,3
172,137,55,1.58,16.5,21.0,4.7,7,3,1,Strength,3
195,175,64,1.13,29.4,22.5,3.7,6,2,1,HIIT,2
181,144,60,1.43,16.6,27.6,4.6,7,3,1,Strength,3
184,126,55,0.98,16.7,23.9,3.8,7,3,1,Yoga,3
205,164,67,0.66,18.1,20.3,3.8,5,2,1,Strength,2
179,125,58,1.01,17.1,27.8,3.9,7,3,1,Yoga,3
162,130,69,0.87,16.4,25.0,2.8,7,2,1,Cardio,2
202,163,70,0.93,20.3,25.2,3.3,4,1,0,Strength,1
197,136,61,0.76,19.1,20.4,4.3,3,1,1,Yoga,1
164,142,78,0.75,19.3,18.0,4.4,3,0,0,Mixed,0
185,168,68,0.66,27.3,20.4,3.0,2,0,0,HIIT,0
204,153,59,0.99,13.2,20.0,3.1,5,2,1,Cardio,2
184,132,68,0.92,20.6,21.5,3.9,3,1,0,Yoga,1
179,162,64,0.85,20.0,20.6,3.5,6,2,1,HIIT,2
190,143,55,1.05,17.0,24.5,3.2,5,3,1,Cardio,3
159,119,69,0.89,29.7,27.5,4.0,5,1,0,Yoga,1
199,162,75,0.74,26.7,28.3,3.3,3,0,0,Strength,0
198,166,69,0.88,21.6,27.3,4.2,3,1,0,Mixed,1
189,158,67,0.67,32.1,20.4,3.9,2,0,0,Mixed,0
198,160,71,0.72,19.9,24.2,3.8,3,1,0,Strength,1
158,136,73,1.11,24.4,30.3,4.4,4,1,0,Mixed,1
172,132,58,0.81,20.2,18.0,2.8,5,2,1,Cardio,2
192,135,65,0.63,24.5,29.4,3.4,3,1,0,Yoga,1
179,154,79,0.56,26.1,20.0,3.4,3,0,0,Mixed,0
200,159,83,0.56,25.5,25.2,2.2,2,0,0,Cardio,0
175,125,64,0.64,17.4,25.7,3.8,4,2,1,Yoga,2
175,148,68,0.57,22.0,24.8,4.1,5,1,0,Mixed,1
166,133,71,0.95,20.2,32.9,3.5,3,1,0,Cardio,1
181,166,82,0.96,17.8,22.8,3.3,2,0,0,HIIT,0
176,158,61,1.02,20.3,18.0,3.8,6,2,1,HIIT,2
166,134,58,1.06,14.2,25.4,3.5,7,3,1,Strength,3
193,139,72,0.74,37.7,23.3,3.8,2,0,0,Yoga,0
164,116,58,1.03,12.6,26.2,4.2,7,2,1,Yoga,2
160,136,79,0.48,29.2,27.5,3.2,2,0,0,Strength,0
175,137,66,1.25,20.1,23.9,3.1,4,2,1,Cardio,2
192,159,60,0.76,24.9,25.7,4.2,3,1,0,Mixed,1
171,140,70,1.04,25.5,24.6,3.4,4,1,0,Strength,1
153,128,83,1.05,29.7,31.2,3.0,2,0,0,Cardio,0
159,115,61,1.36,18.7,22.5,4.9,7,3,1,Yoga,3
185,139,83,0.33,25.9,21.3,2.9,3,0,0,Yoga,0
174,145,57,1.16,17.1,27.5,4.8,5,3,1,Mixed,3
191,141,80,0.45,30.5,20.3,3.5,2,0,0,Yoga,0
177,148,82,0.6,24.1,25.6,3.6,2,0,0,Strength,0
160,129,70,0.92,26.9,23.3,3.0,3,1,0,Cardio,1
195,174,58,1.27,15.5,23.6,3.7,6,3,1,HIIT,3
170,142,75,0.97,27.6,33.7,3.9,3,1,0,Strength,1
170,128,78,0.69,30.6,28.9,3.9,3,0,0,Yoga,0
173,157,65,1.27,13.5,28.1,3.8,7,3,1,HIIT,3
181,148,72,0.52,27.7,26.1,3.4,5,1,0,Strength,1
204,158,75,0.9,32.1,21.2,3.0,2,0,0,Cardio,0
194,138,70,0.64,31.2,25.0,3.9,3,1,0,Yoga,1
167,141,63,1.11,22.8,26.3,4.4,4,2,1,Mixed,2
201,154,67,1.18,15.8,24.8,4.0,6,2,1,Cardio,2
187,168,64,0.85,19.3,24.4,2.9,6,2,1,HIIT,2
188,156,61,1.06,12.2,22.4,4.9,5,3,1,Mixed,3
203,168,61,0.83,19.6,25.1,4.2,7,2,1,Mixed,2
202,154,66,0.84,27.4,21.9,2.9,4,1,0,Cardio,1
170,142,78,0.47,19.9,26.8,3.1,3,0,0,Strength,0
165,141,67,0.72,20.7,18.0,4.0,6,2,1,Mixed,2
184,146,58,1.1,13.2,29.4,3.9,7,3,1,Strength,3
165,145,82,1.1,24.0,18.8,4.5,2,0,0,Mixed,0
205,170,66,1.14,30.8,19.7,4.8,3,1,0,Mixed,1
201,161,67,0.98,31.0,25.6,3.8,7,2,1,Strength,2
172,137,72,1.04,20.6,26.2,2.6,4,1,0,Cardio,1
177,160,60,1.0,8.0,32.3,3.4,6,3,1,HIIT,3
176,131,76,1.18,21.2,25.2,4.2,3,1,0,Yoga,1
205,148,78,0.59,11.9,23.8,3.8,5,1,0,Yoga,1
173,142,69,0.78,29.7,24.8,3.3,3,0,0,Strength,0
186,153,55,1.12,14.7,30.4,4.6,6,3,1,Mixed,3
196,159,73,0.31,24.8,33.7,2.7,2,0,0,Strength,0
179,136,55,0.91,15.2,23.3,3.0,6,3,1,Cardio,3
190,138,73,0.55,23.2,26.2,3.8,3,0,0,Yoga,0
198,181,84,0.53,25.3,23.7,3.3,2,0,0,HIIT,0
172,150,83,0.97,17.5,23.6,4.5,5,1,0,Mixed,1
174,157,60,0.96,17.9,31.5,3.1,5,2,1,HIIT,2
188,153,71,1.02,23.4,20.3,3.7,4,1,0,Strength,1
166,137,71,1.0,12.2,18.0,3.5,3,1,1,Strength,1
178,146,72,0.72,20.8,25.3,3.7,3,1,0,Strength,1
195,153,55,1.59,13.7,28.8,4.8,7,3,1,Strength,3
205,142,66,1.07,17.6,24.9,4.4,7,3,1,Yoga,3
192,175,80,0.66,25.7,26.0,3.3,2,0,0,HIIT,0
162,132,63,0.98,12.5,27.0,3.1,6,2,1,Strength,2
183,166,71,0.8,25.6,24.4,2.7,7,2,0,HIIT,2
176,141,58,0.85,19.4,26.2,3.8,5,2,1,Strength,2
193,136,67,0.47,26.5,26.2,3.5,3,0,0,Yoga,0
171,136,71,0.7,26.4,18.0,2.9,5,1,0,Cardio,1
189,171,67,1.35,11.9,24.5,4.1,7,2,1,HIIT,2
191,139,74,0.67,27.1,18.0,3.8,3,0,0,Yoga,0
195,178,81,1.14,21.0,23.8,3.8,3,0,0,HIIT,0
176,145,72,0.59,29.8,22.0,3.8,3,0,0,Strength,0
173,146,66,0.96,14.0,28.1,4.6,7,3,1,Mixed,3
184,154,64,0.98,16.5,25.0,3.7,7,3,1,Mixed,3
185,150,84,0.62,22.1,25.9,3.3,2,0,0,Cardio,0
195,146,56,1.22,15.2,23.2,2.8,6,2,1,Cardio,2
177,128,68,1.02,23.4,28.2,4.0,4,1,1,Yoga,1
179,150,60,0.86,22.9,18.0,4.5,7,2,1,Mixed,2
177,151,74,0.65,25.2,20.4,3.8,4,1,0,Mixed,1
170,147,78,0.8,25.8,29.1,4.1,4,1,0,Mixed,1
175,157,58,1.46,9.1,22.3,4.4,7,3,1,HIIT,3
178,152,73,0.82,18.9,18.0,4.4,3,1,0,Mixed,1
190,158,82,0.72,22.3,29.8,3.6,2,0,0,Strength,0
152,133,77,0.49,24.2,28.3,3.6,2,0,0,Mixed,0
194,175,64,1.08,12.2,26.8,3.3,7,3,1,HIIT,3
175,142,65,0.76,23.7,24.4,3.8,3,0,0,Strength,0
171,147,73,0.72,17.9,30.6,4.3,7,2,1,Mixed,2
183,131,69,1.05,23.2,29.0,3.7,3,1,0,Yoga,1
194,161,85,0.87,28.7,30.2,3.9,3,0,0,Strength,0
198,177,61,0.9,18.3,26.8,3.2,7,2,1,HIIT,2
181,164,62,0.98,15.4,24.5,3.3,6,3,1,HIIT,3
157,130,79,0.67,20.6,22.4,2.5,2,0,0,Cardio,0
182,140,62,0.44,34.9,18.9,1.6,2,0,0,Cardio,0
160,138,74,1.22,28.4,26.0,4.4,7,2,1,Mixed,2
177,151,74,0.76,21.2,26.3,4.1,4,1,0,Mixed,1
202,180,58,1.07,24.0,22.6,3.9,5,2,1,HIIT,2
204,171,72,0.75,17.9,26.5,4.6,3,1,0,Mixed,1
189,160,72,0.89,19.5,22.7,4.3,5,1,1,Mixed,1
189,137,74,0.48,22.2,27.5,3.8,3,0,0,Yoga,0
186,144,67,0.95,17.7,20.5,3.3,4,1,1,Cardio,1
179,143,75,0.66,25.8,19.8,2.8,3,0,0,Cardio,0
190,153,69,0.78,17.4,23.0,3.1,4,2,1,Strength,2
197,160,74,0.63,22.0,27.3,3.5,4,1,0,Strength,1
162,128,65,0.81,20.3,19.4,3.0,4,2,1,Cardio,2
185,154,61,1.28,17.4,28.2,4.9,5,3,1,Mixed,3
186,167,59,1.63,13.4,18.0,4.1,5,3,1,HIIT,3
174,147,65,0.6,16.6,23.0,4.0,5,1,1,Mixed,1
172,158,75,0.48,22.8,18.3,3.2,3,0,0,HIIT,0
204,169,66,1.1,19.5,18.0,4.4,3,1,1,Mixed,1
175,135,60,1.18,16.9,25.5,3.4,7,2,1,Cardio,2
187,167,55,1.26,18.6,23.3,3.5,4,2,1,HIIT,2
164,132,73,0.5,23.3,18.4,2.5,3,0,0,Cardio,0
193,135,64,1.42,16.5,21.9,4.4,7,3,1,Yoga,3
189,151,81,1.05,31.8,25.8,3.3,2,0,0,Cardio,0
173,138,72,0.97,16.0,22.5,3.0,4,1,0,Cardio,1
170,132,64,1.04,22.8,23.2,2.8,5,1,1,Cardio,1
177,139,69,0.44,29.0,22.4,2.7,3,1,0,Cardio,1
184,148,64,1.21,19.6,21.7,3.7,3,1,1,Strength,1
170,132,85,0.75,27.4,21.6,3.6,2,0,0,Yoga,0
185,153,58,1.29,8.0,21.5,4.5,5,3,1,Mixed,3
189,130,58,1.3,12.5,21.0,4.7,5,3,1,Yoga,3
168,135,75,0.76,17.1,19.9,3.0,4,1,0,Cardio,1
162,140,75,0.58,26.3,22.5,3.8,3,0,0,Mixed,0
191,164,80,0.82,33.8,21.4,4.3,3,0,0,Mixed,0
176,128,69,0.93,21.9,19.7,4.3,2,0,0,Yoga,0
161,120,70,0.28,27.7,27.1,3.2,5,1,0,Yoga,1
204,158,73,0.68,17.1,28.9,2.9,3,1,0,Cardio,1
194,174,57,0.93,18.6,24.0,3.6,3,1,1,HIIT,1
169,143,67,0.92,18.1,24.3,4.4,5,1,1,Mixed,1
195,161,57,1.05,13.7,21.2,4.0,7,3,1,Mixed,3
175,140,75,0.8,23.1,28.3,2.9,3,0,0,Cardio,0
172,146,68,0.5,26.0,31.0,3.9,3,1,0,Mixed,1
182,142,66,0.76,15.0,23.3,2.8,4,2,1,Cardio,2
190,171,59,1.19,9.3,21.9,3.4,7,3,1,HIIT,3
205,164,71,0.98,18.7,25.4,3.9,4,2,1,Strength,2
176,133,81,0.88,18.9,24.5,4.1,5,1,0,Yoga,1
175,157,57,1.11,13.2,22.0,3.7,6,2,1,HIIT,2
199,179,60,1.15,18.6,25.9,3.5,7,3,1,HIIT,3
197,177,65,1.44,13.7,27.8,3.5,7,3,1,HIIT,3
181,154,71,0.51,30.6,20.9,3.9,2,0,0,Mixed,0
174,138,71,0.95,19.3,34.2,3.4,5,1,1,Cardio,1
175,147,63,0.81,22.6,18.0,4.2,7,2,1,Mixed,2
198,157,60,0.8,19.7,20.6,3.4,7,2,1,Strength,2
166,141,65,0.78,15.8,24.9,4.4,5,1,1,Mixed,1
178,138,63,0.29,26.3,33.0,2.4,3,0,0,Cardio,0
186,168,71,0.74,23.4,21.7,3.1,4,1,0,HIIT,1
172,147,71,0.98,18.2,19.7,4.4,4,1,1,Mixed,1
178,127,65,0.67,26.4,26.2,3.4,3,1,0,Yoga,1
184,142,64,1.04,22.7,23.0,3.4,6,2,1,Cardio,2
166,151,68,0.82,25.2,26.7,2.8,3,0,0,HIIT,0
177,146,73,0.88,20.8,23.7,3.3,5,1,0,Strength,1
196,162,58,1.35,13.8,20.6,4.9,5,3,1,Mixed,3
195,158,74,0.94,24.2,33.4,4.3,4,1,0,Strength,1
203,156,68,0.71,26.7,18.0,2.6,4,1,0,Cardio,1
186,157,70,0.57,26.7,31.3,3.4,3,0,0,Mixed,0
201,139,62,0.8,15.7,27.7,3.3,7,2,1,Yoga,2
172,141,68,1.38,8.8,21.0,4.6,7,3,1,Strength,3
180,133,75,0.5,17.1,31.5,3.6,4,2,0,Yoga,2
196,136,62,0.69,26.3,18.5,3.9,5,1,0,Yoga,1
193,140,75,0.87,19.0,28.0,4.1,5,1,0,Yoga,1
175,148,69,0.54,27.7,18.0,4.1,2,0,0,Mixed,0
179,138,61,1.36,17.3,19.4,3.8,6,2,1,Cardio,2
199,168,76,0.76,28.8,19.4,4.1,3,0,0,Mixed,0
165,150,62,1.08,13.0,21.0,3.1,6,3,1,HIIT,3
197,151,66,1.09,19.3,24.0,3.3,4,1,1,Cardio,1
174,148,73,0.8,23.4,20.7,4.4,5,1,0,Mixed,1
189,172,81,0.74,27.6,18.0,3.7,3,0,0,HIIT,0
180,153,74,0.7,22.3,25.9,4.4,3,1,0,Mixed,1
186,167,60,1.15,19.9,24.2,3.7,6,2,1,HIIT,2
197,141,73,0.84,27.2,25.6,4.0,2,0,0,Yoga,0
169,144,69,1.25,14.6,24.7,4.5,6,2,1,Mixed,2
205,167,78,0.54,26.2,27.8,2.9,3,1,0,Strength,1
182,141,64,0.76,23.3,23.7,3.0,5,1,0,Cardio,1
157,133,77,0.66,32.1,28.1,3.4,2,0,0,Strength,0
186,168,64,1.02,20.6,20.9,3.6,5,3,1,HIIT,3
179,146,68,0.54,30.8,21.1,3.5,3,0,0,Strength,0
188,135,70,0.74,21.4,29.5,3.8,4,2,0,Yoga,2
174,151,81,1.14,28.3,29.4,4.3,5,1,0,Mixed,1
177,139,68,0.97,18.8,26.3,3.1,4,2,1,Cardio,2
176,140,73,0.83,29.0,20.4,3.2,5,1,0,Cardio,1
190,136,71,0.52,26.0,20.1,3.1,3,0,0,Yoga,0
196,175,58,1.03,9.4,29.3,3.8,5,3,1,HIIT,3
203,163,72,0.83,30.2,29.1,3.6,3,0,0,Strength,0
162,134,71,0.39,23.0,23.7,3.3,3,0,0,Strength,0
183,131,69,0.99,22.5,33.4,3.9,5,1,1,Yoga,1
172,133,62,0.77,24.6,25.8,3.7,6,3,1,Cardio,3
185,145,71,0.29,20.2,19.6,2.7,2,0,0,Cardio,0
189,135,68,0.86,21.9,22.9,4.1,5,1,1,Yoga,1
176,145,72,0.72,20.0,24.0,3.3,4,1,0,Strength,1
199,158,64,0.99,31.2,24.3,3.0,3,0,0,Strength,0
185,133,70,1.37,19.5,29.0,4.0,7,2,1,Yoga,2
180,153,71,0.89,15.1,20.2,4.2,3,1,0,Mixed,1
162,139,71,0.65,19.2,18.7,4.4,4,1,0,Mixed,1
186,149,81,0.7,28.1,26.4,3.2,2,0,0,Cardio,0
192,134,65,1.27,21.5,22.0,4.3,7,3,1,Yoga,3
170,156,78,0.65,21.7,33.7,2.7,2,0,0,HIIT,0
187,145,66,0.6,16.3,27.8,2.9,6,2,1,Cardio,2
193,153,60,1.66,16.4,21.9,4.7,7,3,1,Strength,3
176,140,72,0.65,23.7,28.9,2.6,2,0,0,Cardio,0
167,133,70,0.69,23.9,26.9,2.8,2,0,0,Cardio,0
180,144,77,0.44,27.0,26.5,2.7,3,0,0,Cardio,0
196,176,67,0.84,22.6,23.5,3.2,7,2,1,HIIT,2
163,119,66,1.04,20.7,25.7,4.1,4,2,1,Yoga,2
173,121,58,0.85,20.5,18.0,4.2,6,2,1,Yoga,2
187,141,57,0.69,16.3,29.3,3.0,4,1,1,Cardio,1
191,158,60,1.2,17.9,18.0,4.4,6,3,1,Mixed,3
164,138,61,0.73,27.4,22.2,3.7,5,1,0,Mixed,1
160,137,67,1.14,13.7,18.0,4.2,4,2,1,Mixed,2
182,147,80,0.91,19.4,22.0,3.5,3,1,0,Cardio,1
200,157,77,0.54,20.7,23.7,2.9,3,0,0,Cardio,0
170,126,73,0.35,32.2,19.2,3.0,2,0,0,Yoga,0
170,155,70,0.94,25.3,18.0,2.7,3,0,0,HIIT,0
190,155,72,0.6,23.7,24.8,3.2,3,0,0,Strength,0
197,140,70,0.26,17.0,32.3,3.5,4,1,0,Yoga,1
202,160,80,0.44,26.8,22.6,2.9,3,0,0,Cardio,0
156,126,71,0.79,15.1,27.8,2.6,3,1,0,Cardio,1
196,165,74,0.78,30.6,30.0,3.8,2,0,0,Mixed,0
179,142,73,0.86,27.0,18.0,3.1,3,1,0,Cardio,1
193,149,67,0.98,11.2,22.2,3.2,7,3,1,Cardio,3
178,151,72,1.07,12.7,18.9,4.5,3,1,1,Mixed,1
168,140,76,0.26,24.2,20.8,2.8,3,0,0,Strength,0
197,152,67,0.65,21.5,30.8,2.9,3,0,0,Cardio,0
166,139,58,0.85,19.4,24.9,3.8,4,2,1,Mixed,2
179,151,68,0.95,21.8,27.2,4.5,3,0,0,Mixed,0
190,172,69,1.1,16.1,23.8,3.9,3,1,1,HIIT,1
200,151,61,1.22,14.3,19.2,3.5,5,2,1,Cardio,2
181,148,73,0.58,24.5,26.7,3.3,2,0,0,Strength,0
204,163,66,0.88,15.0,29.0,3.8,4,1,1,Strength,1
184,133,71,0.53,32.1,25.3,3.7,3,0,0,Yoga,0
170,134,66,0.55,32.5,26.0,2.6,3,0,0,Cardio,0
190,161,76,0.47,28.0,19.1,3.6,2,0,0,Mixed,0
192,162,74,1.15,26.5,26.8,4.2,5,1,0,Mixed,1
182,165,65,1.13,9.9,29.4,3.3,5,2,1,HIIT,2
156,135,72,0.62,18.6,25.6,4.1,4,1,0,Mixed,1
189,160,72,0.93,22.4,18.0,4.3,5,1,1,Mixed,1
180,134,77,0.57,23.0,30.5,3.5,2,0,0,Yoga,0
179,154,79,0.67,26.7,20.2,3.8,3,0,0,Mixed,0
182,166,76,0.69,23.6,25.6,3.3,4,1,0,HIIT,1
188,170,68,1.43,14.9,27.8,3.8,7,3,1,HIIT,3
177,127,65,0.63,35.2,28.3,3.6,2,0,0,Yoga,0
180,147,72,0.99,23.5,18.0,3.8,4,1,0,Strength,1
175,121,55,1.13,15.9,24.5,3.7,5,3,1,Yoga,3
154,127,77,0.56,22.8,24.2,2.7,5,1,0,Cardio,1
184,131,65,0.86,15.5,29.8,4.1,7,2,1,Yoga,2
186,152,71,0.9,26.9,25.8,3.5,4,1,0,Strength,1
157,121,76,0.37,35.2,29.8,3.3,3,0,0,Yoga,0
181,145,76,0.55,21.9,26.2,2.6,2,0,0,Cardio,0
182,152,83,0.56,24.0,23.7,3.3,2,0,0,Strength,0
188,151,81,0.69,23.1,24.8,2.5,3,0,0,Cardio,0
205,165,73,0.81,17.8,30.1,3.0,6,2,1,Strength,2
189,153,69,0.86,27.0,18.8,4.0,4,1,0,Strength,1
177,141,55,1.05,17.5,27.6,3.4,6,2,1,Strength,2
180,145,79,0.46,27.6,21.5,2.1,2,0,0,Cardio,0
181,138,59,1.23,14.4,20.6,3.5,4,2,1,Cardio,2
183,144,73,0.63,30.1,28.1,2.7,2,0,0,Cardio,0
171,142,75,0.51,28.5,20.5,2.8,3,0,0,Strength,0
158,127,70,0.91,13.1,25.5,3.2,4,1,1,Cardio,1
164,149,63,1.34,24.9,22.0,3.4,5,3,1,HIIT,3
176,160,65,0.86,16.6,18.0,3.7,5,1,1,HIIT,1
180,132,73,1.01,18.6,25.9,3.9,4,1,1,Yoga,1
163,121,69,0.85,23.4,24.5,3.9,3,1,0,Yoga,1
197,168,83,1.05,19.7,18.0,3.9,4,1,0,Mixed,1
177,144,67,0.38,22.7,21.2,3.3,2,0,0,Strength,0
193,175,71,0.81,26.4,18.0,3.0,4,1,0,HIIT,1
182,155,73,0.72,17.3,26.9,4.2,3,1,0,Mixed,1
165,134,63,1.02,14.2,29.6,3.7,7,2,1,Strength,2
197,153,72,0.93,30.3,27.4,2.7,2,0,0,Cardio,0
184,152,77,0.68,19.0,28.0,3.4,3,1,0,Strength,1
198,153,69,1.06,9.8,21.9,3.5,4,2,1,Cardio,2
171,140,66,0.56,25.1,26.2,3.3,5,1,0,Strength,1
176,136,63,1.14,23.4,24.0,3.5,3,1,1,Cardio,1
174,137,68,1.01,17.0,24.7,2.5,5,2,1,Cardio,2
199,161,72,0.75,29.0,27.8,3.6,5,1,0,Strength,1
174,160,78,0.85,25.4,28.7,3.4,3,0,0,HIIT,0
193,161,64,0.99,24.9,22.4,4.6,5,2,1,Mixed,2
186,143,64,1.37,16.3,18.4,3.9,7,3,1,Cardio,3
205,175,83,0.67,31.6,23.3,4.1,2,0,0,Mixed,0
183,154,68,1.29,8.0,23.1,4.2,6,3,1,Mixed,3
193,148,66,1.31,27.4,25.1,3.7,4,1,1,Cardio,1
201,148,82,0.84,18.7,27.3,4.3,4,1,0,Yoga,1
193,161,63,1.31,13.6,18.0,4.9,6,3,1,Mixed,3
179,136,55,0.87,16.5,21.3,2.7,6,3,1,Cardio,3
194,159,77,0.27,32.6,20.1,3.1,3,0,0,Strength,0
169,125,71,0.78,15.8,29.0,4.5,4,1,1,Yoga,1
197,177,59,1.03,10.6,23.2,3.4,5,3,1,HIIT,3
173,142,69,0.64,20.1,21.9,4.0,3,1,0,Strength,1
185,148,79,0.45,22.3,26.2,2.3,2,0,0,Cardio,0
162,132,64,1.57,22.1,21.6,5.0,7,3,1,Strength,3
174,158,72,0.7,27.6,23.9,3.7,2,0,0,HIIT,0
169,138,67,1.02,24.5,31.3,3.4,3,1,0,Strength,1
191,160,67,1.2,18.9,31.1,4.8,5,1,1,Mixed,1
181,153,69,0.67,30.2,22.4,4.1,3,1,0,Mixed,1
173,145,79,0.9,22.5,23.3,4.0,2,0,0,Strength,0
176,152,81,0.29,23.7,21.5,3.8,2,0,0,Mixed,0
194,140,74,0.86,25.5,18.0,4.2,2,0,0,Yoga,0
170,135,70,0.92,26.8,28.1,2.6,6,2,0,Cardio,2
178,150,67,0.98,18.9,33.7,4.7,7,2,1,Mixed,2
188,145,66,1.26,19.3,22.2,3.3,7,2,1,Cardio,2
173,158,74,1.07,10.6,20.7,3.5,7,2,1,HIIT,2
182,155,77,0.7,23.3,22.9,4.1,2,0,0,Mixed,0
161,130,59,1.04,18.6,24.3,4.3,5,3,1,Strength,3
187,154,79,0.66,26.3,19.5,3.0,3,0,0,Strength,0
165,150,64,0.79,24.2,22.2,3.2,3,1,0,HIIT,1
158,144,64,0.94,11.9,28.1,3.5,5,2,1,HIIT,2
196,154,76,0.65,21.5,24.5,3.0,2,0,0,Cardio,0
166,144,79,0.48,31.6,29.1,3.9,3,0,0,Mixed,0
173,140,61,1.39,11.1,25.5,4.3,7,3,1,Strength,3
179,152,69,0.72,31.0,19.6,4.1,3,0,0,Mixed,0
195,155,61,0.97,20.2,21.7,3.8,4,2,1,Strength,2
205,139,58,1.03,14.5,25.0,4.1,7,3,1,Yoga,3
185,141,61,1.16,11.7,19.5,3.3,7,3,1,Cardio,3
176,160,69,0.49,29.8,19.0,3.1,3,0,0,HIIT,0
159,125,82,0.87,31.4,19.2,3.2,3,0,0,Yoga,0
187,145,67,0.99,20.2,26.1,3.1,6,2,1,Cardio,2
171,143,76,0.76,26.1,22.5,3.9,3,0,0,Strength,0
189,159,69,0.83,20.7,28.7,4.6,3,1,0,Mixed,1
205,184,63,0.71,23.2,20.4,3.3,3,1,0,HIIT,1
188,158,70,1.05,23.7,18.0,4.2,5,1,1,Mixed,1
176,151,74,0.48,24.0,23.5,3.7,3,1,0,Mixed,1
187,129,59,1.32,8.1,30.6,4.1,6,3,1,Yoga,3
197,179,80,0.66,29.5,24.1,3.3,3,0,0,HIIT,0
190,160,70,0.92,18.6,18.5,4.2,5,1,1,Mixed,1
198,156,78,0.55,32.9,18.0,2.9,2,0,0,Cardio,0
184,151,74,0.25,23.4,28.8,3.1,2,0,0,Strength,0
185,136,77,0.62,34.1,20.8,3.2,2,0,0,Yoga,0
176,130,74,0.86,22.8,30.2,4.0,5,1,0,Yoga,1
160,144,55,1.42,14.0,26.6,4.3,7,3,1,HIIT,3
190,153,68,1.01,13.5,20.9,3.8,5,2,1,Strength,2
166,128,80,0.43,28.9,28.7,3.4,3,0,0,Yoga,0
171,128,76,1.17,12.7,20.3,4.4,4,2,1,Yoga,2
171,138,75,0.46,32.9,18.2,3.0,3,0,0,Cardio,0
153,109,55,1.04,14.6,20.5,4.5,7,2,1,Yoga,2
163,115,55,1.07,18.9,27.1,4.0,5,3,1,Yoga,3
195,158,71,0.68,18.9,28.6,3.5,2,0,0,Strength,0
169,155,81,0.72,35.2,22.4,3.1,3,0,0,HIIT,0
199,165,85,0.55,26.4,18.0,3.0,2,0,0,Strength,0
173,143,73,0.93,26.7,18.0,3.7,2,0,0,Strength,0
175,128,70,1.05,21.9,19.7,4.3,3,1,0,Yoga,1
173,123,62,0.69,31.5,18.8,3.6,2,0,0,Yoga,0
190,156,78,0.47,27.8,25.1,2.7,2,0,0,Strength,0
181,164,71,0.97,21.1,31.8,3.2,5,1,0,HIIT,1
193,160,59,1.25,16.8,27.2,5.2,7,3,1,Mixed,3
170,133,65,0.69,17.9,19.5,2.8,4,1,0,Cardio,1
172,146,68,1.07,26.1,21.2,4.6,5,1,1,Mixed,1
188,146,68,0.61,22.7,22.0,3.2,2,0,0,Cardio,0
205,156,66,0.88,21.5,25.6,3.0,5,1,0,Cardio,1
162,148,69,0.74,36.2,30.3,3.2,2,0,0,HIIT,0
182,163,55,1.12,8.0,22.1,3.8,7,3,1,HIIT,3
205,157,69,0.54,28.5,30.2,3.4,2,0,0,Cardio,0
200,157,78,0.99,25.0,32.4,3.1,3,0,0,Cardio,0
190,154,69,0.73,22.4,22.6,3.1,3,0,0,Strength,0
169,131,60,1.2,11.6,22.5,3.6,7,3,1,Cardio,3
163,148,65,0.5,18.4,22.6,2.5,5,1,0,HIIT,1
165,134,60,0.72,17.1,24.2,3.4,4,2,1,Strength,2
167,130,60,1.11,21.6,22.6,3.6,4,2,1,Cardio,2
189,152,65,1.17,10.9,27.5,4.2,6,3,1,Strength,3
205,146,74,0.68,28.3,18.0,3.9,3,0,0,Yoga,0
185,145,71,0.62,28.4,21.9,2.7,2,0,0,Cardio,0
204,153,60,1.15,15.4,25.3,3.6,6,2,1,Cardio,2
173,157,63,0.91,19.6,27.5,3.4,4,1,1,HIIT,1
182,146,61,1.38,16.6,32.8,4.6,5,2,1,Strength,2
183,147,63,0.85,24.8,18.8,3.8,3,1,0,Strength,1
182,142,68,0.71,21.9,21.4,3.0,3,1,0,Cardio,1
195,146,56,1.16,14.8,18.0,3.3,7,3,1,Cardio,3
205,183,56,1.18,14.0,19.6,4.2,7,3,1,HIIT,3
166,137,81,0.45,30.3,18.0,2.5,2,0,0,Cardio,0
180,130,69,0.79,23.3,21.9,4.1,5,1,0,Yoga,1
183,166,69,0.87,18.8,23.1,2.9,4,1,0,HIIT,1
178,148,76,0.77,22.4,25.9,3.4,3,1,0,Strength,1
174,137,68,0.63,23.0,22.8,2.5,2,0,0,Cardio,0
186,133,68,0.32,17.2,25.9,3.4,4,1,0,Yoga,1
156,126,55,1.24,11.4,24.5,3.9,5,3,1,Strength,3
173,148,75,0.45,25.6,19.9,3.6,2,0,0,Mixed,0
172,157,68,1.19,18.9,18.0,3.6,6,2,1,HIIT,2
177,160,63,0.48,22.2,26.3,2.9,3,0,0,HIIT,0
188,171,74,1.04,20.4,30.6,4.0,3,1,0,HIIT,1
174,143,72,0.63,18.8,34.1,3.3,5,1,0,Strength,1
169,155,75,0.25,27.0,27.7,3.1,3,0,0,HIIT,0
201,179,55,1.19,18.7,29.8,4.1,7,3,1,HIIT,3
176,142,64,1.35,18.5,25.8,3.7,7,3,1,Strength,3
196,143,78,0.81,26.5,25.2,4.0,3,1,0,Yoga,1
162,138,68,1.21,18.2,24.4,4.8,5,1,1,Mixed,1
167,142,68,0.62,24.4,23.6,3.5,5,1,0,Mixed,1
183,145,75,0.76,25.8,26.4,2.9,3,0,0,Cardio,0
166,142,73,0.81,23.5,21.9,4.5,2,0,0,Mixed,0
179,162,64,1.14,17.2,23.4,3.5,5,2,1,HIIT,2
198,161,75,0.64,24.2,19.3,3.5,5,1,0,Strength,1
173,139,75,0.66,28.1,25.9,3.0,3,0,0,Cardio,0
199,158,61,1.26,17.2,20.2,4.4,7,3,1,Strength,3
178,164,85,0.41,26.1,24.1,2.1,2,0,0,HIIT,0
191,164,82,0.36,30.1,26.0,4.0,3,0,0,Mixed,0
171,153,55,1.35,16.0,26.3,3.6,5,3,1,HIIT,3
188,155,79,0.93,31.4,27.1,3.4,4,1,0,Strength,1
184,146,77,0.77,30.2,23.1,3.2,3,1,0,Cardio,1
173,151,82,0.71,26.8,25.9,4.0,2,0,0,Mixed,0
194,160,57,1.39,10.8,22.1,5.1,6,3,1,Mixed,3
192,175,76,1.08,21.4,18.0,2.8,3,0,0,HIIT,0
165,142,73,0.78,25.7,26.1,4.0,2,0,0,Mixed,0
189,172,76,0.68,24.2,25.2,3.2,2,0,0,HIIT,0
173,131,79,0.61,21.3,28.1,3.5,4,1,0,Yoga,1
185,167,66,0.86,8.8,23.9,3.2,7,2,1,HIIT,2
205,170,66,0.37,27.3,18.0,3.8,2,0,0,Mixed,0
189,137,73,0.63,19.0,23.6,3.3,3,0,0,Yoga,0
186,156,67,0.69,19.9,27.5,3.8,5,1,0,Mixed,1
179,146,69,1.48,15.4,25.9,4.5,7,3,1,Strength,3
200,161,71,0.67,24.8,23.4,3.4,2,0,0,Strength,0
181,130,68,1.21,29.8,18.0,4.4,5,1,1,Yoga,1
205,155,63,0.97,21.6,19.9,2.6,5,2,1,Cardio,2
202,163,73,0.98,21.1,25.9,4.4,4,2,1,Strength,2
178,151,70,1.11,23.3,18.0,4.6,4,2,1,Mixed,2
195,154,78,0.72,22.9,22.7,3.0,3,0,0,Cardio,0
192,156,71,0.25,31.3,24.2,3.0,3,1,0,Strength,1
196,160,76,0.27,25.6,28.6,3.0,3,0,0,Strength,0
193,175,70,0.85,14.3,26.5,3.3,5,1,1,HIIT,1
188,162,85,0.49,20.2,27.9,4.1,3,0,0,Mixed,0
186,157,69,0.33,28.2,25.2,3.8,3,0,0,Mixed,0
193,153,61,0.65,23.7,20.6,3.6,3,0,0,Strength,0
190,145,62,1.26,8.0,21.5,3.4,5,3,1,Cardio,3
194,176,72,0.97,20.7,20.3,3.1,4,2,0,HIIT,2
164,150,76,0.58,30.9,26.4,2.7,2,0,0,HIIT,0
168,132,65,0.43,30.0,21.2,2.8,3,0,0,Cardio,0
161,149,79,0.56,25.3,22.4,3.1,3,0,0,HIIT,0
186,168,70,0.76,32.7,24.1,3.3,2,0,0,HIIT,0
175,140,59,0.83,21.2,30.6,3.6,4,2,1,Strength,2
167,151,60,0.98,10.4,26.6,3.9,4,2,1,HIIT,2
194,174,57,0.87,18.5,20.9,3.2,6,2,1,HIIT,2
190,145,61,1.14,18.3,24.6,2.9,7,3,1,Cardio,3
180,163,67,0.53,17.7,30.6,2.8,4,1,0,HIIT,1
203,151,55,1.24,17.7,26.5,3.0,5,3,1,Cardio,3
179,148,77,1.04,26.1,18.0,3.3,4,2,0,Strength,2
189,146,67,0.57,23.6,20.3,2.9,4,1,0,Cardio,1
169,153,60,1.14,13.1,20.0,3.9,7,3,1,HIIT,3
179,140,68,1.2,15.1,29.8,3.6,6,3,1,Cardio,3
181,146,63,1.32,18.8,29.0,4.1,5,3,1,Strength,3
191,154,85,0.51,23.2,21.5,2.3,3,0,0,Cardio,0
155,134,72,0.48,28.5,21.4,3.8,3,0,0,Mixed,0
160,146,65,1.1,15.9,24.2,3.8,7,3,1,HIIT,3
189,154,72,0.91,21.5,24.3,4.1,5,1,0,Strength,1
204,164,70,0.94,16.6,20.2,3.7,7,2,1,Strength,2
199,141,69,0.88,15.1,23.0,3.8,4,2,1,Yoga,2
179,149,61,0.87,21.9,18.2,4.0,7,2,1,Mixed,2
184,169,85,0.89,32.4,29.1,3.6,3,0,0,HIIT,0
184,146,59,0.92,21.9,18.0,3.6,3,1,1,Strength,1
193,145,56,1.21,12.3,18.0,3.1,5,3,1,Cardio,3
174,159,73,0.83,21.9,25.7,4.0,4,1,0,HIIT,1
189,152,66,1.11,20.5,19.1,3.4,4,2,1,Strength,2
173,157,66,0.55,14.8,22.0,2.8,7,2,1,HIIT,2
178,153,79,0.36,26.5,24.3,3.9,2,0,0,Mixed,0
169,144,71,0.51,31.1,26.7,4.1,3,0,0,Mixed,0
194,157,69,0.99,17.1,23.1,4.1,6,2,1,Strength,2
167,144,74,0.37,17.7,31.1,3.6,3,0,0,Mixed,0
168,147,82,0.82,19.5,24.0,4.1,3,0,0,Mixed,0
193,133,58,1.42,19.1,28.8,4.6,7,3,1,Yoga,3
172,157,72,0.67,25.0,25.1,2.9,5,1,0,HIIT,1
171,155,63,1.34,20.0,32.5,3.7,6,3,1,HIIT,3
205,186,80,0.78,30.0,28.2,2.7,2,0,0,HIIT,0
176,160,70,0.57,15.0,24.2,2.5,3,1,0,HIIT,1
202,144,74,0.7,23.0,26.5,3.5,2,0,0,Yoga,0
178,162,71,1.05,33.2,23.0,4.0,3,0,0,HIIT,0
195,162,62,1.4,20.0,22.9,4.7,7,3,1,Mixed,3
204,169,66,0.63,26.2,18.8,4.2,3,0,0,Mixed,0
192,163,77,0.67,28.7,20.8,4.3,2,0,0,Mixed,0
184,149,67,1.01,16.0,32.2,3.7,4,2,1,Strength,2
172,148,74,1.02,12.5,19.2,5.0,4,2,1,Mixed,2
175,134,57,1.06,8.0,21.4,3.3,7,3,1,Cardio,3
188,138,76,0.86,27.7,23.6,3.8,2,0,0,Yoga,0
200,156,76,0.67,27.6,23.8,2.6,3,0,0,Cardio,0
178,150,64,0.9,20.0,25.5,4.6,3,1,1,Mixed,1
182,132,70,0.67,22.4,22.1,3.2,3,1,0,Yoga,1
183,131,68,0.68,20.8,25.8,3.4,2,0,0,Yoga,0
188,172,80,0.82,27.0,28.6,2.9,3,0,0,HIIT,0
204,143,68,0.76,18.5,29.1,3.9,5,2,1,Yoga,2
190,159,67,1.08,19.2,22.9,4.8,4,2,1,Mixed,2
193,150,72,0.49,25.9,26.4,2.2,2,0,0,Cardio,0
198,139,67,1.04,9.2,19.4,4.8,7,3,1,Yoga,3
188,170,70,0.62,27.1,21.1,3.3,2,0,0,HIIT,0
191,158,60,0.97,17.7,19.3,4.0,5,3,1,Mixed,3
164,147,55,1.1,17.6,23.8,3.3,6,3,1,HIIT,3
166,151,69,0.73,19.8,20.6,3.1,3,1,0,HIIT,1
168,127,76,0.92,23.4,18.0,4.4,5,1,0,Yoga,1
192,175,77,0.86,24.1,22.5,3.2,2,0,0,HIIT,0
178,125,60,1.17,14.1,18.0,4.3,7,2,1,Yoga,2
153,141,72,1.03,21.4,29.3,3.3,2,0,0,HIIT,0
200,160,68,1.01,23.3,21.8,4.1,4,1,0,Strength,1
190,159,66,0.76,16.6,27.9,4.1,5,1,1,Mixed,1
183,135,76,0.25,18.3,22.0,2.7,3,0,0,Yoga,0
185,133,71,1.38,12.5,19.2,5.1,6,3,1,Yoga,3
188,156,62,0.89,18.6,28.7,4.3,7,2,1,Mixed,2
196,146,85,0.51,23.9,24.4,3.8,2,0,0,Yoga,0
183,154,70,0.64,18.2,31.5,4.0,4,1,0,Mixed,1
174,138,72,0.42,12.8,22.1,2.5,3,1,0,Cardio,1
173,139,61,1.21,14.2,22.2,3.7,5,3,1,Strength,3
186,132,67,0.64,30.5,28.0,3.9,3,0,0,Yoga,0
176,136,62,1.23,15.3,28.0,3.0,7,3,1,Cardio,3
165,134,63,0.87,28.9,24.6,3.2,3,0,0,Strength,0
185,169,76,0.25,24.1,35.0,2.9,2,0,0,HIIT,0
169,138,66,1.25,17.5,22.9,4.4,4,2,1,Strength,2
163,120,67,0.72,24.0,18.9,3.8,2,0,0,Yoga,0
153,140,60,1.1,22.5,20.0,3.7,7,3,1,HIIT,3
168,154,74,0.56,34.0,22.9,3.2,3,0,0,HIIT,0
185,141,59,1.27,24.8,30.1,4.0,6,3,1,Cardio,3
164,138,59,1.29,16.3,23.3,5.1,6,3,1,Mixed,3
192,147,62,0.83,15.4,30.3,3.2,7,2,1,Cardio,2
192,174,70,0.8,22.0,25.7,4.3,4,1,0,HIIT,1
188,154,74,0.67,28.2,28.3,3.0,3,1,0,Strength,1
186,133,69,0.78,20.8,25.5,3.3,4,1,0,Yoga,1
179,137,60,1.04,14.0,25.5,2.8,5,3,1,Cardio,3
165,152,78,0.62,20.3,27.0,3.5,3,0,0,HIIT,0
199,164,81,0.69,22.6,21.7,4.2,3,1,0,Strength,1
177,159,59,1.27,16.7,21.8,3.8,7,3,1,HIIT,3
183,140,61,0.52,24.7,25.4,1.9,3,1,0,Cardio,1
178,150,66,0.61,15.2,31.8,4.3,3,1,0,Mixed,1
158,145,73,0.96,20.0,18.0,3.2,5,1,0,HIIT,1
179,146,68,1.37,13.3,18.0,4.4,5,3,1,Strength,3
167,153,70,0.9,33.6,22.9,3.4,3,0,0,HIIT,0
160,125,60,1.06,18.6,28.1,3.2,6,3,1,Cardio,3
205,147,75,0.25,19.9,24.2,3.4,2,0,0,Yoga,0
205,140,61,0.84,27.3,19.3,3.4,6,2,1,Yoga,2
187,172,83,0.5,22.9,24.3,2.1,2,0,0,HIIT,0
178,134,81,0.81,28.2,18.0,4.0,3,0,0,Yoga,0
180,129,67,1.08,12.5,26.5,4.5,4,2,1,Yoga,2
171,124,68,0.89,23.1,22.8,4.0,3,1,0,Yoga,1
172,138,75,0.4,26.6,23.7,2.4,5,1,0,Cardio,1
195,164,73,0.94,25.6,25.7,4.4,3,1,0,Mixed,1
182,142,68,0.93,22.7,24.8,3.0,4,1,0,Cardio,1
187,150,80,0.5,32.7,21.8,2.6,2,0,0,Cardio,0
189,161,77,0.4,27.6,28.1,3.8,3,0,0,Mixed,0
164,133,62,0.66,18.0,27.2,3.4,4,1,0,Strength,1
182,148,70,0.57,24.7,18.0,3.0,3,0,0,Strength,0
166,141,63,0.94,21.4,23.1,4.6,3,1,1,Mixed,1
185,145,70,1.03,14.3,19.7,2.7,4,2,1,Cardio,2
180,150,61,1.08,21.2,18.9,4.9,5,2,1,Mixed,2
183,150,73,0.48,21.8,26.1,3.3,4,1,0,Strength,1
176,153,81,1.08,22.5,22.3,4.3,5,1,0,Mixed,1
172,148,79,0.5,26.1,23.4,3.8,2,0,0,Mixed,0
161,130,58,1.14,12.7,21.3,3.7,7,3,1,Strength,3
190,135,66,0.68,25.2,25.5,3.4,3,1,0,Yoga,1
180,153,73,0.62,26.1,26.7,4.1,3,0,0,Mixed,0
166,152,70,0.81,25.8,32.7,3.4,3,0,0,HIIT,0
189,150,59,0.94,19.6,23.3,3.7,5,2,1,Strength,2
173,141,66,0.77,21.2,18.2,3.3,4,1,0,Strength,1
190,173,78,0.77,24.7,22.0,3.3,2,0,0,HIIT,0
169,138,67,0.85,14.2,27.4,3.2,5,1,1,Strength,1
186,143,64,0.56,10.7,20.9,2.7,6,2,1,Cardio,2
181,150,77,0.47,25.4,18.1,2.8,2,0,0,Strength,0
157,145,74,0.96,21.2,21.0,3.6,4,1,0,HIIT,1
199,159,65,0.74,26.4,21.9,3.3,2,0,0,Strength,0
181,129,66,0.67,31.4,19.7,3.6,3,0,0,Yoga,0
183,149,68,0.7,17.4,24.9,3.8,3,1,0,Strength,1
162,126,59,1.1,12.9,23.7,3.7,7,2,1,Cardio,2
173,141,79,0.39,22.5,27.2,2.4,2,0,0,Cardio,0
196,156,63,0.8,11.6,22.2,3.3,6,2,1,Strength,2
170,146,74,0.82,15.5,26.2,4.0,4,2,1,Mixed,2
163,120,68,0.25,29.1,22.0,3.1,4,1,0,Yoga,1
198,157,62,1.35,17.8,19.5,4.6,7,3,1,Strength,3
169,118,57,1.11,14.7,21.8,3.5,7,3,1,Yoga,3
154,126,72,0.81,20.3,18.0,3.0,3,1,0,Cardio,1
200,168,73,0.65,26.4,31.2,3.9,3,1,0,Mixed,1
183,152,79,0.83,25.4,24.6,4.1,2,0,0,Strength,0
159,114,59,1.09,8.0,20.8,4.6,5,3,1,Yoga,3
201,181,66,0.76,16.1,22.5,3.1,6,3,1,HIIT,3
196,157,66,0.75,21.7,18.0,3.4,4,2,0,Strength,2
189,172,72,0.55,22.6,29.7,3.2,2,0,0,HIIT,0
195,148,62,1.1,18.8,29.3,3.1,6,2,1,Cardio,2
157,137,79,1.0,26.9,24.4,4.9,2,0,0,Mixed,0
193,165,81,0.95,39.9,25.3,4.4,2,0,0,Mixed,0
167,135,59,1.11,12.2,18.9,3.9,6,2,1,Strength,2
173,146,64,0.93,8.0,19.2,4.7,7,3,1,Mixed,3
177,144,68,0.61,22.6,18.0,3.4,3,0,0,Strength,0
188,136,72,0.52,20.2,23.4,3.8,3,0,0,Yoga,0
193,141,77,0.25,25.5,28.2,3.3,2,0,0,Yoga,0
181,125,56,1.38,15.9,22.5,4.4,7,3,1,Yoga,3
162,135,72,0.97,18.8,25.4,3.8,6,2,1,Strength,2
202,182,68,0.96,11.4,27.9,3.5,6,2,1,HIIT,2
174,135,64,0.74,22.9,18.0,3.0,3,1,0,Cardio,1
175,160,73,0.93,27.0,31.4,3.6,5,1,0,HIIT,1
166,151,68,0.53,26.6,28.6,2.9,2,0,0,HIIT,0
184,157,75,0.38,26.0,26.1,3.3,3,0,0,Mixed,0
180,163,69,1.23,17.4,27.7,4.2,7,2,1,HIIT,2
170,141,74,0.54,26.2,27.9,3.1,5,1,0,Strength,1
171,147,75,0.6,25.9,25.2,3.8,3,0,0,Mixed,0
182,153,68,1.14,26.2,29.7,4.4,4,1,1,Mixed,1
189,171,69,0.52,34.9,22.2,2.7,2,0,0,HIIT,0
182,148,71,0.52,13.2,25.8,3.2,3,1,0,Strength,1
179,154,79,0.78,34.7,29.3,4.5,2,0,0,Mixed,0
192,140,75,0.98,17.3,18.0,3.8,5,2,1,Yoga,2
188,159,73,0.25,26.5,25.8,3.2,3,0,0,Mixed,0
205,159,74,0.86,19.3,26.9,3.1,3,1,0,Cardio,1
159,145,69,0.99,19.4,18.0,3.0,6,2,1,HIIT,2
178,126,63,0.85,23.0,25.1,3.8,7,2,1,Yoga,2
168,153,74,1.06,22.5,20.8,3.1,4,1,0,HIIT,1
169,135,71,0.44,28.0,25.6,2.3,3,0,0,Cardio,0
188,169,61,1.3,19.2,23.6,3.9,7,3,1,HIIT,3
159,121,74,0.89,27.2,20.2,3.9,2,0,0,Yoga,0
184,143,67,1.11,20.9,28.4,3.8,7,2,1,Cardio,2
162,117,63,1.4,8.0,22.3,4.9,7,3,1,Yoga,3
174,139,72,1.17,23.6,25.1,3.7,2,0,0,Cardio,0
190,150,75,0.58,24.6,29.3,3.0,3,0,0,Cardio,0
182,155,74,0.5,22.6,20.3,3.5,2,0,0,Mixed,0
193,137,70,0.25,18.8,24.0,3.3,2,0,0,Yoga,0
181,142,68,0.76,24.6,22.0,3.2,4,1,0,Cardio,1
164,130,67,0.77,25.7,22.9,3.0,4,1,0,Cardio,1
156,127,59,0.9,17.7,32.6,3.7,6,2,1,Strength,2
168,118,56,1.38,17.9,25.8,4.2,6,3,1,Yoga,3
165,136,69,0.79,18.5,25.3,3.5,3,1,0,Strength,1
194,149,65,0.96,22.9,26.1,2.9,7,2,1,Cardio,2
165,136,69,0.43,25.6,25.7,3.4,2,0,0,Strength,0
181,166,81,0.53,31.9,18.0,2.7,3,0,0,HIIT,0
182,135,78,0.69,35.6,33.2,4.0,2,0,0,Yoga,0
196,137,65,0.75,22.4,18.1,3.9,7,2,1,Yoga,2
175,157,55,1.31,12.2,30.9,3.7,5,3,1,HIIT,3
187,167,59,1.54,13.5,26.5,4.6,7,3,1,HIIT,3
195,158,74,0.5,27.2,24.7,3.6,3,0,0,Strength,0
157,144,70,0.42,25.3,22.8,3.1,2,0,0,HIIT,0
199,153,69,0.5,30.5,34.4,2.8,3,0,0,Cardio,0
204,185,79,0.65,30.1,26.4,3.1,2,0,0,HIIT,0
178,147,73,0.77,18.7,24.1,3.6,2,0,0,Strength,0
204,173,79,0.69,23.6,21.9,4.1,2,0,0,Mixed,0
182,134,75,0.67,25.6,21.4,3.8,2,0,0,Yoga,0
187,171,79,0.88,26.6,24.2,3.5,3,0,0,HIIT,0
188,160,79,0.91,22.3,20.3,4.5,3,0,0,Mixed,0
170,155,67,1.04,23.6,26.7,3.7,4,2,1,HIIT,2
198,156,76,0.86,19.0,21.4,2.8,4,1,0,Cardio,1
205,140,61,1.19,14.4,28.0,3.8,6,3,1,Yoga,3
187,131,63,1.13,12.8,27.9,4.9,5,1,1,Yoga,1
194,162,63,0.74,22.2,23.8,3.6,4,1,0,Mixed,1
186,169,72,0.25,30.6,26.3,2.8,2,0,0,HIIT,0
190,151,79,0.6,27.4,26.5,3.0,3,0,0,Cardio,0
176,137,63,1.1,18.0,18.2,3.3,7,2,1,Cardio,2
195,160,76,0.65,30.0,30.9,3.3,3,0,0,Strength,0
205,164,68,0.8,16.4,23.0,3.4,4,2,1,Strength,2
161,127,66,0.61,15.7,26.8,2.7,5,2,1,Cardio,2
186,140,55,1.01,20.4,26.9,3.7,5,2,1,Cardio,2
171,143,59,0.97,23.0,18.0,4.0,5,2,1,Mixed,2
155,130,74,0.79,25.3,21.4,3.7,5,2,0,Strength,2
201,182,72,0.68,24.0,27.4,3.4,5,1,0,HIIT,1
202,180,55,0.7,21.0,24.2,3.0,5,2,1,HIIT,2
191,155,70,0.71,16.3,26.8,3.6,3,1,0,Strength,1
177,163,84,0.43,22.8,24.4,1.9,2,0,0,HIIT,0
199,169,76,0.47,31.3,28.9,3.7,2,0,0,Mixed,0
172,157,70,0.97,20.0,24.5,3.4,5,1,0,HIIT,1
176,148,66,1.01,29.6,29.7,4.4,3,0,0,Mixed,0
157,142,59,1.16,17.9,20.1,3.6,6,3,1,HIIT,3
195,137,67,0.31,25.7,23.5,3.1,3,0,0,Yoga,0
160,146,69,0.55,33.7,21.6,2.9,3,0,0,HIIT,0
199,179,63,0.63,15.0,25.6,2.5,5,1,0,HIIT,1
195,158,74,1.11,26.4,22.9,4.1,5,2,1,Strength,2
164,151,74,0.77,22.4,23.1,2.7,3,1,0,HIIT,1
187,161,82,0.58,24.3,21.2,4.1,2,0,0,Mixed,0
191,159,63,0.55,26.0,22.2,3.4,3,1,0,Mixed,1
195,164,71,0.84,23.1,24.0,4.4,3,1,0,Mixed,1
202,167,60,0.94,24.4,18.0,4.0,7,2,1,Mixed,2
180,126,60,0.89,20.9,18.0,4.0,6,2,1,Yoga,2
161,128,67,1.05,21.4,24.2,3.7,5,2,1,Cardio,2
169,141,76,0.72,32.5,18.0,3.8,2,0,0,Strength,0
156,132,76,0.51,29.5,23.2,3.5,3,0,0,Strength,0
185,139,55,1.51,12.8,22.5,3.1,5,3,1,Cardio,3
181,155,76,0.44,19.1,26.2,3.5,2,0,0,Mixed,0
174,140,77,0.59,25.9,21.3,2.4,2,0,0,Cardio,0
192,160,62,1.03,19.4,30.3,4.2,7,2,1,Mixed,2
174,142,69,0.47,24.4,27.4,3.0,5,1,0,Strength,1
194,161,62,0.7,25.7,18.0,3.9,4,1,0,Mixed,1
171,123,64,0.78,28.0,22.9,3.8,2,0,0,Yoga,0
175,153,85,0.59,27.7,30.1,4.0,3,0,0,Mixed,0
171,124,66,1.02,23.4,21.2,3.8,6,2,1,Yoga,2
187,136,73,0.32,25.7,23.8,3.6,3,0,0,Yoga,0
187,147,74,0.74,21.9,29.6,3.0,4,1,0,Cardio,1
201,152,61,0.78,27.2,21.8,3.1,6,2,1,Cardio,2
179,161,61,1.07,16.5,28.5,3.8,5,3,1,HIIT,3
188,145,66,1.06,22.8,20.4,3.0,7,3,1,Cardio,3
169,140,55,1.54,14.1,18.0,5.6,6,3,1,Mixed,3
178,161,68,0.76,19.6,28.9,3.4,5,1,0,HIIT,1
161,113,55,1.26,13.0,25.8,4.4,7,3,1,Yoga,3
191,149,69,0.92,17.0,26.0,2.9,4,2,1,Cardio,2
205,183,61,1.28,10.1,19.6,3.9,6,3,1,HIIT,3
171,140,81,0.35,25.4,19.9,2.4,3,0,0,Cardio,0
188,161,79,0.4,25.4,28.6,3.9,2,0,0,Mixed,0
200,161,69,0.87,29.6,25.0,3.6,3,1,0,Strength,1
186,169,67,0.88,17.1,23.5,3.0,6,2,1,HIIT,2
198,154,72,0.93,30.8,24.9,2.6,4,1,0,Cardio,1
181,164,64,0.75,8.0,30.0,3.2,7,3,1,HIIT,3
178,149,82,0.47,21.7,26.9,3.3,3,0,0,Strength,0
185,145,70,0.91,22.6,22.1,2.8,2,0,0,Cardio,0
192,171,56,1.42,19.1,18.4,3.8,6,2,1,HIIT,2
184,154,65,0.77,19.0,26.4,3.6,5,1,1,Mixed,1
155,126,72,0.72,22.4,20.3,2.6,4,1,0,Cardio,1
204,169,67,1.11,22.9,19.3,4.6,4,2,1,Mixed,2
187,168,62,1.03,16.1,29.3,3.2,7,2,1,HIIT,2
175,140,74,0.4,23.4,27.5,2.2,2,0,0,Cardio,0
170,132,61,1.09,18.9,25.5,3.2,6,2,1,Cardio,2
193,151,74,0.52,22.3,19.0,2.4,2,0,0,Cardio,0
178,150,67,0.88,22.1,31.2,4.5,3,1,0,Mixed,1
166,141,83,0.81,25.0,28.1,3.6,2,0,0,Strength,0
159,140,82,0.47,27.9,22.8,3.8,3,0,0,Mixed,0
200,162,74,0.64,22.6,21.9,3.4,3,1,0,Strength,1
167,144,75,0.68,26.7,24.3,3.7,2,0,0,Mixed,0
185,148,81,0.85,23.6,22.1,3.2,3,0,0,Cardio,0
176,129,70,1.0,19.7,32.8,4.3,4,1,1,Yoga,1
184,156,71,0.47,25.5,22.5,3.7,3,1,0,Mixed,1
153,123,66,0.42,30.7,19.7,2.3,2,0,0,Cardio,0
188,154,76,0.65,26.1,30.4,3.2,2,0,0,Strength,0
185,156,69,0.52,27.2,21.7,3.9,3,0,0,Mixed,0
170,141,73,0.76,26.4,27.1,3.9,3,0,0,Strength,0
185,157,71,0.71,28.5,26.7,3.4,3,1,0,Mixed,1
180,142,71,0.86,26.5,23.8,3.3,2,0,0,Cardio,0
160,126,62,1.05,16.1,20.1,3.3,7,3,1,Cardio,3
180,150,80,0.57,22.6,23.8,3.7,3,0,0,Strength,0
188,153,71,0.31,27.7,19.3,3.0,2,0,0,Strength,0
195,164,71,0.42,25.9,23.9,3.8,5,1,0,Mixed,1
176,160,69,0.99,20.7,27.1,3.5,3,0,0,HIIT,0
184,155,69,0.73,30.4,30.9,4.4,3,0,0,Mixed,0
169,154,67,1.23,21.6,19.6,3.3,7,2,1,HIIT,2
161,122,74,0.51,20.1,23.0,3.7,3,1,0,Yoga,1
171,135,67,0.69,22.4,21.9,2.7,3,0,0,Cardio,0
203,166,80,1.17,20.6,25.1,4.3,5,1,0,Strength,1
183,150,73,0.65,28.1,18.0,3.4,3,0,0,Strength,0
188,153,71,1.02,13.0,20.3,4.2,4,1,1,Strength,1
179,129,67,1.08,22.9,18.0,4.1,4,1,1,Yoga,1
194,135,64,0.93,22.0,18.2,4.0,6,2,1,Yoga,2
181,165,73,1.15,19.7,21.4,4.2,6,2,1,HIIT,2
179,145,68,1.43,18.0,30.7,3.8,7,3,1,Strength,3
182,164,67,0.59,31.4,25.4,3.2,2,0,0,HIIT,0
174,126,67,0.4,27.6,24.3,3.5,4,1,0,Yoga,1
194,145,85,0.72,23.0,29.4,4.0,3,0,0,Yoga,0
175,136,63,0.86,16.5,25.5,3.1,7,2,1,Cardio,2
174,144,72,0.79,24.8,25.9,3.6,4,1,0,Strength,1
175,142,81,0.58,24.2,22.1,2.8,2,0,0,Cardio,0
194,142,79,0.52,30.3,21.5,3.5,2,0,0,Yoga,0
201,180,61,0.76,27.8,18.8,3.7,3,0,0,HIIT,0
160,137,67,0.96,20.1,21.6,4.7,6,2,1,Mixed,2
183,138,84,0.78,22.6,22.9,4.1,2,0,0,Yoga,0
177,139,70,0.62,14.6,25.4,3.2,4,1,0,Cardio,1
184,147,60,1.15,21.2,23.9,4.0,7,2,1,Strength,2
160,125,60,0.81,16.1,22.5,3.1,7,2,1,Cardio,2
176,135,59,1.14,15.3,20.4,3.5,7,3,1,Cardio,3
193,141,78,0.56,27.7,25.6,3.8,2,0,0,Yoga,0
195,168,84,1.12,21.4,22.0,4.4,4,1,0,Mixed,1
173,136,69,0.56,31.2,25.4,2.5,3,1,0,Cardio,1
176,146,78,0.49,31.2,18.0,3.1,2,0,0,Strength,0
192,172,57,1.06,20.8,25.3,3.2,6,2,1,HIIT,2
196,175,57,0.98,24.0,27.0,3.8,4,2,1,HIIT,2
198,178,68,0.94,22.6,26.5,3.6,3,1,0,HIIT,1
174,138,72,0.6,17.7,23.2,2.7,3,1,0,Cardio,1
205,139,60,1.44,18.5,27.7,4.6,7,3,1,Yoga,3
202,158,75,0.5,24.1,18.9,3.0,2,0,0,Cardio,0
171,156,74,0.55,26.2,23.6,2.8,3,0,0,HIIT,0
205,183,60,1.19,10.6,23.2,3.3,7,3,1,HIIT,3
159,121,74,1.05,15.3,28.1,4.5,2,0,0,Yoga,0
196,148,58,0.94,16.5,18.0,3.1,5,2,1,Cardio,2
174,134,58,1.04,21.6,19.8,3.5,7,2,1,Cardio,2
199,153,67,1.13,8.0,31.0,4.0,5,3,1,Cardio,3
175,149,71,0.91,28.4,18.0,3.8,2,0,0,Mixed,0
185,147,59,1.28,9.3,27.3,4.0,5,3,1,Strength,3
162,125,81,0.42,38.3,21.2,3.4,2,0,0,Yoga,0
195,140,74,0.54,35.2,25.0,3.8,3,0,0,Yoga,0
177,148,79,0.73,18.8,29.7,4.0,3,0,0,Strength,0
164,131,71,0.49,26.1,25.2,2.9,2,0,0,Cardio,0
187,133,68,1.29,20.0,29.7,3.8,7,3,1,Yoga,3
166,141,66,0.73,24.0,22.0,4.1,7,2,1,Mixed,2
174,137,70,1.32,23.7,22.6,3.0,4,1,0,Cardio,1
169,155,74,0.83,28.4,27.1,3.7,3,0,0,HIIT,0
164,123,74,0.92,25.3,22.2,4.1,3,1,0,Yoga,1
162,141,76,0.67,23.2,26.4,4.4,2,0,0,Mixed,0
185,154,59,0.44,24.1,28.7,3.3,2,0,0,Mixed,0
168,143,68,0.76,21.4,27.5,4.5,3,1,0,Mixed,1
191,173,67,1.08,21.2,18.0,4.4,5,2,1,HIIT,2
172,140,65,0.73,26.1,22.6,3.4,4,1,0,Strength,1
202,182,67,0.85,30.3,25.1,3.2,4,1,0,HIIT,1
175,147,63,0.5,13.5,23.0,3.3,5,2,1,Mixed,2
184,149,83,0.93,29.8,24.3,3.4,2,0,0,Cardio,0
166,142,68,1.1,15.5,25.2,4.7,4,2,1,Mixed,2
177,160,67,0.89,20.8,21.9,3.2,6,2,1,HIIT,2
178,161,64,0.94,24.2,23.2,3.6,3,1,0,HIIT,1
186,169,72,0.67,21.8,19.3,3.2,3,0,0,HIIT,0
186,169,74,0.91,11.5,22.1,2.9,4,1,0,HIIT,1
188,161,78,0.37,27.2,18.0,3.8,2,0,0,Mixed,0
181,163,58,0.92,17.5,24.5,3.4,5,2,1,HIIT,2
187,171,82,0.56,25.2,23.2,3.1,2,0,0,HIIT,0
188,158,71,0.66,28.7,20.3,3.9,3,0,0,Mixed,0
198,137,62,1.27,11.2,31.1,4.5,7,3,1,Yoga,3
179,155,84,0.51,29.0,23.0,3.5,4,1,0,Mixed,1
184,142,63,1.3,23.5,25.1,3.4,4,2,1,Cardio,2
172,142,71,0.67,22.6,21.4,3.7,5,1,0,Strength,1
198,141,72,0.38,30.9,22.3,3.3,3,0,0,Yoga,0
191,150,76,0.67,29.2,25.3,2.4,3,0,0,Cardio,0
199,167,72,1.14,15.8,22.7,4.8,7,2,1,Mixed,2
192,134,64,0.83,21.5,24.0,4.3,6,2,1,Yoga,2
151,124,74,0.41,24.9,27.2,3.0,2,0,0,Cardio,0
171,148,81,0.65,23.5,21.9,3.5,3,0,0,Mixed,0
187,142,59,1.21,12.9,18.7,3.5,6,2,1,Cardio,2
167,151,60,1.38,11.6,18.0,3.4,6,3,1,HIIT,3
174,157,61,0.96,17.6,29.8,3.0,4,2,1,HIIT,2
175,142,64,1.04,9.7,27.7,4.1,5,2,1,Strength,2
179,136,56,0.91,13.0,26.6,2.8,5,3,1,Cardio,3
189,159,68,0.59,22.5,22.3,3.7,3,0,0,Mixed,0
205,156,64,0.75,27.2,18.7,3.1,3,0,0,Cardio,0
171,137,73,0.25,21.9,22.9,2.4,3,0,0,Cardio,0
188,169,61,1.34,16.0,23.6,4.1,7,3,1,HIIT,3
196,163,64,0.96,8.9,19.5,3.8,5,3,1,Mixed,3
171,145,68,0.37,21.2,18.1,3.6,2,0,0,Mixed,0
166,142,71,0.89,18.6,18.0,4.2,5,1,1,Mixed,1
173,140,78,0.49,23.2,26.6,2.8,3,0,0,Cardio,0
191,154,67,1.26,18.9,19.2,4.0,5,2,1,Strength,2
172,127,71,0.41,18.9,25.2,3.4,5,1,0,Yoga,1
172,119,55,1.25,9.4,22.4,4.0,7,3,1,Yoga,3
180,133,74,1.0,23.9,26.4,3.8,3,0,0,Yoga,0
169,154,65,1.21,12.8,25.3,4.2,7,2,1,HIIT,2
182,133,73,0.66,21.0,23.1,3.5,5,1,0,Yoga,1
196,144,82,0.37,23.1,24.5,3.1,3,0,0,Yoga,0
171,135,69,0.82,21.5,23.6,3.0,4,1,0,Cardio,1
194,163,68,0.65,21.0,21.5,3.9,5,1,0,Mixed,1
188,160,76,0.47,28.8,27.9,3.6,2,0,0,Mixed,0
167,133,70,0.62,21.9,22.3,2.7,3,1,0,Cardio,1
191,154,67,0.99,19.1,23.7,3.4,4,2,1,Strength,2
181,145,78,0.79,14.8,18.3,3.0,3,0,0,Cardio,0
171,140,69,0.87,24.6,25.1,3.7,5,1,0,Strength,1
179,151,67,0.77,20.3,21.6,4.1,4,2,1,Mixed,2
178,163,74,0.77,29.3,22.1,3.5,3,0,0,HIIT,0
177,135,58,0.65,28.8,20.6,2.4,5,2,0,Cardio,2
183,164,59,0.96,20.0,23.5,3.7,5,2,1,HIIT,2
169,129,55,1.25,21.2,18.0,3.1,7,2,1,Cardio,2
162,127,83,0.43,26.4,26.7,3.2,2,0,0,Yoga,0
183,155,71,0.74,26.1,23.8,3.9,6,2,1,Mixed,2
188,153,70,1.07,17.4,22.1,3.6,5,2,1,Strength,2
188,158,69,0.75,22.7,18.0,3.8,5,1,0,Mixed,1
196,166,75,1.1,21.8,25.7,4.6,4,1,0,Mixed,1
196,143,79,0.45,21.4,21.5,3.4,2,0,0,Yoga,0
177,139,68,0.41,16.4,29.2,2.5,3,0,0,Cardio,0
153,123,66,0.77,17.4,25.9,3.2,5,1,1,Cardio,1
176,146,78,0.52,32.9,30.1,3.2,3,0,0,Strength,0
174,126,68,1.06,22.6,24.5,4.2,3,1,0,Yoga,1
203,183,71,0.77,30.0,28.3,3.4,3,0,0,HIIT,0
184,153,79,0.8,25.0,25.9,3.5,2,0,0,Strength,0
159,145,66,0.82,20.4,22.2,2.8,4,1,0,HIIT,1
174,159,77,1.02,17.5,24.7,3.6,6,2,1,HIIT,2
194,144,83,0.35,25.4,20.7,3.8,2,0,0,Yoga,0
195,149,64,0.93,15.0,32.3,3.1,7,2,1,Cardio,2
175,152,81,0.49,30.0,23.6,3.8,2,0,0,Mixed,0
185,169,76,0.56,33.2,24.1,3.1,2,0,0,HIIT,0
159,134,58,0.98,11.1,25.6,4.4,7,3,1,Mixed,3
170,139,80,0.96,21.3,19.7,2.9,3,1,0,Cardio,1
166,144,77,0.83,29.2,29.3,4.0,2,0,0,Mixed,0
192,173,66,0.98,26.1,19.9,3.5,4,1,0,HIIT,1
200,145,77,0.91,30.4,19.0,4.2,3,0,0,Yoga,0
156,116,68,1.31,14.2,23.3,4.4,6,3,1,Yoga,3
195,159,75,0.48,32.0,18.9,3.6,2,0,0,Strength,0
194,174,66,1.1,21.2,30.2,3.6,6,2,1,HIIT,2
168,139,74,1.03,20.3,23.1,3.3,2,0,0,Strength,0
180,153,72,0.68,28.4,18.0,4.4,4,1,0,Mixed,1
188,148,55,1.47,13.3,24.8,3.5,7,3,1,Strength,3
184,145,71,0.81,21.6,26.2,2.8,3,0,0,Cardio,0
174,139,73,0.63,29.5,22.3,2.8,3,0,0,Cardio,0
171,126,71,0.73,21.6,18.6,4.2,3,1,0,Yoga,1
167,141,81,0.53,33.1,23.6,3.7,3,0,0,Strength,0
165,150,64,1.34,15.0,22.1,3.8,7,2,1,HIIT,2
181,133,74,0.62,23.8,20.1,3.2,5,1,0,Yoga,1
198,166,73,0.62,22.2,19.7,4.1,3,0,0,Mixed,0
198,165,68,0.75,19.5,24.6,3.8,5,2,1,Mixed,2
166,128,81,0.38,20.2,27.6,3.7,2,0,0,Yoga,0
204,153,59,1.42,28.4,25.8,3.8,7,3,1,Cardio,3
175,141,77,0.77,23.4,18.0,2.7,3,0,0,Cardio,0
204,168,62,0.93,17.9,26.5,4.4,4,2,1,Mixed,2
198,156,78,0.71,28.3,27.1,2.7,2,0,0,Cardio,0
184,152,55,0.87,16.2,29.6,3.9,7,2,1,Mixed,2
177,139,67,0.55,28.5,20.2,2.1,3,0,0,Cardio,0
170,147,78,0.34,24.3,23.8,3.8,2,0,0,Mixed,0
171,145,67,0.45,23.2,26.3,3.9,2,0,0,Mixed,0
170,145,68,1.08,27.0,21.9,4.3,3,1,0,Mixed,1
150,124,77,0.76,17.8,26.2,3.1,5,1,0,Cardio,1
155,143,74,0.67,29.0,23.9,3.4,4,1,0,HIIT,1
165,142,72,1.09,12.3,20.6,4.2,7,3,1,Mixed,3
199,156,75,0.51,24.6,21.0,2.7,3,0,0,Cardio,0
198,178,65,0.91,21.6,29.0,3.0,5,2,1,HIIT,2
166,142,70,0.82,25.3,20.0,4.5,3,1,0,Mixed,1
177,161,70,0.69,23.3,19.3,3.5,3,0,0,HIIT,0
163,136,74,0.73,25.9,25.4,3.3,3,0,0,Strength,0
180,151,64,0.96,19.0,23.9,3.7,3,1,0,Mixed,1
191,164,81,0.77,31.4,18.8,4.2,2,0,0,Mixed,0
184,143,69,0.88,16.5,21.9,3.2,5,2,1,Cardio,2
180,143,55,1.12,12.6,20.7,3.9,7,3,1,Strength,3
167,134,72,0.63,26.9,21.4,2.5,2,0,0,Cardio,0
164,125,77,0.67,27.9,34.1,4.2,3,0,0,Yoga,0
153,130,76,0.32,31.5,22.8,2.9,3,0,0,Strength,0
189,158,65,0.77,18.0,20.5,4.4,3,1,0,Mixed,1
192,163,75,0.25,19.7,32.1,3.8,3,0,0,Mixed,0
188,157,63,1.29,16.3,27.6,4.6,7,3,1,Mixed,3
178,145,68,1.12,23.1,26.9,4.4,5,2,1,Strength,2
174,148,68,1.06,17.7,20.7,3.9,6,3,1,Mixed,3
165,123,71,0.85,28.9,28.8,3.7,3,1,0,Yoga,1
192,174,69,0.53,29.3,27.3,2.6,3,0,0,HIIT,0
200,159,65,0.85,24.0,24.6,3.6,4,1,0,Strength,1
188,172,76,0.75,22.4,18.0,3.9,5,1,0,HIIT,1
184,145,73,1.31,21.6,23.9,3.8,4,2,1,Cardio,2
161,125,60,1.22,8.0,30.9,2.4,7,3,1,Cardio,3
192,156,72,0.9,22.7,24.9,4.5,5,1,1,Strength,1
173,148,75,0.55,28.8,22.5,4.1,2,0,0,Mixed,0
194,152,74,0.54,25.2,23.1,2.9,2,0,0,Cardio,0
182,138,58,1.13,10.9,23.4,3.2,7,2,1,Cardio,2
201,143,72,0.71,27.8,20.8,3.7,4,1,0,Yoga,1
204,160,79,0.92,13.3,23.8,2.8,3,1,0,Cardio,1
172,139,76,0.6,23.7,29.8,2.3,2,0,0,Cardio,0
176,135,58,1.29,15.3,29.3,2.9,5,3,1,Cardio,3
179,150,63,0.93,19.1,21.0,4.7,6,2,1,Mixed,2
181,145,77,0.61,26.6,29.1,2.7,3,0,0,Cardio,0
190,156,76,0.63,18.0,27.0,3.9,5,1,0,Strength,1
188,160,73,0.96,19.9,26.5,4.4,5,1,1,Mixed,1
159,115,61,0.72,13.4,25.7,4.1,3,1,1,Yoga,1
195,154,79,0.58,18.0,20.3,2.8,4,1,0,Cardio,1
181,153,69,0.83,18.9,22.4,4.2,6,2,1,Mixed,2
180,153,74,0.52,32.8,27.3,4.3,2,0,0,Mixed,0
173,136,67,0.93,24.2,19.2,3.1,4,1,0,Cardio,1
167,125,73,0.78,34.3,19.8,4.0,3,0,0,Yoga,0
191,152,79,0.6,29.2,25.2,2.8,3,0,0,Cardio,0
196,148,60,0.43,23.7,20.8,2.4,5,1,0,Cardio,1
173,145,78,0.5,22.3,27.3,3.0,3,0,0,Strength,0
194,165,76,0.55,30.5,21.0,3.8,3,0,0,Mixed,0
189,171,71,0.47,25.2,25.0,2.7,4,1,0,HIIT,1
181,124,55,0.94,19.0,25.3,4.4,6,3,1,Yoga,3
166,117,56,1.06,18.5,22.1,4.2,5,2,1,Yoga,2
173,151,85,0.76,20.4,23.0,4.0,2,0,0,Mixed,0
168,153,71,0.94,23.2,21.3,3.8,4,1,0,HIIT,1
172,159,80,1.02,27.6,23.9,3.3,5,1,0,HIIT,1
187,171,80,0.77,25.7,20.2,3.1,2,0,0,HIIT,0
178,152,76,0.48,26.5,23.1,4.2,2,0,0,Mixed,0
186,148,76,0.47,26.9,27.0,3.0,2,0,0,Cardio,0
172,128,75,0.86,16.7,19.5,3.7,3,1,0,Yoga,1
171,156,71,0.9,9.3,22.1,3.0,4,2,1,HIIT,2
163,131,72,0.79,31.3,26.1,3.3,4,1,0,Cardio,1
205,142,65,1.46,16.8,18.0,4.1,6,3,1,Yoga,3
168,129,81,0.3,25.2,31.4,3.6,2,0,0,Yoga,0
181,145,62,0.68,20.1,28.2,3.8,5,3,1,Strength,3
187,169,67,1.21,18.1,18.0,3.6,4,1,1,HIIT,1
181,155,77,0.56,30.2,18.0,4.1,3,0,0,Mixed,0
173,132,56,1.17,16.6,24.1,3.3,6,3,1,Cardio,3
197,178,68,0.5,21.3,19.5,3.2,4,1,0,HIIT,1
175,150,77,0.25,23.6,27.8,3.7,3,0,0,Mixed,0
180,143,75,0.48,24.9,25.6,2.7,2,0,0,Cardio,0
178,144,82,0.67,27.8,24.5,2.8,3,0,0,Cardio,0
179,148,57,0.95,16.6,21.7,4.3,7,3,1,Mixed,3
198,165,64,0.34,26.1,30.4,3.9,3,0,0,Mixed,0
182,165,67,1.0,13.7,27.0,3.5,5,3,1,HIIT,3
177,131,75,0.56,26.0,26.4,3.7,3,0,0,Yoga,0
161,131,75,0.38,22.3,28.8,2.5,3,0,0,Cardio,0
201,142,71,0.91,23.2,19.9,3.8,3,0,0,Yoga,0
186,167,61,0.63,21.4,29.1,3.0,5,1,0,HIIT,1
167,124,71,0.62,32.2,22.9,3.5,2,0,0,Yoga,0
193,174,68,1.21,21.9,25.3,3.5,4,2,1,HIIT,2
172,147,74,0.87,18.8,23.4,4.1,2,0,0,Mixed,0
205,163,63,0.75,19.5,18.0,3.4,5,2,1,Strength,2
200,164,57,0.51,20.7,27.8,3.9,7,2,1,Mixed,2
180,166,84,0.41,21.2,18.0,2.5,3,0,0,HIIT,0
190,152,65,0.79,8.0,20.1,3.6,5,2,1,Strength,2
185,145,72,0.83,14.0,22.2,3.0,7,3,1,Cardio,3
167,153,72,0.9,28.5,18.0,3.1,3,1,0,HIIT,1
175,146,78,0.88,23.2,19.6,2.9,5,1,0,Strength,1
180,129,66,0.37,30.0,25.0,3.1,3,1,0,Yoga,1
175,140,57,0.79,18.2,22.6,3.6,5,2,1,Strength,2
201,156,74,0.54,22.1,22.9,3.0,3,0,0,Cardio,0
162,141,78,0.77,23.4,20.3,4.0,3,0,0,Mixed,0
191,140,78,0.55,24.1,24.2,4.1,2,0,0,Yoga,0
185,157,72,1.4,22.7,22.7,4.3,3,1,1,Mixed,1
181,148,85,0.49,23.6,18.0,3.1,3,0,0,Cardio,0
201,145,77,0.8,25.4,23.2,3.9,2,0,0,Yoga,0
201,155,68,0.77,25.3,19.0,2.7,4,1,0,Cardio,1
188,148,74,0.91,20.1,27.6,3.4,3,0,0,Cardio,0
166,152,71,0.51,22.3,22.4,2.2,2,0,0,HIIT,0
205,145,71,0.8,11.4,34.1,4.0,5,1,1,Yoga,1
189,170,65,1.53,8.0,27.9,4.0,7,3,1,HIIT,3
186,150,82,0.44,30.9,23.5,2.9,2,0,0,Cardio,0
188,171,74,0.99,21.4,26.3,3.7,3,0,0,HIIT,0
187,159,75,0.72,30.0,18.0,4.6,3,0,0,Mixed,0
169,135,57,1.28,20.1,27.8,3.9,7,3,1,Strength,3
181,165,75,0.55,29.1,20.7,3.0,3,1,0,HIIT,1
197,165,69,0.4,27.4,24.4,4.2,3,0,0,Mixed,0
195,148,61,1.08,19.1,21.1,3.4,7,2,1,Cardio,2
191,171,55,0.8,25.1,21.5,3.6,3,0,0,HIIT,0
174,159,69,0.26,24.8,23.3,2.4,2,0,0,HIIT,0
189,159,72,0.37,22.5,24.3,3.8,3,0,0,Mixed,0
196,152,72,0.56,30.0,23.9,2.6,2,0,0,Cardio,0
178,149,64,1.08,29.6,24.0,4.5,3,1,0,Mixed,1
174,124,64,0.61,21.4,18.0,3.4,5,1,0,Yoga,1
153,124,71,0.73,26.0,33.3,2.3,6,2,0,Cardio,2
181,141,66,0.83,31.2,24.9,2.2,4,1,0,Cardio,1
203,168,61,0.99,21.6,25.8,4.4,5,1,1,Mixed,1
194,162,65,0.28,27.4,22.6,3.2,4,1,0,Mixed,1
182,147,65,0.52,20.1,20.5,3.0,4,1,0,Strength,1
190,161,75,0.38,30.2,24.6,3.4,3,0,0,Mixed,0
197,138,67,1.02,16.2,25.2,3.9,7,2,1,Yoga,2
176,122,55,0.93,14.7,29.2,3.7,7,3,1,Yoga,3
188,159,72,1.14,20.9,32.3,4.9,4,1,1,Mixed,1
183,151,77,0.51,16.7,29.9,3.3,3,1,0,Strength,1
176,147,80,1.0,30.7,18.0,4.2,3,0,0,Strength,0
198,137,63,1.24,14.2,22.2,4.1,5,3,1,Yoga,3
183,141,62,1.41,8.0,25.3,3.1,7,3,1,Cardio,3
180,163,63,0.9,17.1,22.4,3.1,5,2,1,HIIT,2
180,165,82,0.68,32.4,23.8,2.9,3,0,0,HIIT,0
189,151,62,1.12,8.6,18.0,3.3,7,3,1,Strength,3
173,138,71,0.91,24.5,27.7,3.7,2,0,0,Cardio,0
189,135,69,0.95,17.2,18.0,3.8,3,1,0,Yoga,1
165,135,67,0.87,21.1,18.0,3.5,5,1,1,Strength,1
179,144,64,1.15,19.3,19.9,3.7,7,2,1,Strength,2
204,184,71,1.0,25.7,23.6,3.4,6,2,1,HIIT,2
205,184,64,1.09,13.8,18.0,3.4,6,2,1,HIIT,2
170,142,56,1.14,14.0,19.8,4.4,7,3,1,Mixed,3
192,140,75,0.71,23.5,28.6,3.9,5,1,0,Yoga,1
182,143,71,0.48,16.9,23.6,1.7,7,2,0,Cardio,2
168,124,71,0.35,24.6,25.7,3.8,2,0,0,Yoga,0
192,163,77,0.75,24.0,19.1,4.0,4,1,0,Mixed,1
184,137,80,0.68,24.6,23.8,3.6,2,0,0,Yoga,0
174,156,57,1.59,13.9,23.5,4.3,6,3,1,HIIT,3
178,127,66,1.37,18.9,20.8,5.1,7,3,1,Yoga,3
162,129,69,0.41,28.6,23.8,2.8,3,0,0,Cardio,0
183,148,68,0.98,19.8,18.0,3.5,5,1,1,Strength,1
197,152,70,0.39,28.9,25.8,2.2,2,0,0,Cardio,0
185,145,70,0.8,27.6,22.4,2.7,2,0,0,Cardio,0
173,158,74,0.7,25.8,23.0,3.3,4,1,0,HIIT,1
170,136,75,0.49,30.4,27.4,2.2,3,0,0,Cardio,0
172,146,69,0.71,22.0,25.7,3.9,2,0,0,Mixed,0
165,141,67,0.78,14.8,22.7,4.4,3,1,1,Mixed,1
165,141,72,0.75,29.4,19.5,4.2,2,0,0,Mixed,0
180,131,71,0.46,15.1,29.3,3.1,5,1,0,Yoga,1
195,146,85,0.56,34.0,18.6,3.3,3,0,0,Yoga,0
205,142,66,0.94,21.7,26.5,4.3,4,2,1,Yoga,2
169,125,71,0.37,23.8,18.0,3.2,4,1,0,Yoga,1
179,142,73,1.05,20.0,27.7,3.5,4,2,1,Cardio,2
182,133,72,0.37,22.8,28.0,3.2,3,0,0,Yoga,0
195,178,82,0.7,30.5,18.0,3.0,3,0,0,HIIT,0
166,149,58,1.76,19.7,25.8,4.5,7,3,1,HIIT,3
205,164,68,0.75,19.2,25.5,4.4,3,1,0,Strength,1
179,152,68,0.78,30.7,26.8,3.6,4,1,0,Mixed,1
175,135,59,1.17,8.8,25.5,3.2,7,3,1,Cardio,3
199,181,74,0.84,37.2,20.2,3.1,2,0,0,HIIT,0
162,121,72,0.71,23.5,23.1,3.6,4,1,0,Yoga,1
195,164,73,0.64,33.5,30.7,3.9,3,0,0,Mixed,0
190,154,71,0.88,25.8,19.6,3.4,3,1,0,Strength,1
173,157,67,0.49,20.6,25.3,2.5,2,0,0,HIIT,0
171,139,79,0.84,25.7,28.6,3.1,3,0,0,Cardio,0
168,140,76,1.01,23.0,20.0,4.0,3,1,0,Strength,1
168,142,66,0.99,17.0,18.3,4.3,6,2,1,Mixed,2
179,127,64,1.14,14.6,18.9,4.5,5,3,1,Yoga,3
184,131,66,1.0,18.6,25.6,4.1,3,1,1,Yoga,1
175,151,78,0.68,23.3,18.9,4.2,3,1,0,Mixed,1
187,169,66,0.68,16.1,23.5,3.1,7,2,1,HIIT,2
161,116,62,0.66,23.4,29.5,3.3,3,1,0,Yoga,1
193,141,76,0.95,24.8,23.8,4.2,5,1,0,Yoga,1
188,172,79,0.82,27.9,20.9,3.4,3,0,0,HIIT,0
159,138,74,1.16,17.2,24.5,4.5,7,2,1,Mixed,2
173,149,78,0.89,20.5,23.7,3.9,4,1,0,Mixed,1
183,148,67,0.9,15.9,25.8,3.9,7,3,1,Strength,3
174,126,67,1.11,26.0,30.5,4.2,7,2,1,Yoga,2
183,156,74,0.91,19.4,25.6,4.5,3,1,0,Mixed,1
189,170,60,1.17,20.7,32.1,3.5,6,2,1,HIIT,2
201,181,69,0.97,20.0,25.8,3.9,4,1,0,HIIT,1
169,157,85,0.45,26.9,20.9,2.6,2,0,0,HIIT,0
192,133,61,1.04,25.7,33.2,4.0,4,1,1,Yoga,1
191,146,62,1.46,12.7,23.5,3.8,7,3,1,Cardio,3
186,154,60,0.98,9.1,19.8,4.4,7,3,1,Mixed,3
175,140,74,0.99,28.0,33.3,2.9,5,1,0,Cardio,1
179,141,71,0.86,23.1,21.1,3.3,4,1,0,Cardio,1
178,149,81,0.61,31.5,20.9,3.8,2,0,0,Strength,0
178,162,75,0.74,25.0,21.8,3.3,3,0,0,HIIT,0
172,156,64,1.12,16.1,24.7,3.4,7,3,1,HIIT,3
191,172,67,0.96,16.2,27.7,3.4,5,2,1,HIIT,2
179,150,64,1.16,18.0,18.0,4.7,5,2,1,Mixed,2
174,157,63,1.23,18.9,27.7,4.2,7,2,1,HIIT,2
161,148,76,0.48,25.1,21.8,2.5,5,1,0,HIIT,1
167,139,73,0.62,20.4,22.3,3.4,4,1,0,Strength,1
158,133,75,0.51,16.4,30.9,3.4,5,1,0,Strength,1
176,141,76,0.62,22.7,24.9,2.5,5,1,0,Cardio,1
167,140,57,1.07,18.9,25.8,4.6,7,3,1,Mixed,3
166,132,69,0.99,19.5,23.8,3.6,3,1,0,Cardio,1
187,156,63,0.93,23.9,27.1,5.2,4,2,1,Mixed,2
176,128,70,1.12,18.9,30.5,3.9,5,2,1,Yoga,2
164,134,65,0.91,18.8,18.0,3.4,5,2,1,Strength,2
195,177,76,0.84,27.2,28.3,3.5,3,0,0,HIIT,0
168,134,70,0.37,28.3,30.2,2.6,2,0,0,Cardio,0
182,166,79,0.59,26.1,26.0,3.6,2,0,0,HIIT,0
189,153,69,0.59,14.6,21.3,3.0,5,2,1,Strength,2
195,149,63,1.1,15.5,19.4,3.8,7,3,1,Cardio,3
197,167,76,0.66,27.0,33.4,3.8,2,0,0,Mixed,0
187,161,80,0.98,23.0,20.4,4.9,2,0,0,Mixed,0
175,157,60,1.63,20.4,30.1,4.3,5,3,1,HIIT,3
160,140,82,0.89,22.4,25.6,4.4,2,0,0,Mixed,0
197,177,64,1.15,11.8,32.2,4.0,6,3,1,HIIT,3
188,145,64,0.52,22.5,22.7,3.0,5,1,0,Cardio,1
179,161,59,1.07,18.4,18.0,3.7,6,3,1,HIIT,3
190,137,72,1.05,27.0,24.0,4.3,3,1,0,Yoga,1
181,142,72,0.38,28.4,18.1,2.4,3,0,0,Cardio,0
169,155,75,0.82,25.9,34.7,3.3,5,1,0,HIIT,1
197,162,55,1.25,14.5,26.5,4.9,5,3,1,Mixed,3
182,167,79,0.75,29.2,27.1,3.7,3,0,0,HIIT,0
192,161,68,0.76,17.7,27.1,4.0,6,2,1,Mixed,2
157,113,60,0.35,29.8,21.2,3.6,4,1,0,Yoga,1
186,130,61,1.16,23.6,23.5,4.1,6,3,1,Yoga,3
157,136,73,0.33,34.0,24.4,3.7,3,0,0,Mixed,0
191,151,77,0.6,24.8,31.8,3.0,4,1,0,Cardio,1
186,157,71,0.5,31.6,19.4,4.2,3,0,0,Mixed,0
200,181,74,1.02,22.5,21.1,3.6,5,1,0,HIIT,1
185,147,75,0.58,34.6,22.5,2.7,3,1,0,Cardio,1
175,139,73,0.6,23.8,21.3,2.7,3,0,0,Cardio,0
180,163,71,0.78,20.0,18.2,2.9,7,2,1,HIIT,2
199,153,68,1.04,29.6,18.0,3.4,3,1,0,Cardio,1
187,171,77,0.69,21.6,18.0,3.0,5,1,0,HIIT,1
186,155,83,0.5,20.0,28.4,3.5,4,1,0,Strength,1
186,136,75,0.51,24.3,24.0,4.0,5,1,0,Yoga,1
187,155,78,0.71,25.6,27.3,3.8,2,0,0,Strength,0
194,154,63,0.99,22.5,21.7,3.5,4,2,1,Strength,2
166,129,84,0.45,27.8,23.6,3.5,3,0,0,Yoga,0
194,156,69,0.74,15.6,30.5,3.3,5,2,1,Strength,2
172,147,73,0.38,25.7,30.2,3.6,3,0,0,Mixed,0
176,132,77,1.26,24.6,27.8,4.3,4,1,0,Yoga,1
186,148,61,0.93,9.1,24.8,3.4,7,3,1,Strength,3
173,128,73,0.83,17.5,26.1,3.9,4,1,0,Yoga,1
182,133,73,0.57,32.2,25.5,4.1,3,0,0,Yoga,0
185,133,70,0.58,26.1,23.3,3.7,2,0,0,Yoga,0
180,149,56,0.77,14.5,22.4,4.7,6,3,1,Mixed,3
175,149,73,0.99,26.3,28.5,4.4,2,0,0,Mixed,0
182,164,63,1.37,10.2,18.8,3.8,7,3,1,HIIT,3
180,164,74,0.64,20.7,29.9,3.5,2,0,0,HIIT,0
176,149,66,0.73,20.5,22.9,4.5,4,1,1,Mixed,1
188,133,65,0.6,22.1,18.7,3.3,4,1,0,Yoga,1
202,159,81,0.81,31.9,21.8,3.6,3,0,0,Cardio,0
167,153,69,0.83,22.1,20.5,3.0,3,1,0,HIIT,1
154,139,55,1.02,22.9,21.7,3.3,4,2,1,HIIT,2
191,147,65,0.9,13.2,21.6,3.9,5,2,1,Cardio,2
175,138,68,0.57,27.8,21.5,2.4,4,1,0,Cardio,1
177,160,66,0.62,19.0,22.8,3.7,7,2,1,HIIT,2
183,165,62,1.06,14.1,23.7,3.4,5,2,1,HIIT,2
205,168,81,0.79,26.6,27.1,3.0,3,0,0,Strength,0
173,142,69,0.9,25.9,23.0,4.0,4,1,0,Strength,1
158,120,74,0.36,27.3,25.3,3.2,2,0,0,Yoga,0
193,175,73,0.52,30.5,24.0,2.8,2,0,0,HIIT,0
170,154,67,0.73,22.3,26.2,3.5,5,2,1,HIIT,2
192,138,72,0.75,29.2,24.2,3.5,5,1,0,Yoga,1
168,123,68,0.7,21.7,21.4,3.6,3,1,0,Yoga,1
190,147,65,0.65,16.2,20.3,2.8,6,2,1,Cardio,2
186,170,74,0.54,25.2,24.8,2.8,2,0,0,HIIT,0
202,183,74,0.6,20.1,29.1,2.7,5,1,0,HIIT,1
184,142,64,0.84,20.8,23.1,3.3,4,1,0,Cardio,1
197,154,73,0.98,24.6,21.2,2.9,2,0,0,Cardio,0
187,144,64,0.95,13.3,23.0,3.2,5,2,1,Cardio,2
193,143,82,0.64,31.8,21.8,3.6,3,0,0,Yoga,0
199,161,71,0.91,18.7,21.3,3.8,6,2,1,Strength,2
173,156,62,1.39,15.9,18.2,4.8,7,3,1,HIIT,3
168,137,65,1.02,15.7,23.0,4.7,4,1,1,Strength,1
176,141,75,0.25,29.0,24.9,2.2,3,0,0,Cardio,0
200,165,84,0.45,19.9,19.7,3.1,3,0,0,Strength,0
196,166,74,0.7,30.8,20.5,4.4,2,0,0,Mixed,0
179,151,66,0.82,15.1,20.2,4.0,6,2,1,Mixed,2
188,155,76,0.51,23.0,18.5,3.3,3,0,0,Strength,0
196,152,71,0.74,26.8,20.2,3.3,3,0,0,Cardio,0
166,119,61,1.24,15.7,23.2,5.2,5,2,1,Yoga,2
187,158,71,0.51,27.5,18.6,3.5,3,0,0,Mixed,0
174,142,69,0.72,28.5,23.4,3.5,3,1,0,Strength,1
177,151,72,1.03,21.7,21.2,4.7,3,1,0,Mixed,1
191,174,76,0.59,21.8,20.3,2.4,3,0,0,HIIT,0
194,139,73,1.09,22.5,25.5,4.3,5,1,1,Yoga,1
157,132,85,0.32,16.8,21.4,2.8,3,0,0,Cardio,0
172,157,73,1.25,19.5,22.1,4.2,7,3,1,HIIT,3
190,150,75,0.57,29.7,29.2,3.0,2,0,0,Cardio,0
205,186,80,0.69,30.7,20.3,3.0,3,0,0,HIIT,0
197,166,73,0.88,21.1,30.3,3.9,5,1,0,Mixed,1
186,149,80,0.6,20.4,22.6,3.2,3,0,0,Cardio,0
190,148,70,0.94,23.3,19.5,3.1,5,2,1,Cardio,2
193,137,67,0.91,26.1,21.8,3.7,3,1,0,Yoga,1
187,172,85,0.44,25.3,24.3,3.4,3,0,0,HIIT,0
177,142,78,0.93,20.8,29.0,3.5,4,1,0,Cardio,1
188,161,80,0.5,21.8,27.2,3.6,2,0,0,Mixed,0
180,144,78,0.56,34.8,24.3,2.8,3,0,0,Cardio,0
171,156,72,0.79,21.8,29.0,3.3,4,1,0,HIIT,1
189,144,61,1.26,8.0,18.0,3.2,7,3,1,Cardio,3
193,139,74,0.89,23.3,25.0,3.7,3,1,0,Yoga,1
185,136,76,0.49,31.3,25.2,2.7,3,0,0,Yoga,0
170,154,67,0.88,21.5,25.3,3.7,7,2,1,HIIT,2
180,133,75,0.41,22.6,18.0,3.1,2,0,0,Yoga,0
175,130,74,0.41,28.5,19.9,3.0,3,0,0,Yoga,0
182,156,80,0.79,18.6,23.3,4.0,5,1,0,Mixed,1
164,141,71,0.52,23.5,28.5,3.4,3,1,0,Mixed,1
159,146,74,0.51,24.9,31.7,2.7,3,0,0,HIIT,0
205,185,71,0.58,27.7,21.3,3.6,3,1,0,HIIT,1
159,145,65,0.6,21.4,18.8,3.3,5,1,0,HIIT,1
191,150,75,0.86,24.5,27.3,3.0,3,1,0,Cardio,1
179,152,71,0.58,25.6,34.5,3.9,4,1,0,Mixed,1
182,152,64,1.04,14.1,28.4,4.7,7,2,1,Mixed,2
186,157,68,0.52,21.6,21.0,3.6,3,1,0,Mixed,1
185,168,68,0.72,21.7,35.0,3.0,3,0,0,HIIT,0
192,176,85,0.25,27.9,26.7,2.6,2,0,0,HIIT,0
201,138,62,1.19,13.6,20.8,4.6,7,3,1,Yoga,3
180,132,75,0.84,20.8,31.7,4.1,7,2,1,Yoga,2
185,149,64,0.95,13.5,20.5,4.2,4,2,1,Strength,2
191,159,63,1.5,19.5,21.5,4.8,5,3,1,Mixed,3
197,139,69,0.86,19.4,26.9,3.7,7,2,1,Yoga,2
163,120,68,1.11,21.4,23.9,4.2,5,2,1,Yoga,2
196,163,63,1.05,17.4,24.1,4.7,7,2,1,Mixed,2
174,137,67,0.25,24.9,24.2,1.7,3,0,0,Cardio,0
189,172,72,0.93,16.6,28.5,3.5,7,3,1,HIIT,3
185,144,67,1.15,17.2,18.0,3.8,3,1,1,Cardio,1
194,156,85,0.47,31.6,25.1,2.5,2,0,0,Cardio,0
166,138,73,0.68,34.5,22.8,3.5,3,0,0,Strength,0
201,169,73,0.99,11.6,21.0,4.7,7,2,1,Mixed,2
193,153,79,0.79,31.0,21.0,2.9,3,0,0,Cardio,0
163,133,79,0.92,23.0,18.0,3.1,3,0,0,Cardio,0
180,141,68,0.71,24.7,20.8,2.7,5,1,0,Cardio,1
184,142,64,0.88,17.8,29.2,3.0,7,2,1,Cardio,2
182,148,69,0.6,31.9,27.3,3.1,5,1,0,Strength,1
163,134,66,1.3,22.5,23.2,3.7,6,2,1,Strength,2
152,130,65,0.92,15.6,18.4,4.7,7,2,1,Mixed,2
194,146,58,1.5,12.6,27.3,3.8,6,3,1,Cardio,3
166,121,66,0.85,22.0,29.2,4.0,5,1,1,Yoga,1
179,138,61,1.2,18.8,28.1,3.6,5,2,1,Cardio,2
195,166,78,0.4,23.9,20.1,3.3,2,0,0,Mixed,0
183,133,71,0.28,32.7,20.5,3.3,3,0,0,Yoga,0
174,147,65,0.68,23.0,30.6,4.3,5,1,1,Mixed,1
162,141,76,0.67,31.6,19.2,4.3,2,0,0,Mixed,0
205,154,59,0.85,31.5,25.9,3.0,3,1,0,Cardio,1
197,179,75,0.54,24.3,18.0,3.4,2,0,0,HIIT,0
197,179,75,0.7,23.4,22.8,3.5,2,0,0,HIIT,0
182,140,63,1.22,13.6,26.3,3.2,7,3,1,Cardio,3
205,165,72,0.78,23.5,23.9,4.3,5,1,0,Strength,1
195,136,64,0.95,24.6,26.1,3.8,3,1,0,Yoga,1
194,157,69,0.93,22.7,19.1,3.4,5,1,0,Strength,1
159,121,73,0.99,18.4,20.7,4.5,4,1,1,Yoga,1
189,150,77,0.48,28.9,25.9,2.5,3,0,0,Cardio,0
187,169,66,0.95,26.8,26.8,3.1,4,1,0,HIIT,1
198,179,72,1.02,23.6,24.9,3.4,5,1,0,HIIT,1
168,146,80,0.46,29.9,27.8,4.3,3,0,0,Mixed,0
204,184,70,0.78,32.2,18.0,3.8,3,0,0,HIIT,0
193,133,60,0.64,21.5,22.1,3.3,5,1,1,Yoga,1
175,161,79,0.96,21.5,31.3,3.5,3,1,0,HIIT,1
187,169,67,1.15,15.8,29.1,3.6,7,2,1,HIIT,2
202,181,63,0.73,24.5,26.5,3.3,6,2,1,HIIT,2
182,149,73,0.54,27.2,23.4,3.4,2,0,0,Strength,0
189,153,71,0.46,24.8,28.1,3.0,4,1,0,Strength,1
171,140,65,1.19,11.8,25.7,4.1,7,3,1,Strength,3
201,136,57,1.09,22.6,18.0,4.7,5,2,1,Yoga,2
155,118,73,0.73,27.3,28.0,3.7,2,0,0,Yoga,0
186,150,83,0.42,28.9,20.5,2.8,3,0,0,Cardio,0
163,125,79,0.81,29.0,27.0,4.3,2,0,0,Yoga,0
191,148,69,1.44,20.1,18.0,4.0,5,2,1,Cardio,2
185,158,77,0.5,27.2,30.4,4.0,3,0,0,Mixed,0
194,163,72,1.08,22.1,22.9,4.2,3,1,0,Mixed,1
192,153,63,0.95,21.8,19.6,3.9,6,2,1,Strength,2
176,159,62,1.34,14.5,21.2,3.7,5,2,1,HIIT,2
161,136,79,0.91,20.9,22.7,3.5,3,0,0,Strength,0
158,128,72,0.55,21.8,24.0,3.0,2,0,0,Cardio,0
191,135,66,0.94,15.8,29.3,3.6,5,2,1,Yoga,2
188,135,71,0.85,23.2,24.3,3.6,3,1,0,Yoga,1
184,146,76,0.95,19.5,18.0,3.4,6,2,1,Cardio,2
189,160,74,0.77,27.0,19.1,3.6,2,0,0,Mixed,0
176,143,66,1.24,16.3,35.0,3.9,7,3,1,Strength,3
205,159,74,0.59,18.0,24.5,2.5,3,1,0,Cardio,1
193,163,74,0.41,34.7,27.8,3.1,2,0,0,Mixed,0
162,132,64,0.68,18.4,22.8,3.3,4,1,0,Strength,1
200,151,60,1.35,14.8,20.0,3.8,7,3,1,Cardio,3
155,119,74,0.78,29.1,22.1,3.8,3,1,0,Yoga,1
195,176,69,0.45,24.4,24.5,2.5,2,0,0,HIIT,0
171,157,74,1.11,25.4,22.2,3.4,4,1,0,HIIT,1
158,119,72,1.16,20.9,31.7,4.4,6,2,1,Yoga,2
182,166,75,0.61,22.6,21.5,2.8,3,0,0,HIIT,0
186,149,80,0.37,30.3,19.8,2.2,2,0,0,Cardio,0
205,147,76,0.48,29.0,27.2,3.4,3,0,0,Yoga,0
185,137,78,0.25,24.5,27.7,3.2,2,0,0,Yoga,0
205,187,82,0.65,20.1,24.1,2.8,3,0,0,HIIT,0
191,172,62,0.71,22.9,21.6,2.9,5,1,0,HIIT,1
204,140,61,1.09,19.8,18.0,4.3,7,2,1,Yoga,2
189,148,71,1.44,15.8,28.9,3.3,5,2,1,Cardio,2
184,157,77,0.71,23.7,27.5,4.5,4,1,0,Mixed,1
194,150,68,0.52,27.6,22.2,2.1,2,0,0,Cardio,0
168,135,73,1.12,15.8,24.2,3.6,6,2,1,Cardio,2
205,168,57,0.68,24.6,23.1,4.2,5,1,1,Mixed,1
190,146,63,0.94,16.1,30.5,3.1,7,3,1,Cardio,3
195,151,71,0.5,20.3,19.8,2.7,3,1,0,Cardio,1
181,132,71,0.42,22.9,21.5,3.4,3,0,0,Yoga,0
196,164,67,0.73,22.9,21.1,4.0,5,1,0,Mixed,1
205,172,72,0.64,21.8,25.2,3.7,2,0,0,Mixed,0
202,152,59,1.43,15.1,24.2,4.0,7,3,1,Cardio,3
189,155,75,1.0,24.6,24.8,3.5,7,2,1,Strength,2
163,140,69,1.04,20.2,20.5,4.4,5,2,1,Mixed,2
198,179,72,1.19,20.0,29.9,3.9,6,2,1,HIIT,2
188,159,73,0.72,23.5,22.2,3.9,3,0,0,Mixed,0
182,165,71,0.75,17.9,28.8,3.3,3,1,0,HIIT,1
185,166,60,1.26,28.0,35.0,3.5,6,2,1,HIIT,2
162,148,74,0.39,35.6,20.5,2.7,3,0,0,HIIT,0
174,146,62,0.93,8.0,25.4,4.4,6,2,1,Mixed,2
154,132,67,1.12,19.0,23.5,4.2,4,2,1,Mixed,2
195,139,71,0.86,26.2,32.1,3.4,3,0,0,Yoga,0
185,134,71,0.6,26.2,22.9,3.5,3,0,0,Yoga,0
182,164,62,0.94,11.8,25.0,3.3,6,3,1,HIIT,3
186,136,75,0.81,28.5,24.9,3.9,3,0,0,Yoga,0
184,150,71,0.64,29.9,23.6,3.3,3,0,0,Strength,0
183,130,66,0.68,28.9,27.0,3.7,3,1,0,Yoga,1
171,155,61,1.01,15.1,24.4,3.6,7,2,1,HIIT,2
178,138,64,1.18,9.6,25.9,3.1,7,3,1,Cardio,3
182,149,72,0.79,25.2,24.9,3.5,5,1,0,Strength,1
181,150,56,1.06,8.7,21.6,4.6,5,3,1,Mixed,3
202,161,66,0.7,27.0,22.9,3.1,4,1,0,Strength,1
197,149,59,1.19,24.7,26.2,3.5,7,2,1,Cardio,2
200,155,73,0.45,23.8,26.2,2.2,2,0,0,Cardio,0
179,163,71,0.95,14.5,29.0,3.7,5,1,1,HIIT,1
163,126,56,1.14,12.9,31.4,3.0,5,3,1,Cardio,3
162,143,85,0.47,25.7,21.9,4.0,2,0,0,Mixed,0
180,150,78,0.52,26.8,24.5,3.0,3,0,0,Strength,0
194,157,70,0.75,22.0,23.2,3.8,3,1,0,Strength,1
204,164,70,0.65,15.0,19.6,2.8,4,1,0,Strength,1
184,132,68,0.51,28.3,26.3,3.4,2,0,0,Yoga,0
155,125,55,1.31,20.1,27.1,4.6,7,3,1,Strength,3
178,143,77,0.81,16.9,19.7,3.0,5,1,0,Cardio,1
194,144,83,0.45,24.1,22.5,3.4,2,0,0,Yoga,0
196,154,55,0.92,8.0,22.1,3.9,5,3,1,Strength,3
181,150,77,0.7,18.6,18.0,3.9,2,0,0,Strength,0
202,143,72,0.95,19.3,23.9,5.0,4,2,1,Yoga,2
184,167,73,0.6,22.6,19.4,2.6,3,0,0,HIIT,0
167,142,83,0.9,22.5,24.6,4.2,2,0,0,Strength,0
170,155,74,0.85,27.0,25.1,3.5,4,1,0,HIIT,1
169,144,67,0.9,19.4,25.6,4.4,4,2,1,Mixed,2
184,148,64,1.03,30.3,25.8,3.9,6,2,1,Strength,2
183,135,75,0.49,29.4,30.1,4.1,3,0,0,Yoga,0
170,127,73,0.8,33.3,20.8,3.9,2,0,0,Yoga,0
188,157,66,1.09,21.8,21.0,4.6,6,2,1,Mixed,2
157,114,61,1.12,18.3,26.6,4.1,5,3,1,Yoga,3
181,140,63,1.15,15.6,23.5,3.7,6,2,1,Cardio,2
190,171,65,0.66,22.8,28.5,3.4,2,0,0,HIIT,0
157,126,69,0.85,21.8,26.2,3.5,5,1,0,Cardio,1
176,142,65,0.79,23.4,31.7,3.4,4,1,0,Strength,1
163,130,69,0.62,30.6,23.6,2.5,3,0,0,Cardio,0
176,159,67,0.91,25.7,18.1,2.9,5,1,0,HIIT,1
171,147,74,0.64,27.1,25.4,4.0,3,1,0,Mixed,1
195,163,69,0.88,22.8,23.7,4.2,3,0,0,Mixed,0
184,154,66,0.77,17.1,26.1,4.1,5,1,1,Mixed,1
164,142,74,0.71,20.9,26.7,3.6,5,1,0,Mixed,1
165,132,56,1.08,12.6,21.9,3.8,7,3,1,Strength,3
179,128,64,0.72,18.1,20.0,3.4,5,1,1,Yoga,1
170,146,74,0.95,22.2,23.4,4.0,4,1,0,Mixed,1
170,136,74,0.59,26.3,18.0,2.3,2,0,0,Cardio,0
196,152,70,0.73,27.3,24.3,3.0,4,1,0,Cardio,1
156,119,74,0.72,28.8,22.4,3.7,2,0,0,Yoga,0
173,158,77,0.56,27.4,27.4,3.2,3,0,0,HIIT,0
178,163,78,0.53,33.7,18.0,2.2,3,0,0,HIIT,0
198,166,69,0.58,19.3,24.0,4.0,3,1,0,Mixed,1
188,144,63,0.66,21.3,30.3,2.8,5,1,0,Cardio,1
168,122,66,0.94,21.7,26.7,4.2,7,2,1,Yoga,2
165,150,68,0.59,23.7,27.9,3.1,5,1,0,HIIT,1
168,145,74,1.09,23.7,25.4,4.7,3,1,0,Mixed,1
179,152,71,0.7,21.2,18.0,4.3,2,0,0,Mixed,0
165,120,63,0.95,16.5,24.7,4.5,7,2,1,Yoga,2
185,144,68,0.76,32.4,25.6,3.3,3,0,0,Cardio,0
179,163,74,0.72,23.4,19.7,3.2,3,1,0,HIIT,1
198,180,81,1.05,17.2,23.5,3.8,3,0,0,HIIT,0
176,136,63,1.21,17.3,18.0,3.0,4,2,1,Cardio,2
199,152,64,1.18,10.2,22.7,3.5,6,2,1,Cardio,2
172,145,61,1.15,9.1,22.3,4.7,4,2,1,Mixed,2
197,153,71,0.29,24.0,29.6,2.4,2,0,0,Cardio,0
199,160,68,0.97,18.6,21.6,4.0,6,2,1,Strength,2
180,127,62,0.65,25.7,22.9,3.6,6,2,1,Yoga,2
169,128,77,0.69,23.2,23.7,3.2,3,0,0,Yoga,0
167,135,75,0.62,27.8,21.6,3.1,3,0,0,Cardio,0
198,144,79,0.87,32.9,26.9,4.0,2,0,0,Yoga,0
167,141,63,1.18,17.3,18.0,4.2,7,2,1,Mixed,2
180,165,80,0.43,28.8,28.5,2.9,2,0,0,HIIT,0
205,187,84,0.25,27.6,24.0,2.6,3,0,0,HIIT,0
156,116,66,0.52,17.5,29.2,3.4,3,0,0,Yoga,0
184,144,70,0.62,29.5,18.0,2.7,5,1,0,Cardio,1
188,137,75,0.56,17.0,18.0,3.3,3,0,0,Yoga,0
161,131,61,0.87,20.3,22.8,3.5,6,2,1,Strength,2
170,147,77,0.78,29.0,26.0,3.9,3,0,0,Mixed,0
189,140,81,0.81,30.7,21.8,4.3,3,0,0,Yoga,0
178,148,60,0.64,26.4,26.3,3.8,3,1,0,Mixed,1
191,144,55,1.73,17.9,27.9,4.5,6,3,1,Cardio,3
199,153,68,1.14,14.6,26.7,3.3,6,3,1,Cardio,3
201,169,74,0.44,25.3,24.4,3.7,3,0,0,Mixed,0
167,126,75,0.88,32.7,24.4,3.7,2,0,0,Yoga,0
174,136,65,1.09,16.1,21.5,3.1,4,1,1,Cardio,1
196,160,75,0.62,21.0,23.8,3.5,2,0,0,Strength,0
177,147,77,1.02,25.5,19.9,3.7,4,1,0,Strength,1
197,166,72,0.68,20.2,20.9,4.4,4,1,0,Mixed,1
167,138,71,0.71,20.0,26.1,3.7,4,1,0,Strength,1
175,145,55,1.28,12.6,22.1,5.3,6,3,1,Mixed,3
187,138,79,0.6,22.7,21.0,3.2,3,0,0,Yoga,0
174,159,70,0.64,20.3,25.8,3.4,5,1,0,HIIT,1
175,137,67,0.84,18.0,25.5,3.7,4,1,1,Cardio,1
201,156,73,0.82,21.7,23.1,2.7,4,1,0,Cardio,1
188,133,66,0.76,25.2,23.4,3.7,3,1,0,Yoga,1
167,120,63,1.36,9.8,25.7,4.3,7,3,1,Yoga,3
179,128,66,1.52,18.4,27.9,5.0,7,3,1,Yoga,3
198,154,71,0.6,14.9,24.8,2.6,4,1,0,Cardio,1
198,165,68,0.98,23.7,19.2,4.6,4,1,1,Mixed,1
167,137,67,1.27,14.9,23.1,4.0,3,1,1,Strength,1
181,141,67,0.66,11.2,22.4,2.6,7,2,1,Cardio,2
190,172,73,0.75,28.5,19.8,3.5,2,0,0,HIIT,0
163,143,82,0.88,27.1,26.0,4.3,4,1,0,Mixed,1
189,132,63,0.78,16.4,26.3,3.6,5,1,1,Yoga,1
192,174,69,0.59,22.6,26.9,2.9,3,1,0,HIIT,1
201,164,76,0.7,27.1,20.0,3.4,3,0,0,Strength,0
161,133,66,1.16,19.6,24.6,3.8,4,2,1,Strength,2
190,147,67,0.76,19.3,24.0,3.0,4,1,0,Cardio,1
178,153,81,0.61,19.3,25.2,4.5,2,0,0,Mixed,0
177,161,73,0.4,26.8,24.5,2.8,5,1,0,HIIT,1
173,126,69,1.11,18.0,23.9,4.0,5,2,1,Yoga,2
192,131,57,1.03,17.3,23.5,3.7,6,3,1,Yoga,3
187,170,73,0.56,32.5,28.4,2.8,2,0,0,HIIT,0
178,143,77,0.42,19.1,20.6,2.6,3,0,0,Cardio,0
169,154,69,0.5,28.2,23.3,3.2,3,0,0,HIIT,0
194,161,63,1.35,17.7,28.3,4.4,7,3,1,Mixed,3
170,122,64,0.75,19.2,20.8,3.5,7,2,1,Yoga,2
194,140,75,0.78,22.0,21.0,3.9,3,1,0,Yoga,1
165,151,73,0.51,32.0,26.9,2.3,3,0,0,HIIT,0
188,150,79,1.05,20.1,18.3,3.4,3,1,0,Cardio,1
192,148,67,0.97,22.4,26.6,3.6,5,2,1,Cardio,2
192,153,63,0.95,17.0,22.0,3.7,7,3,1,Strength,3
198,158,67,0.8,26.5,25.6,3.8,4,1,0,Strength,1
188,169,61,0.91,19.2,19.1,3.1,7,3,1,HIIT,3
155,143,72,0.72,21.9,28.7,3.4,2,0,0,HIIT,0
193,134,62,0.45,25.2,19.1,3.5,3,1,0,Yoga,1
166,118,59,1.22,17.5,26.9,4.3,7,3,1,Yoga,3
199,180,76,0.95,26.2,19.3,3.6,3,1,0,HIIT,1
163,134,65,0.87,21.3,31.2,4.1,7,2,1,Strength,2
177,136,59,1.51,18.0,23.7,3.6,6,3,1,Cardio,3
163,121,68,0.81,17.7,31.8,3.5,5,1,1,Yoga,1
165,129,85,0.25,23.6,20.7,3.0,2,0,0,Yoga,0
191,154,68,0.88,23.9,22.2,3.3,5,2,1,Strength,2
169,137,62,1.06,19.1,28.8,3.7,3,1,1,Strength,1
187,143,62,1.03,18.5,18.3,2.8,7,2,1,Cardio,2
205,157,68,0.25,23.5,21.2,2.3,4,1,0,Cardio,1
196,135,61,1.22,20.4,26.0,4.5,4,2,1,Yoga,2
201,180,60,1.19,18.3,19.9,3.5,5,3,1,HIIT,3
191,159,62,1.05,17.8,26.1,5.3,7,2,1,Mixed,2
175,141,62,0.79,18.1,24.7,4.1,7,2,1,Strength,2
178,162,71,0.75,19.5,18.0,3.2,3,1,0,HIIT,1
172,145,62,0.69,31.0,27.9,4.7,4,1,0,Mixed,1
173,144,55,1.24,17.8,19.0,4.9,7,3,1,Mixed,3
181,134,76,0.83,22.2,27.1,4.7,3,1,0,Yoga,1
176,144,69,1.24,26.0,24.5,4.0,5,2,1,Strength,2
154,134,72,0.92,16.7,22.2,4.5,5,1,1,Mixed,1
158,145,72,0.91,22.9,19.6,3.9,4,1,0,HIIT,1
190,152,64,1.06,26.0,25.3,3.5,4,2,1,Strength,2
173,150,80,1.03,19.0,20.5,4.4,6,2,1,Mixed,2
192,162,71,1.1,24.8,28.8,4.8,4,1,1,Mixed,1
176,162,83,0.75,25.9,29.0,3.4,5,1,0,HIIT,1
191,143,85,0.36,27.3,30.6,3.1,3,0,0,Yoga,0
162,131,72,0.46,24.8,25.1,2.4,3,1,0,Cardio,1
189,137,74,0.38,30.4,22.4,3.4,2,0,0,Yoga,0
165,122,70,1.04,19.2,22.8,4.4,5,1,1,Yoga,1
153,120,58,1.18,13.0,22.5,3.4,5,3,1,Cardio,3
173,140,62,1.27,15.7,25.0,3.4,7,3,1,Strength,3
204,172,73,0.7,24.0,25.7,4.1,3,1,0,Mixed,1
182,148,69,0.61,28.0,28.9,3.5,2,0,0,Strength,0
163,135,83,0.71,23.6,24.1,3.1,3,1,0,Cardio,1
163,129,66,0.77,22.2,18.4,2.9,4,1,0,Cardio,1
171,119,57,0.83,23.9,22.4,3.9,3,1,1,Yoga,1
202,164,75,0.64,25.8,30.2,3.5,2,0,0,Strength,0
201,168,69,0.32,27.1,18.0,3.7,3,0,0,Mixed,0
194,175,70,0.8,18.5,27.0,3.5,4,1,0,HIIT,1
177,131,75,0.4,29.3,22.4,3.6,2,0,0,Yoga,0
167,140,77,0.37,27.2,20.5,3.2,3,0,0,Strength,0
204,142,65,1.22,12.2,25.6,4.5,7,3,1,Yoga,3
164,127,60,0.76,23.5,30.2,2.8,4,2,1,Cardio,2
174,159,73,0.36,24.1,25.4,2.1,2,0,0,HIIT,0
183,147,78,0.43,28.2,22.9,2.6,3,0,0,Cardio,0
169,123,67,0.57,27.1,18.8,3.8,3,1,0,Yoga,1
157,134,66,0.25,26.5,23.6,4.1,3,0,0,Mixed,0
187,152,68,0.99,14.7,18.7,3.4,6,2,1,Strength,2
189,152,67,0.86,25.2,22.8,4.1,5,1,0,Strength,1
171,145,67,1.06,15.5,23.7,3.9,5,1,1,Mixed,1
170,142,76,0.57,25.7,18.0,3.3,3,0,0,Strength,0
197,179,75,0.54,24.3,29.6,2.7,2,0,0,HIIT,0
166,141,65,1.26,13.4,19.0,5.2,7,3,1,Mixed,3
203,138,59,1.18,20.5,23.3,4.6,4,2,1,Yoga,2
150,115,71,1.48,14.5,26.1,4.9,7,3,1,Yoga,3
197,176,58,1.06,25.6,29.2,3.6,6,2,1,HIIT,2
161,133,68,1.11,18.2,20.8,3.4,4,1,1,Strength,1
204,158,71,0.88,28.5,18.0,3.2,2,0,0,Cardio,0
202,140,65,0.88,12.9,28.3,3.8,6,2,1,Yoga,2
165,139,60,0.64,16.0,19.0,3.8,7,3,1,Mixed,3
186,153,76,0.39,32.6,25.4,2.9,2,0,0,Strength,0
198,167,71,0.7,16.3,25.7,3.8,5,1,0,Mixed,1
171,144,82,0.47,25.2,18.0,2.8,3,0,0,Strength,0
180,129,66,0.93,13.7,18.0,3.9,7,2,1,Yoga,2
194,165,77,0.59,26.3,22.2,3.9,4,1,0,Mixed,1
194,159,55,1.32,18.9,18.0,4.9,7,3,1,Mixed,3
200,179,64,0.46,29.9,18.6,2.9,3,0,0,HIIT,0
173,140,61,1.16,14.6,24.5,4.1,6,3,1,Strength,3
182,134,77,0.58,27.2,23.6,3.9,3,0,0,Yoga,0
182,166,72,0.68,24.2,25.2,3.3,2,0,0,HIIT,0
158,146,75,0.72,29.3,25.8,3.4,2,0,0,HIIT,0
171,139,80,0.74,30.9,18.0,2.6,2,0,0,Cardio,0
178,133,78,0.74,20.4,18.9,3.5,3,0,0,Yoga,0
181,142,68,1.19,23.0,27.0,3.3,5,1,1,Cardio,1
193,155,66,1.01,14.5,30.1,3.9,7,2,1,Strength,2
169,153,64,1.23,9.0,20.1,4.3,6,3,1,HIIT,3
168,121,64,0.81,27.2,25.0,3.8,5,1,0,Yoga,1
172,147,71,0.61,26.0,27.2,4.0,3,0,0,Mixed,0
204,185,80,0.56,28.4,25.0,2.7,2,0,0,HIIT,0
193,134,61,0.66,16.6,23.0,3.9,3,1,1,Yoga,1
183,164,60,0.81,20.5,21.4,3.0,7,2,1,HIIT,2
173,140,64,0.86,24.2,31.9,3.4,3,1,0,Strength,1
171,127,75,0.56,24.2,24.4,3.0,5,1,0,Yoga,1
160,133,70,0.52,20.2,25.6,3.4,3,0,0,Strength,0
183,134,74,0.99,20.6,25.3,4.0,3,1,0,Yoga,1
205,164,68,0.78,24.7,20.8,3.6,3,1,0,Strength,1
168,137,79,0.73,20.8,24.2,3.0,4,1,0,Cardio,1
163,124,76,0.66,27.8,22.7,4.1,3,0,0,Yoga,0
197,162,80,0.77,27.8,22.6,3.3,3,0,0,Strength,0
173,123,62,0.97,8.5,25.3,4.4,5,3,1,Yoga,3
161,138,68,0.82,16.5,20.3,4.6,3,1,1,Mixed,1
191,160,65,0.62,19.2,19.2,3.9,4,2,1,Mixed,2
185,152,75,0.74,27.1,26.0,3.5,3,0,0,Strength,0
190,159,68,0.77,23.4,21.9,4.0,3,1,0,Mixed,1
167,139,74,1.04,23.3,22.6,3.7,3,1,0,Strength,1
161,142,85,0.83,29.2,18.0,4.2,3,0,0,Mixed,0
202,183,71,0.78,24.7,27.9,3.7,4,1,0,HIIT,1
171,156,74,0.64,24.3,26.1,3.5,5,1,0,HIIT,1
166,126,78,0.63,33.0,26.8,3.5,2,0,0,Yoga,0
176,142,62,0.64,27.3,25.5,3.5,2,0,0,Strength,0
194,163,72,0.76,20.0,18.0,3.8,3,1,0,Mixed,1
175,129,72,0.95,28.5,24.9,4.3,5,1,0,Yoga,1
189,171,69,0.91,28.3,21.6,3.3,2,0,0,HIIT,0
167,150,56,1.09,15.6,20.1,3.7,7,2,1,HIIT,2
158,130,67,1.07,18.0,26.0,4.0,4,2,1,Strength,2
164,149,68,1.5,16.0,30.6,3.7,6,3,1,HIIT,3
178,129,68,0.9,29.7,30.0,3.9,4,1,0,Yoga,1
163,123,73,0.62,22.8,26.5,3.7,3,0,0,Yoga,0
182,132,72,1.15,13.8,23.9,4.1,7,3,1,Yoga,3
180,145,79,0.33,23.8,23.1,2.4,3,0,0,Cardio,0
205,161,59,1.16,17.5,20.4,4.0,5,2,1,Strength,2
197,178,71,0.8,23.9,22.9,2.6,3,0,0,HIIT,0
199,158,81,0.61,16.6,27.6,2.9,3,1,0,Cardio,1
194,135,62,0.87,20.0,31.3,4.2,6,2,1,Yoga,2
184,149,67,0.47,24.5,20.7,3.5,5,1,0,Strength,1
201,156,73,0.71,22.1,18.0,3.1,4,1,0,Cardio,1
177,159,59,1.36,15.7,21.9,4.2,7,3,1,HIIT,3
159,147,77,0.64,27.3,27.6,2.6,2,0,0,HIIT,0
175,151,76,0.72,21.7,32.3,4.2,3,0,0,Mixed,0
170,137,59,1.1,22.4,29.2,3.2,5,3,1,Strength,3
162,140,76,0.67,25.9,29.1,3.4,5,1,0,Mixed,1
172,123,64,0.96,25.2,20.6,4.7,4,1,1,Yoga,1
184,167,71,0.75,25.8,20.7,3.2,4,1,0,HIIT,1
180,131,72,0.48,25.9,18.7,3.6,2,0,0,Yoga,0
191,164,83,0.62,25.8,21.3,3.7,3,0,0,Mixed,0
194,176,74,0.39,22.4,27.7,2.6,2,0,0,HIIT,0
188,157,85,0.72,29.4,30.5,3.7,3,0,0,Strength,0
178,139,68,0.73,17.7,25.4,2.7,5,1,0,Cardio,1
205,144,71,0.62,15.4,23.0,3.6,4,1,0,Yoga,1
186,136,75,0.37,23.8,19.7,3.3,5,1,0,Yoga,1
168,153,70,0.54,27.3,23.5,2.7,2,0,0,HIIT,0
160,149,83,0.55,21.8,24.8,2.8,3,0,0,HIIT,0
177,150,70,0.74,26.3,18.1,4.3,4,1,0,Mixed,1
205,145,72,0.48,23.7,27.7,3.2,5,1,0,Yoga,1
176,132,78,0.65,24.0,22.3,3.7,3,0,0,Yoga,0
187,134,70,0.93,20.5,27.4,4.2,5,1,1,Yoga,1
196,152,71,0.32,26.9,24.0,2.3,2,0,0,Cardio,0
185,136,75,0.53,30.5,25.2,3.5,2,0,0,Yoga,0
202,165,55,0.98,8.0,21.2,4.3,6,3,1,Mixed,3
168,123,68,0.5,25.3,22.6,2.7,2,0,0,Yoga,0
173,144,59,0.92,10.5,26.6,4.6,5,3,1,Mixed,3
182,165,68,1.37,18.4,23.5,4.1,7,3,1,HIIT,3
183,156,73,0.72,17.6,19.6,3.9,7,2,1,Mixed,2
188,137,75,0.64,19.8,24.4,3.5,5,1,0,Yoga,1
187,148,57,0.85,14.6,25.5,3.4,7,2,1,Strength,2
180,162,62,1.31,19.3,29.5,3.8,5,3,1,HIIT,3
191,146,61,1.15,17.5,28.6,3.4,4,2,1,Cardio,2
171,137,75,0.68,31.7,23.7,2.6,3,0,0,Cardio,0
183,152,80,0.48,34.1,21.8,2.9,2,0,0,Strength,0
194,159,78,0.25,27.1,23.1,2.9,2,0,0,Strength,0
180,165,81,0.5,20.4,21.9,3.4,3,0,0,HIIT,0
166,122,68,0.32,30.4,26.0,3.8,3,0,0,Yoga,0
194,174,65,0.79,21.3,28.2,4.1,5,1,1,HIIT,1
187,149,78,0.82,25.3,29.0,2.5,3,1,0,Cardio,1
175,160,73,0.71,17.9,22.4,3.4,4,2,0,HIIT,2
190,138,75,0.78,29.0,22.0,4.1,3,0,0,Yoga,0
196,142,75,0.74,29.0,22.3,3.9,2,0,0,Yoga,0
162,130,71,0.98,19.7,18.0,3.3,7,2,1,Cardio,2
169,145,73,0.86,17.1,19.2,4.1,3,1,0,Mixed,1
179,140,68,1.25,12.5,23.9,3.1,5,2,1,Cardio,2
189,158,65,0.72,14.9,25.5,3.9,3,1,0,Mixed,1
200,142,71,1.21,15.7,26.0,4.7,6,2,1,Yoga,2
194,136,64,0.97,14.4,20.9,4.1,7,2,1,Yoga,2
169,119,58,0.74,18.3,22.0,3.9,6,2,1,Yoga,2
193,157,71,0.54,26.3,22.9,3.2,3,0,0,Strength,0
203,181,57,1.29,17.7,22.5,3.8,5,3,1,HIIT,3
190,162,77,0.7,22.5,26.8,3.6,4,1,0,Mixed,1
165,151,72,1.06,21.9,18.8,3.6,3,0,0,HIIT,0
159,145,67,1.2,21.7,19.4,3.6,4,2,1,HIIT,2
165,128,59,1.01,28.6,22.8,3.8,5,1,1,Cardio,1
191,152,80,1.07,23.6,18.5,3.3,2,0,0,Cardio,0
162,136,61,0.98,18.7,18.0,4.6,6,2,1,Mixed,2
197,154,72,0.73,19.8,18.0,3.4,4,1,0,Cardio,1
192,148,67,1.17,17.0,23.0,3.5,4,2,1,Cardio,2
188,158,68,1.03,24.7,26.5,4.6,6,2,1,Mixed,2
156,144,77,0.47,20.5,26.6,3.2,2,0,0,HIIT,0
176,147,80,0.72,17.1,30.4,3.8,5,1,0,Strength,1
185,168,71,0.42,23.5,24.4,2.2,5,1,0,HIIT,1
195,167,81,0.89,17.8,24.9,4.4,3,1,0,Mixed,1
205,186,78,0.75,28.0,23.0,3.1,2,0,0,HIIT,0
172,137,71,1.15,29.0,23.2,2.8,3,1,0,Cardio,1
164,135,69,1.28,14.0,32.3,4.3,4,2,1,Strength,2
191,133,61,1.58,16.7,25.0,5.1,7,3,1,Yoga,3
184,147,77,0.62,28.9,25.4,2.6,3,0,0,Cardio,0
172,148,77,0.66,24.7,19.4,3.9,3,0,0,Mixed,0
182,154,71,0.71,21.4,25.6,4.4,3,1,0,Mixed,1
194,177,85,0.6,26.6,26.6,3.2,2,0,0,HIIT,0
189,141,81,0.87,24.2,28.4,3.3,3,1,0,Yoga,1
195,135,62,1.3,8.0,26.5,4.7,6,3,1,Yoga,3
160,148,81,0.45,27.4,23.5,3.5,2,0,0,HIIT,0
161,131,76,0.84,20.5,23.3,3.3,3,1,0,Cardio,1
173,144,75,0.56,19.7,23.7,4.0,5,1,0,Strength,1
188,138,78,0.71,29.8,24.4,3.7,2,0,0,Yoga,0
159,147,78,0.73,23.9,29.1,3.1,3,0,0,HIIT,0
173,140,63,1.42,19.6,28.3,4.5,6,3,1,Strength,3
191,173,71,0.51,20.6,27.0,3.3,2,0,0,HIIT,0
187,152,70,1.14,21.8,32.1,4.3,3,1,0,Strength,1
165,136,69,0.31,24.3,18.0,2.9,2,0,0,Strength,0
170,134,68,0.84,8.6,22.2,3.0,7,2,1,Cardio,2
164,142,77,0.87,23.8,24.0,4.5,3,0,0,Mixed,0
202,171,78,0.52,26.4,21.3,3.9,3,0,0,Mixed,0
175,128,71,0.75,22.2,20.3,3.9,3,0,0,Yoga,0
193,165,80,0.64,19.5,18.0,4.3,3,0,0,Mixed,0
199,138,62,1.22,15.8,22.8,4.1,6,3,1,Yoga,3
196,144,81,1.13,19.3,27.6,4.5,3,1,0,Yoga,1
174,142,69,0.74,19.1,27.1,3.3,5,2,1,Strength,2
182,126,57,1.32,13.4,21.0,4.7,7,3,1,Yoga,3
174,158,68,0.51,24.3,24.9,2.9,2,0,0,HIIT,0
187,169,61,1.24,14.7,29.4,4.1,7,3,1,HIIT,3
170,137,60,0.83,18.7,18.0,3.7,7,2,1,Strength,2
187,145,66,0.81,22.3,23.4,3.2,4,1,0,Cardio,1
162,132,60,1.12,22.5,25.1,3.9,7,2,1,Strength,2
183,149,72,0.8,30.7,24.0,3.9,2,0,0,Strength,0
186,160,82,0.56,25.0,27.4,3.9,2,0,0,Mixed,0
191,161,70,0.46,22.2,18.0,3.6,3,0,0,Mixed,0
182,145,58,1.05,20.4,20.0,3.9,5,3,1,Strength,3
183,166,68,0.84,20.5,26.7,3.5,2,0,0,HIIT,0
199,156,55,1.19,17.3,18.0,4.4,6,3,1,Strength,3
163,150,74,0.52,28.6,27.2,2.7,2,0,0,HIIT,0
182,142,66,1.16,20.4,25.8,4.0,5,2,1,Cardio,2
166,139,59,1.01,14.3,27.0,4.8,6,2,1,Mixed,2
205,138,55,1.06,12.2,22.1,4.0,7,3,1,Yoga,3
205,184,66,0.56,29.4,26.0,2.9,2,0,0,HIIT,0
160,147,76,0.59,30.0,19.3,3.1,3,0,0,HIIT,0
176,139,70,0.55,13.2,22.3,2.7,7,2,1,Cardio,2
164,137,55,1.12,8.0,24.1,4.5,7,3,1,Mixed,3
162,140,72,0.35,24.7,20.4,3.7,3,0,0,Mixed,0
156,136,75,0.93,28.5,24.9,4.5,5,1,0,Mixed,1
203,183,74,0.64,32.9,19.4,2.5,3,0,0,HIIT,0
177,149,64,1.0,25.5,25.1,4.3,5,2,1,Mixed,2
167,142,67,1.32,22.1,31.0,5.3,5,2,1,Mixed,2
185,130,63,1.13,24.4,19.0,4.0,5,2,1,Yoga,2
176,159,66,0.48,16.7,23.9,3.3,4,1,0,HIIT,1
185,169,77,0.55,23.4,18.0,2.7,2,0,0,HIIT,0
181,152,63,0.8,16.6,20.7,4.2,4,1,1,Mixed,1
198,156,57,1.2,20.3,26.8,3.5,6,2,1,Strength,2
180,149,57,1.28,17.0,22.3,4.6,7,3,1,Mixed,3
181,165,74,0.86,16.6,27.0,3.4,4,1,0,HIIT,1
197,180,81,0.72,20.8,25.4,3.3,2,0,0,HIIT,0
185,135,73,0.25,21.6,23.7,2.9,3,0,0,Yoga,0
205,157,69,0.77,8.0,19.9,2.3,7,2,1,Cardio,2
177,152,77,1.02,16.7,26.7,4.8,5,1,1,Mixed,1
180,140,65,0.96,17.9,25.2,3.2,6,2,1,Cardio,2
193,164,78,0.44,25.4,18.0,3.9,3,0,0,Mixed,0
161,127,84,0.61,20.3,20.1,3.1,3,0,0,Yoga,0
158,122,56,1.48,17.7,18.0,3.5,5,3,1,Cardio,3
177,143,64,0.97,18.9,18.5,3.7,7,2,1,Strength,2
192,164,78,0.97,22.9,22.7,4.2,5,1,0,Mixed,1
191,160,65,0.6,23.6,19.8,4.0,3,1,0,Mixed,1
180,126,61,1.35,18.1,20.7,5.1,7,3,1,Yoga,3
198,166,72,0.36,22.6,29.6,4.1,3,0,0,Mixed,0
165,123,72,0.4,11.5,28.1,3.6,6,2,1,Yoga,2
180,152,69,0.96,22.7,21.2,4.1,2,0,0,Mixed,0
180,150,60,1.16,14.6,27.2,4.1,7,3,1,Mixed,3
200,160,65,1.19,27.9,28.9,3.9,3,1,0,Strength,1
158,143,63,0.87,19.8,26.5,3.5,5,1,1,HIIT,1
188,155,56,1.03,14.4,25.2,4.3,6,2,1,Mixed,2
205,172,74,0.25,32.5,28.4,3.1,3,0,0,Mixed,0
188,149,77,0.66,19.8,27.1,3.0,3,0,0,Cardio,0
167,123,70,1.26,20.6,19.1,4.5,5,1,1,Yoga,1
170,145,71,0.9,17.0,23.2,4.1,3,1,0,Mixed,1
161,134,73,0.98,24.5,21.8,4.2,3,0,0,Strength,0
201,169,75,0.99,22.8,28.6,4.3,4,1,0,Mixed,1
167,127,79,0.68,24.7,21.7,3.1,3,0,0,Yoga,0
175,149,71,0.32,16.2,21.0,3.3,5,1,0,Mixed,1
185,142,61,0.88,17.0,28.1,3.1,7,3,1,Cardio,3
168,125,73,0.56,27.8,25.0,3.8,3,0,0,Yoga,0
186,171,85,0.82,26.1,32.4,3.0,2,0,0,HIIT,0
202,157,74,0.79,18.4,20.6,2.8,5,1,0,Cardio,1
172,141,69,1.02,27.1,21.9,4.1,3,1,0,Strength,1
183,130,64,0.72,19.7,28.5,3.8,6,2,1,Yoga,2
202,163,73,0.77,33.7,18.9,3.6,2,0,0,Strength,0
204,170,69,0.72,28.5,29.3,3.7,3,1,0,Mixed,1
176,140,71,0.71,18.1,19.2,2.5,4,1,0,Cardio,1
179,151,66,0.69,23.1,26.4,4.5,2,0,0,Mixed,0
202,181,64,0.49,15.5,18.0,3.1,6,2,1,HIIT,2
181,164,64,0.78,15.8,24.2,3.2,7,2,1,HIIT,2
165,133,75,1.12,22.5,18.5,3.3,3,0,0,Cardio,0
187,170,71,0.8,23.5,31.7,3.3,5,1,0,HIIT,1
189,155,75,0.9,22.2,19.7,3.6,3,0,0,Strength,0
179,151,67,0.79,18.8,20.7,4.3,7,2,1,Mixed,2
187,159,74,0.36,20.3,26.1,3.7,3,0,0,Mixed,0
165,127,80,0.62,23.6,21.6,4.0,3,0,0,Yoga,0
180,163,63,1.06,11.7,26.8,4.0,5,3,1,HIIT,3
194,155,81,0.83,12.4,21.2,3.0,3,1,0,Cardio,1
165,133,74,0.96,24.7,20.8,3.3,5,1,0,Cardio,1
172,134,61,1.39,14.0,23.9,3.7,6,2,1,Cardio,2
194,162,64,0.97,16.7,19.1,4.3,6,2,1,Mixed,2
199,166,67,0.99,14.1,25.6,4.3,4,1,1,Mixed,1
187,158,70,0.85,29.3,27.5,4.5,5,1,0,Mixed,1
176,149,65,1.13,11.5,26.2,4.7,6,3,1,Mixed,3
191,138,73,0.46,21.5,26.6,3.1,3,0,0,Yoga,0
184,127,57,1.24,17.2,18.0,4.3,6,3,1,Yoga,3
185,150,68,0.87,14.7,22.2,3.7,4,2,1,Strength,2
175,148,66,0.78,27.2,23.1,3.9,4,1,0,Mixed,1
174,143,71,0.65,20.3,29.8,3.6,2,0,0,Strength,0
182,156,77,0.25,31.8,21.7,3.1,3,0,0,Mixed,0
177,148,61,0.57,27.1,18.0,4.1,4,1,0,Mixed,1
181,140,63,1.2,19.3,20.0,3.7,6,2,1,Cardio,2
190,172,69,1.0,13.8,21.4,3.3,6,2,1,HIIT,2
192,153,61,0.96,23.1,18.0,4.1,3,1,1,Strength,1
205,182,55,0.99,19.8,27.9,4.2,6,3,1,HIIT,3
175,157,55,1.18,19.4,18.0,3.6,6,3,1,HIIT,3
197,155,56,0.49,20.5,25.8,3.2,3,1,0,Strength,1
195,145,84,0.86,25.4,19.6,3.9,3,0,0,Yoga,0
174,138,71,1.06,23.9,30.0,3.4,3,1,0,Cardio,1
168,120,62,0.93,17.4,22.9,4.2,7,2,1,Yoga,2
181,145,64,0.36,17.7,22.1,3.6,4,1,0,Strength,1
181,138,85,1.12,26.6,26.1,4.0,3,0,0,Yoga,0
167,137,68,1.19,22.5,20.0,4.0,5,2,1,Strength,2
164,119,64,1.13,17.9,26.3,3.8,6,2,1,Yoga,2
183,154,66,1.4,10.1,22.1,5.4,6,3,1,Mixed,3
172,147,72,0.88,21.2,21.6,4.5,5,1,1,Mixed,1
163,131,57,1.12,20.3,23.6,3.8,5,3,1,Strength,3
165,151,72,0.37,32.3,19.6,2.7,2,0,0,HIIT,0
182,138,57,1.43,14.4,23.2,3.8,5,3,1,Cardio,3
198,178,65,0.69,30.2,25.4,2.5,5,1,0,HIIT,1
161,120,71,0.74,19.5,18.0,3.9,4,2,1,Yoga,2
171,142,57,1.1,10.9,28.4,4.6,7,3,1,Mixed,3
200,157,77,0.76,26.8,27.3,3.0,3,1,0,Cardio,1
165,128,61,1.08,20.0,18.0,3.2,7,2,1,Cardio,2
199,163,57,1.26,22.1,18.0,5.1,7,3,1,Mixed,3
154,132,68,0.93,28.2,27.4,4.3,5,1,1,Mixed,1
185,143,66,0.54,23.7,27.1,2.2,5,1,0,Cardio,1
192,159,57,1.4,13.8,26.5,5.3,7,3,1,Mixed,3
194,150,68,1.05,23.1,18.3,2.8,4,2,0,Cardio,2
169,143,66,1.27,15.2,31.3,4.6,5,3,1,Mixed,3
190,136,71,1.05,18.5,21.0,4.2,3,1,1,Yoga,1
192,159,59,0.92,17.5,25.0,4.3,5,2,1,Mixed,2
182,166,72,0.7,24.8,25.0,2.7,3,0,0,HIIT,0
172,147,72,0.74,27.3,30.4,4.1,2,0,0,Mixed,0
178,162,74,0.47,17.7,24.5,3.4,7,2,1,HIIT,2
203,165,75,0.62,19.2,25.7,3.9,3,1,0,Strength,1
164,151,76,0.94,24.4,23.7,3.1,4,1,0,HIIT,1
180,137,56,1.17,15.0,19.2,3.3,7,3,1,Cardio,3
177,143,64,0.46,23.2,18.0,3.5,3,1,0,Strength,1
177,152,78,0.51,32.9,24.1,4.2,2,0,0,Mixed,0
191,173,68,0.98,24.2,18.4,3.3,3,1,0,HIIT,1
194,163,71,0.84,23.2,25.4,4.0,3,1,0,Mixed,1
182,128,62,1.02,8.0,24.6,4.2,5,3,1,Yoga,3
180,162,63,0.93,17.4,24.5,3.2,6,2,1,HIIT,2
176,150,75,0.47,27.2,19.8,4.3,4,1,0,Mixed,1
175,135,63,0.62,20.6,28.1,2.9,3,1,0,Cardio,1
185,166,61,1.05,10.4,25.9,3.4,7,3,1,HIIT,3
156,127,73,1.13,26.4,19.3,2.8,5,1,0,Cardio,1
199,181,79,1.09,18.1,32.3,3.3,3,1,0,HIIT,1
184,167,71,0.96,31.0,23.2,3.0,4,1,0,HIIT,1
169,142,81,0.71,29.1,18.7,3.6,2,0,0,Strength,0
175,148,66,0.88,21.7,21.0,5.1,6,3,1,Mixed,3
196,166,77,0.64,17.2,18.0,3.9,5,2,0,Mixed,2
195,158,72,0.99,23.4,29.4,3.7,5,1,0,Strength,1
174,134,85,0.25,24.8,28.3,3.1,3,0,0,Yoga,0
193,159,79,0.62,31.9,27.0,3.9,3,0,0,Strength,0
151,129,62,0.54,16.9,26.2,3.5,4,1,0,Mixed,1
201,142,70,0.87,19.1,29.0,3.9,5,1,1,Yoga,1
163,139,65,0.81,16.7,23.0,4.0,5,1,1,Mixed,1
163,120,68,1.31,15.8,25.7,4.3,7,3,1,Yoga,3
185,166,61,0.96,13.5,20.8,3.0,7,3,1,HIIT,3
162,127,63,0.75,22.4,23.4,2.5,4,1,0,Cardio,1
193,159,79,0.39,31.5,25.8,3.6,3,0,0,Strength,0
204,144,72,1.04,20.4,18.0,3.7,4,2,1,Yoga,2
198,165,68,0.99,28.4,21.5,4.6,3,1,0,Mixed,1
183,167,73,0.88,34.0,24.7,3.1,2,0,0,HIIT,0
170,128,76,0.25,25.7,23.7,3.4,2,0,0,Yoga,0
180,151,66,0.81,26.4,22.2,4.0,2,0,0,Mixed,0
196,178,79,0.94,30.2,26.4,2.7,3,0,0,HIIT,0
203,169,68,0.7,16.5,21.2,4.0,7,3,1,Mixed,3
160,132,67,0.66,18.0,19.1,4.0,5,1,1,Strength,1
169,147,84,0.39,26.6,28.7,3.4,2,0,0,Mixed,0
165,135,80,0.5,25.7,28.2,2.3,2,0,0,Cardio,0
166,139,75,0.85,30.3,21.6,3.5,3,0,0,Strength,0
197,179,73,0.47,13.8,23.7,2.7,3,1,0,HIIT,1
162,131,73,0.73,17.6,27.4,2.6,4,2,0,Cardio,2
170,156,76,0.41,23.5,24.2,3.0,3,0,0,HIIT,0
186,143,62,1.66,8.1,26.1,4.2,5,3,1,Cardio,3
183,147,62,0.8,21.2,25.9,3.5,6,2,1,Strength,2
202,140,64,0.97,15.4,22.7,3.9,7,2,1,Yoga,2
175,151,79,0.35,27.4,26.1,3.6,3,0,0,Mixed,0
173,147,69,0.79,20.1,20.1,4.4,5,1,1,Mixed,1
192,155,67,0.73,25.4,25.6,3.4,4,1,0,Strength,1
199,168,76,0.72,20.8,23.7,3.7,5,1,0,Mixed,1
182,146,77,0.36,26.3,22.6,2.3,2,0,0,Cardio,0
173,144,58,1.32,11.2,19.0,4.5,5,3,1,Mixed,3
190,161,74,1.36,23.7,24.5,4.8,5,2,1,Mixed,2
193,177,85,0.25,27.6,24.2,2.5,3,0,0,HIIT,0
186,144,65,1.01,10.8,20.6,3.4,7,3,1,Cardio,3
176,137,64,0.91,23.8,18.0,3.5,5,1,1,Cardio,1
186,153,77,0.71,23.7,18.0,3.0,2,0,0,Strength,0
191,157,78,0.6,26.2,23.0,3.1,2,0,0,Strength,0
190,147,67,1.02,25.8,25.2,3.1,3,0,0,Cardio,0
199,158,81,0.42,15.2,31.4,2.2,3,0,0,Cardio,0
203,165,76,0.59,35.0,23.8,3.3,2,0,0,Strength,0
183,167,76,0.86,20.0,18.0,2.8,4,1,0,HIIT,1
160,137,68,1.14,22.3,23.2,4.5,5,1,1,Mixed,1
187,148,77,0.56,28.9,29.0,2.3,3,0,0,Cardio,0
180,148,73,0.58,19.0,21.3,3.5,4,1,0,Strength,1
192,140,76,0.51,30.1,28.5,3.6,3,0,0,Yoga,0
181,149,72,0.86,19.6,24.7,3.4,3,1,0,Strength,1
204,165,74,0.51,25.0,26.6,2.8,3,0,0,Strength,0
173,157,64,0.4,22.3,31.4,3.4,4,1,0,HIIT,1
188,151,65,0.58,28.2,18.0,3.2,2,0,0,Strength,0
194,137,67,1.03,18.9,27.6,3.8,5,1,1,Yoga,1
174,158,64,1.28,10.9,23.6,3.8,7,3,1,HIIT,3
192,154,65,0.54,19.5,20.2,3.6,5,1,0,Strength,1
184,151,75,0.71,26.0,23.6,3.5,3,1,0,Strength,1
183,168,82,0.69,21.7,30.8,3.0,2,0,0,HIIT,0
177,146,72,0.7,21.3,29.3,3.6,5,1,0,Strength,1
172,144,59,0.94,19.8,18.0,4.5,6,3,1,Mixed,3
199,145,80,0.39,35.3,20.9,3.7,3,0,0,Yoga,0
176,161,76,1.25,20.8,27.8,3.8,4,1,0,HIIT,1
173,142,69,1.07,27.4,23.9,3.5,5,1,0,Strength,1
203,171,75,0.68,22.9,23.9,4.2,3,0,0,Mixed,0
194,153,56,1.14,26.3,18.0,3.9,7,3,1,Strength,3
150,126,71,0.58,25.2,21.0,3.6,3,1,0,Strength,1
166,140,65,0.93,27.2,18.6,4.8,3,0,0,Mixed,0
166,134,74,0.53,31.4,18.0,2.8,3,0,0,Cardio,0
172,146,66,0.54,18.1,19.0,3.7,3,1,0,Mixed,1
184,168,75,0.63,18.4,20.3,3.0,3,0,0,HIIT,0
158,144,61,1.35,26.4,21.0,4.1,5,2,1,HIIT,2
184,143,65,0.25,22.2,20.6,2.5,2,0,0,Cardio,0
192,174,72,0.31,31.0,28.1,2.2,3,0,0,HIIT,0
200,155,73,0.25,21.1,20.4,2.8,2,0,0,Cardio,0
196,165,70,0.85,16.0,29.7,4.6,5,2,1,Mixed,2
179,147,72,0.73,25.2,22.1,3.3,3,0,0,Strength,0
187,152,71,0.38,22.6,25.8,3.1,2,0,0,Strength,0
179,139,64,0.88,21.6,25.9,3.0,5,1,1,Cardio,1
171,144,81,0.74,23.3,20.4,3.2,2,0,0,Strength,0
165,128,59,1.04,11.0,22.7,2.5,7,3,1,Cardio,3
167,152,71,1.02,20.0,22.0,3.4,3,1,0,HIIT,1
179,162,67,0.49,29.6,25.5,2.8,3,0,0,HIIT,0
167,117,55,1.3,8.0,23.5,4.5,7,3,1,Yoga,3
205,144,70,0.4,24.5,21.0,2.9,2,0,0,Yoga,0
192,174,73,1.15,17.8,24.5,3.7,4,2,1,HIIT,2
197,177,65,0.5,20.4,25.4,3.5,5,1,0,HIIT,1
183,165,67,1.12,19.3,31.4,4.3,5,1,1,HIIT,1
178,129,70,0.48,19.3,24.3,3.5,3,1,0,Yoga,1
189,156,57,1.33,15.5,24.0,4.7,7,3,1,Mixed,3
198,160,72,0.88,20.3,25.7,3.9,5,1,0,Strength,1
178,145,66,1.12,18.2,20.2,3.5,5,1,1,Strength,1
189,133,64,0.92,29.2,18.0,4.2,5,1,1,Yoga,1
176,148,85,0.78,26.2,22.8,3.8,2,0,0,Strength,0
202,154,65,0.61,31.7,28.3,2.2,3,1,0,Cardio,1
183,136,79,0.5,24.9,28.9,3.8,2,0,0,Yoga,0
166,152,70,1.0,26.6,18.0,3.7,2,0,0,HIIT,0
159,135,62,0.69,24.3,26.7,4.1,4,1,0,Mixed,1
185,145,70,1.07,22.9,18.0,3.3,3,1,0,Cardio,1
160,128,68,0.52,23.6,25.8,2.9,2,0,0,Cardio,0
193,139,73,0.44,29.0,25.6,3.5,2,0,0,Yoga,0
186,169,71,0.3,25.5,18.0,2.8,3,0,0,HIIT,0
198,181,81,0.59,20.5,28.0,3.2,3,0,0,HIIT,0
169,132,62,0.82,25.9,31.0,3.0,3,1,0,Cardio,1
172,158,78,0.53,28.3,23.8,3.1,2,0,0,HIIT,0
182,164,66,0.93,24.1,24.6,3.4,4,2,1,HIIT,2
170,155,74,0.88,26.1,29.9,3.2,3,0,0,HIIT,0
202,163,71,0.25,26.2,19.5,2.5,2,0,0,Strength,0
199,165,61,1.13,17.1,19.6,4.3,5,3,1,Mixed,3
177,129,71,0.83,24.3,20.6,4.4,5,1,1,Yoga,1
196,143,77,0.89,23.4,24.1,3.7,2,0,0,Yoga,0
190,150,59,1.24,12.2,24.1,3.8,6,3,1,Strength,3
194,157,69,0.29,27.9,21.8,3.0,3,0,0,Strength,0
156,115,64,1.29,17.8,22.8,4.7,6,3,1,Yoga,3
166,125,75,0.34,23.1,21.8,3.9,2,0,0,Yoga,0
201,180,62,1.27,25.1,22.0,3.8,5,2,1,HIIT,2
200,161,70,0.69,33.6,20.9,3.3,2,0,0,Strength,0
165,135,65,1.22,17.2,21.0,4.3,6,3,1,Strength,3
200,169,77,0.97,23.6,18.0,4.2,5,1,0,Mixed,1
201,158,78,0.38,29.2,23.1,2.5,3,0,0,Cardio,0
201,168,68,0.58,13.9,18.0,4.4,4,2,1,Mixed,2
192,174,76,1.02,14.8,27.0,3.3,4,1,0,HIIT,1
170,154,63,1.09,25.7,21.8,3.2,7,2,1,HIIT,2
173,159,81,1.23,19.2,23.5,3.0,3,1,0,HIIT,1
185,154,60,0.97,23.9,22.5,4.3,6,2,1,Mixed,2
166,133,74,0.36,19.9,23.0,2.7,3,0,0,Cardio,0
188,142,56,0.89,16.8,29.1,2.9,5,3,1,Cardio,3
175,159,70,0.7,29.1,18.6,3.3,3,1,0,HIIT,1
197,180,84,0.7,23.2,18.0,2.8,3,0,0,HIIT,0
202,157,74,0.8,24.6,24.5,3.1,3,0,0,Cardio,0
163,130,67,1.18,26.0,22.0,3.6,7,2,1,Cardio,2
183,145,55,1.21,14.0,25.4,3.7,7,2,1,Strength,2
196,138,67,1.05,18.4,26.9,4.1,6,2,1,Yoga,2
200,170,80,0.52,27.7,19.6,3.7,3,0,0,Mixed,0
174,150,76,0.58,19.9,26.4,4.1,3,0,0,Mixed,0
175,125,65,1.04,14.4,19.9,4.4,4,1,1,Yoga,1
205,144,69,0.53,30.8,24.3,3.6,3,0,0,Yoga,0
165,136,67,1.04,27.9,19.1,4.1,3,1,0,Strength,1
202,154,64,0.97,19.8,24.5,3.3,3,1,0,Cardio,1
184,148,83,0.83,25.6,23.9,3.7,3,0,0,Cardio,0
180,148,72,0.81,25.1,19.6,2.9,4,1,0,Strength,1
182,145,77,1.0,26.0,18.6,2.9,4,1,0,Cardio,1
190,153,69,0.69,25.8,27.0,3.1,4,1,0,Strength,1
180,162,61,0.83,24.3,22.2,3.6,5,2,1,HIIT,2
187,149,61,0.55,19.2,28.0,3.1,5,2,1,Strength,2
168,152,63,0.59,19.9,21.8,2.3,7,2,1,HIIT,2
171,156,73,0.58,24.4,29.2,3.1,2,0,0,HIIT,0
174,158,66,1.21,19.4,20.2,3.3,7,3,1,HIIT,3
197,142,75,1.33,27.9,29.9,4.4,4,1,0,Yoga,1
166,119,61,1.09,19.7,24.7,3.8,5,3,1,Yoga,3
185,140,55,1.47,11.6,25.6,4.1,5,3,1,Cardio,3
165,151,71,0.96,20.3,20.0,3.9,4,1,0,HIIT,1
166,118,58,1.42,20.8,26.9,4.9,7,3,1,Yoga,3
171,157,77,0.96,23.1,27.1,3.4,3,1,0,HIIT,1
182,136,79,0.33,29.1,22.7,3.2,2,0,0,Yoga,0
195,141,76,0.55,37.4,18.0,4.0,3,0,0,Yoga,0
190,157,60,0.98,23.9,19.5,4.4,3,1,1,Mixed,1
154,132,64,0.98,20.7,19.5,4.5,7,2,1,Mixed,2
183,164,57,1.13,15.4,25.8,3.4,7,3,1,HIIT,3
177,130,72,0.74,16.5,22.1,3.8,4,1,0,Yoga,1
170,142,59,1.24,16.9,22.2,5.1,7,2,1,Mixed,2
185,142,61,0.93,13.1,21.7,3.0,7,3,1,Cardio,3
162,146,59,0.49,21.6,29.9,2.8,4,1,0,HIIT,1
167,122,68,0.75,29.1,24.2,4.0,3,0,0,Yoga,0
164,117,61,0.99,16.2,24.8,3.9,7,2,1,Yoga,2
178,150,67,0.81,24.0,21.5,4.4,3,1,0,Mixed,1
205,157,67,1.47,23.3,23.9,4.2,6,2,1,Cardio,2
175,158,57,1.11,17.1,20.1,3.7,4,2,1,HIIT,2
194,176,72,0.57,20.3,25.4,3.0,2,0,0,HIIT,0
166,142,72,0.66,25.6,19.4,3.7,2,0,0,Mixed,0
181,150,78,0.6,22.8,27.0,2.6,3,0,0,Strength,0
205,159,74,0.72,34.0,21.1,2.4,3,0,0,Cardio,0
179,138,60,1.02,17.0,27.8,3.7,4,2,1,Cardio,2
154,141,65,0.55,27.0,31.6,2.5,3,1,0,HIIT,1
179,147,72,0.5,23.8,24.0,3.6,3,0,0,Strength,0
173,123,62,1.02,22.9,29.2,4.5,3,1,1,Yoga,1
178,133,78,0.89,23.9,27.0,3.9,3,1,0,Yoga,1
170,142,75,0.89,24.1,18.3,3.4,2,0,0,Strength,0
176,150,70,0.25,32.6,24.4,3.7,2,0,0,Mixed,0
186,131,65,0.96,14.9,26.0,4.0,5,1,1,Yoga,1
203,182,64,0.59,21.5,26.4,3.0,5,1,0,HIIT,1
156,133,62,1.49,16.2,24.7,5.6,7,3,1,Mixed,3
167,128,55,1.0,13.6,24.7,3.6,7,3,1,Cardio,3
205,171,69,0.78,23.0,24.0,4.4,3,1,0,Mixed,1
175,150,73,0.91,24.3,24.5,4.6,3,1,0,Mixed,1
180,163,67,1.08,18.3,19.1,3.6,5,1,1,HIIT,1
168,144,70,0.77,28.6,23.1,4.5,3,0,0,Mixed,0
183,147,79,0.4,18.8,18.2,2.3,3,0,0,Cardio,0
179,162,69,0.39,27.1,22.0,2.9,3,0,0,HIIT,0
175,150,74,0.48,21.5,21.6,3.8,3,0,0,Mixed,0
171,128,76,0.71,22.9,21.4,3.5,2,0,0,Yoga,0
182,165,67,0.81,23.7,19.8,3.5,4,1,0,HIIT,1
199,141,69,1.04,24.8,25.1,4.3,2,0,0,Yoga,0
179,163,72,0.59,31.4,22.7,3.1,3,0,0,HIIT,0
160,120,72,0.62,24.1,22.3,3.5,5,1,0,Yoga,1
200,151,61,0.83,15.0,18.4,3.2,7,2,1,Cardio,2
202,183,77,0.6,24.1,22.8,2.4,2,0,0,HIIT,0
179,162,64,1.2,16.5,28.6,3.9,7,2,1,HIIT,2
189,134,67,0.63,16.2,28.6,3.4,3,1,0,Yoga,1
177,160,66,0.77,23.7,25.5,3.2,3,1,0,HIIT,1
169,121,61,1.13,21.7,22.8,3.9,7,3,1,Yoga,3
187,161,81,0.67,21.5,26.2,4.2,3,0,0,Mixed,0
178,162,71,0.36,29.5,21.3,3.2,3,1,0,HIIT,1
172,142,70,0.6,24.8,22.8,3.0,2,0,0,Strength,0
178,164,80,0.69,26.7,21.0,3.0,3,0,0,HIIT,0
166,137,71,0.84,25.1,27.6,3.8,3,0,0,Strength,0
172,143,74,0.68,25.4,27.1,3.4,7,2,1,Strength,2
157,135,69,0.81,18.0,23.9,4.2,4,1,1,Mixed,1
185,146,56,1.54,13.8,30.9,4.6,7,3,1,Strength,3
186,133,68,1.2,11.4,25.7,4.2,6,2,1,Yoga,2
166,118,58,1.23,13.9,25.4,4.3,7,3,1,Yoga,3
193,175,77,0.73,22.3,25.0,3.0,2,0,0,HIIT,0
180,143,75,0.55,25.1,19.0,2.7,2,0,0,Cardio,0
199,165,63,1.02,19.0,20.4,4.5,5,1,1,Mixed,1
179,150,65,1.17,15.9,23.8,4.7,7,2,1,Mixed,2
180,154,78,0.61,25.9,23.8,3.8,2,0,0,Mixed,0
163,137,61,1.25,11.2,26.4,4.6,7,3,1,Mixed,3
175,152,81,0.63,19.7,21.3,3.9,2,0,0,Mixed,0
173,134,62,1.13,12.8,24.3,3.3,7,3,1,Cardio,3
203,183,69,0.72,25.0,24.4,3.1,4,1,0,HIIT,1
181,165,71,0.96,22.3,24.5,3.5,3,1,0,HIIT,1
164,137,58,1.1,8.6,24.1,4.6,7,3,1,Mixed,3
186,142,62,1.16,15.7,18.4,3.3,7,3,1,Cardio,3
205,155,62,1.19,21.8,18.0,3.5,7,3,1,Cardio,3
204,155,64,0.68,31.5,20.2,2.6,4,1,0,Cardio,1
179,144,64,1.14,8.0,21.9,4.0,7,3,1,Strength,3
190,139,76,0.84,9.3,19.3,3.8,4,2,1,Yoga,2
202,155,68,1.22,18.7,23.8,3.5,6,2,1,Cardio,2
194,152,55,0.77,9.5,28.4,3.8,6,2,1,Strength,2
198,164,63,1.29,16.7,26.9,4.5,5,2,1,Mixed,2
164,134,64,1.14,28.8,25.9,3.6,3,1,0,Strength,1
160,117,64,1.37,19.4,27.9,4.6,4,2,1,Yoga,2
168,135,73,0.53,11.8,20.3,2.6,4,1,0,Cardio,1
195,135,61,1.09,17.8,22.2,4.2,4,2,1,Yoga,2
188,173,84,0.39,26.8,26.5,2.7,3,0,0,HIIT,0
168,117,56,0.67,26.7,22.1,3.5,5,1,1,Yoga,1
183,143,69,0.81,19.4,22.3,2.9,4,1,0,Cardio,1
201,166,62,1.17,24.8,31.4,4.8,5,3,1,Mixed,3
196,134,59,1.05,16.3,24.4,4.7,7,2,1,Yoga,2
201,181,65,1.15,26.2,31.1,3.5,3,1,0,HIIT,1
189,156,79,0.74,28.8,18.0,3.0,2,0,0,Strength,0
175,160,70,0.89,21.5,21.5,3.5,7,3,1,HIIT,3
180,151,85,0.66,18.9,25.6,3.2,2,0,0,Strength,0
173,156,58,1.23,22.0,24.4,3.8,5,3,1,HIIT,3
154,125,72,1.12,15.7,18.0,3.5,4,2,1,Cardio,2
183,151,75,0.4,29.4,23.1,2.8,3,0,0,Strength,0
199,152,65,1.58,8.6,33.9,4.3,6,3,1,Cardio,3
200,144,74,0.9,19.6,25.0,3.7,2,0,0,Yoga,0
184,150,69,0.57,25.9,26.4,3.2,3,0,0,Strength,0
184,139,83,0.42,33.0,21.4,3.4,3,0,0,Yoga,0
200,168,69,0.95,10.3,25.0,4.7,7,3,1,Mixed,3
186,167,63,1.1,9.9,24.0,3.3,6,2,1,HIIT,2
170,154,65,1.31,16.1,28.5,4.0,6,3,1,HIIT,3
198,179,74,0.32,24.5,28.3,2.4,2,0,0,HIIT,0
168,147,85,0.4,27.5,25.6,3.7,2,0,0,Mixed,0
191,159,63,0.93,20.2,24.3,3.8,5,1,1,Mixed,1
187,146,69,0.51,20.4,18.0,2.6,5,1,0,Cardio,1
185,146,58,1.39,25.8,18.0,4.4,4,2,1,Strength,2
205,162,62,0.66,25.0,24.3,3.1,4,1,0,Strength,1
174,143,69,1.0,17.5,27.5,3.5,5,1,1,Strength,1
170,126,73,0.67,28.1,29.3,4.0,3,0,0,Yoga,0
178,150,65,0.62,23.4,20.4,3.9,4,1,0,Mixed,1
170,147,79,0.54,20.6,18.0,3.8,2,0,0,Mixed,0
184,155,66,1.18,19.1,27.7,4.8,7,3,1,Mixed,3
188,169,63,1.23,18.4,20.7,3.5,5,3,1,HIIT,3
205,138,56,1.08,21.9,18.0,4.4,4,2,1,Yoga,2
196,166,77,0.64,23.0,22.0,4.2,2,0,0,Mixed,0
164,142,77,0.6,24.8,22.0,4.5,3,0,0,Mixed,0
190,153,66,0.98,30.7,29.3,3.6,5,1,0,Strength,1
172,141,67,0.94,25.6,27.5,3.7,7,2,1,Strength,2
189,156,57,1.0,14.9,21.1,4.0,7,3,1,Mixed,3
200,179,56,1.37,13.3,29.6,3.5,7,3,1,HIIT,3
179,152,69,0.72,20.0,24.5,4.2,3,0,0,Mixed,0
181,146,64,1.38,22.1,28.2,4.4,6,3,1,Strength,3
187,140,81,0.62,32.6,29.3,3.7,3,0,0,Yoga,0
171,155,64,0.72,18.5,22.9,3.4,4,2,1,HIIT,2
175,140,75,0.85,25.3,26.3,3.1,3,1,0,Cardio,1
202,144,73,0.96,9.4,22.4,3.9,6,2,1,Yoga,2
187,134,71,0.58,27.0,27.7,3.7,3,1,0,Yoga,1
171,155,60,1.34,16.8,24.4,4.5,6,3,1,HIIT,3
178,163,72,0.83,20.9,27.8,2.8,5,1,0,HIIT,1
197,163,61,1.15,15.7,30.1,4.4,5,2,1,Mixed,2
182,145,78,0.59,22.7,26.2,2.5,2,0,0,Cardio,0
184,165,61,1.38,18.4,23.6,4.3,7,3,1,HIIT,3
166,149,55,1.3,12.7,23.7,4.0,7,3,1,HIIT,3
184,127,59,1.1,23.6,18.0,4.2,4,2,1,Yoga,2
165,137,55,1.03,17.3,21.1,4.6,5,3,1,Mixed,3
178,153,78,0.97,26.2,27.7,4.1,3,0,0,Mixed,0
195,155,63,0.92,15.1,27.9,3.6,7,2,1,Strength,2
174,139,75,0.3,33.9,21.1,2.0,3,0,0,Cardio,0
159,134,77,0.92,23.6,24.7,4.0,3,1,0,Strength,1
157,134,67,0.96,18.5,23.2,4.6,5,2,1,Mixed,2
174,124,62,1.19,18.7,26.8,4.2,5,2,1,Yoga,2
185,129,60,1.04,21.1,32.8,4.2,6,2,1,Yoga,2
162,132,77,0.63,30.1,26.8,2.7,2,0,0,Cardio,0
175,145,55,1.11,16.7,21.3,3.9,7,3,1,Mixed,3
153,121,81,0.35,30.3,23.7,3.5,3,0,0,Yoga,0
170,156,71,0.82,23.1,29.6,3.0,5,1,0,HIIT,1
190,145,61,1.1,18.3,18.4,3.4,5,3,1,Cardio,3
175,157,55,1.12,12.2,21.5,3.8,6,3,1,HIIT,3
197,165,68,1.14,16.1,26.8,4.2,7,2,1,Mixed,2
182,156,76,1.24,23.4,29.2,4.0,5,1,1,Mixed,1
172,156,69,1.24,23.9,26.4,3.7,5,1,1,HIIT,1
195,159,75,1.01,18.9,21.6,4.2,4,1,0,Strength,1
178,140,68,0.96,25.2,26.1,2.7,5,1,0,Cardio,1
171,155,65,1.13,12.8,25.7,4.1,7,2,1,HIIT,2
176,161,75,0.92,21.0,25.4,3.8,5,2,1,HIIT,2
191,154,68,0.58,26.4,23.6,3.4,4,1,0,Strength,1
196,138,68,1.16,10.1,24.2,4.3,4,2,1,Yoga,2
180,141,68,0.69,20.6,20.4,2.6,4,1,0,Cardio,1
178,148,76,0.83,28.7,33.9,3.8,3,0,0,Strength,0
197,177,63,1.14,16.9,24.6,3.6,7,3,1,HIIT,3
157,111,55,1.1,15.1,26.2,4.2,6,3,1,Yoga,3
203,170,71,0.95,25.1,23.1,4.2,2,0,0,Mixed,0
154,115,68,1.2,15.7,27.4,4.3,7,2,1,Yoga,2
167,143,71,0.94,18.1,18.8,4.5,5,1,1,Mixed,1
162,137,81,0.41,30.1,18.0,3.2,2,0,0,Strength,0
172,147,71,0.76,26.0,23.9,3.8,3,1,0,Mixed,1
194,167,84,0.69,29.5,32.2,4.6,3,0,0,Mixed,0
177,161,68,0.48,22.7,28.8,3.0,7,2,1,HIIT,2
196,168,84,0.55,23.3,20.8,3.7,2,0,0,Mixed,0
181,157,83,0.44,30.5,26.1,3.3,2,0,0,Mixed,0
198,154,72,0.81,28.0,21.5,2.6,2,0,0,Cardio,0
176,162,82,0.68,22.8,25.7,3.1,2,0,0,HIIT,0
201,161,70,0.84,22.0,26.0,3.3,6,2,1,Strength,2
159,133,74,0.92,27.7,27.7,3.8,5,1,0,Strength,1
176,148,81,0.87,27.9,18.0,3.3,2,0,0,Strength,0
205,163,63,0.59,17.0,18.9,3.3,5,2,1,Strength,2
189,138,77,0.52,25.2,23.7,3.7,3,0,0,Yoga,0
191,148,68,0.68,20.7,19.9,2.7,3,1,0,Cardio,1
205,187,85,0.8,29.9,19.6,3.6,3,0,0,HIIT,0
182,164,61,1.09,16.7,25.1,3.9,4,2,1,HIIT,2
177,126,64,1.22,20.0,20.3,4.3,3,1,1,Yoga,1
199,179,66,0.94,17.1,33.0,2.4,3,1,0,HIIT,1
189,153,70,0.98,16.9,21.9,3.9,4,1,1,Strength,1
179,132,75,0.86,12.7,22.9,4.3,2,0,0,Yoga,0
167,138,69,0.91,19.5,25.2,4.1,4,2,1,Strength,2
189,136,70,1.07,23.7,18.0,3.7,5,1,1,Yoga,1
160,132,68,0.55,25.3,26.0,3.5,5,1,0,Strength,1
176,151,77,0.61,34.1,25.4,4.0,2,0,0,Mixed,0
183,167,76,0.6,18.1,22.6,3.0,4,1,0,HIIT,1
205,160,76,0.79,25.9,25.1,2.9,3,0,0,Cardio,0
201,163,74,0.73,16.1,25.7,3.6,3,1,0,Strength,1
182,166,75,0.57,30.2,29.7,3.4,2,0,0,HIIT,0
192,173,64,0.89,21.7,34.0,3.5,5,2,1,HIIT,2
169,128,78,0.89,25.5,19.8,3.9,3,0,0,Yoga,0
158,143,61,1.26,14.8,18.8,4.4,7,3,1,HIIT,3
194,162,65,0.95,13.0,24.4,4.4,6,3,1,Mixed,3
192,136,68,1.51,14.1,18.0,4.9,7,3,1,Yoga,3
178,160,59,1.38,13.5,26.6,3.8,6,3,1,HIIT,3
188,151,63,1.11,12.4,24.5,4.5,5,3,1,Strength,3
178,127,65,1.39,16.1,25.5,4.5,7,3,1,Yoga,3
195,154,77,0.47,35.5,22.8,2.7,3,0,0,Cardio,0
201,156,73,0.85,20.8,25.0,3.3,5,1,0,Cardio,1
175,160,76,0.66,30.4,25.9,2.9,3,0,0,HIIT,0
196,165,71,0.69,30.3,24.8,4.1,4,1,0,Mixed,1
162,140,73,0.85,25.2,18.6,3.9,4,1,0,Mixed,1
185,153,57,0.58,15.4,24.7,4.3,7,3,1,Mixed,3
171,131,55,1.12,17.3,31.4,3.3,7,3,1,Cardio,3
171,156,75,0.36,22.9,25.0,3.1,2,0,0,HIIT,0
189,147,69,1.0,16.6,24.5,3.0,4,1,0,Cardio,1
158,146,78,0.39,23.8,30.2,2.8,3,1,0,HIIT,1
193,151,71,0.45,21.6,21.0,2.3,5,1,0,Cardio,1
196,159,73,0.69,26.5,27.6,3.2,3,1,0,Strength,1
184,127,58,1.17,9.0,21.9,4.4,7,3,1,Yoga,3
184,127,57,1.23,17.2,28.3,4.4,6,3,1,Yoga,3
188,147,71,1.11,24.3,27.2,2.9,3,0,0,Cardio,0
173,158,69,0.48,27.3,22.4,3.1,3,0,0,HIIT,0
198,179,69,1.05,13.4,22.9,3.7,6,2,1,HIIT,2
200,167,67,0.77,14.2,27.9,3.5,7,2,1,Mixed,2
189,161,77,0.82,21.6,18.0,3.8,4,1,0,Mixed,1
175,136,63,1.12,16.1,22.2,3.5,7,3,1,Cardio,3
197,179,76,0.25,23.4,26.5,2.6,3,0,0,HIIT,0
195,155,60,0.97,25.4,22.8,4.0,3,1,0,Strength,1
161,120,70,1.18,18.6,24.5,4.3,6,3,1,Yoga,3
194,175,65,1.16,21.9,18.0,3.6,7,2,1,HIIT,2
194,160,60,0.55,20.1,20.6,3.3,4,1,0,Mixed,1
200,156,76,0.48,25.1,26.7,1.7,3,0,0,Cardio,0
189,171,71,0.39,19.4,21.0,2.5,2,0,0,HIIT,0
167,152,66,0.66,29.0,18.8,3.3,5,1,0,HIIT,1
158,128,71,0.74,23.0,28.2,2.4,4,1,0,Cardio,1
171,140,67,0.56,19.3,26.1,3.0,5,1,0,Strength,1
153,113,65,1.23,8.0,19.6,4.1,7,3,1,Yoga,3
178,147,74,0.49,26.9,24.6,3.2,3,0,0,Strength,0
194,159,77,0.32,22.0,19.8,3.8,3,0,0,Strength,0
161,140,78,0.57,26.9,23.4,4.0,2,0,0,Mixed,0
196,137,66,1.0,18.6,24.7,4.2,6,2,1,Yoga,2
185,148,61,1.18,11.9,20.8,3.9,7,3,1,Strength,3
192,173,61,1.79,16.0,27.0,4.4,7,3,1,HIIT,3
177,161,72,0.78,18.2,27.6,3.4,4,2,0,HIIT,2
172,148,79,0.58,25.8,25.1,4.0,2,0,0,Mixed,0
163,122,72,0.75,28.6,25.7,3.6,3,0,0,Yoga,0
185,140,55,1.26,15.6,18.2,3.1,6,3,1,Cardio,3
196,176,61,0.95,30.3,29.4,3.5,4,2,0,HIIT,2
163,133,77,0.43,28.0,23.6,1.8,3,0,0,Cardio,0
196,163,64,0.57,20.2,20.3,4.1,5,1,0,Mixed,1
173,158,72,0.79,22.2,24.6,3.4,3,0,0,HIIT,0
196,176,63,0.68,17.4,27.0,3.0,3,1,0,HIIT,1
178,144,65,1.26,11.1,26.0,4.3,5,3,1,Strength,3
167,145,78,0.52,28.0,19.7,4.1,3,0,0,Mixed,0
174,149,74,1.28,24.6,27.0,4.6,4,1,1,Mixed,1
171,141,73,0.69,30.6,23.8,3.1,2,0,0,Strength,0
187,154,55,0.86,11.5,26.0,4.5,6,3,1,Mixed,3
196,158,71,0.52,23.0,20.8,3.4,2,0,0,Strength,0
162,132,63,1.23,20.5,28.2,3.8,3,1,1,Strength,1
170,140,68,0.43,23.4,24.7,3.0,3,0,0,Strength,0
163,119,66,1.53,16.0,28.8,5.3,5,3,1,Yoga,3
182,166,74,0.46,35.1,18.0,2.6,2,0,0,HIIT,0
187,170,71,0.81,19.2,18.4,3.5,5,1,0,HIIT,1
190,174,81,0.45,36.1,23.0,3.2,3,0,0,HIIT,0
205,140,60,1.1,11.0,29.9,4.4,6,2,1,Yoga,2
198,179,73,1.36,26.9,31.9,4.2,3,1,0,HIIT,1
171,140,68,0.37,25.4,20.4,2.7,2,0,0,Strength,0
181,141,66,0.87,22.2,24.2,2.9,5,2,1,Cardio,2
172,136,70,0.87,17.3,24.6,3.0,5,2,1,Cardio,2
170,154,64,0.81,25.5,26.9,3.7,4,1,0,HIIT,1
169,145,74,0.83,17.7,27.5,4.0,5,1,1,Mixed,1
198,179,71,0.76,25.7,19.5,3.7,4,1,0,HIIT,1
161,117,63,0.81,25.8,24.3,3.8,6,2,1,Yoga,2
188,156,59,1.05,21.7,18.0,4.5,6,2,1,Mixed,2
186,148,76,0.25,24.1,27.2,2.4,2,0,0,Cardio,0
164,133,62,1.17,11.5,22.6,3.6,7,3,1,Strength,3
182,166,73,0.4,28.6,19.2,2.9,2,0,0,HIIT,0
191,172,65,0.79,14.8,25.3,3.3,5,1,1,HIIT,1
202,184,79,0.63,29.6,22.5,2.6,2,0,0,HIIT,0
180,152,66,1.39,16.2,29.0,5.0,7,3,1,Mixed,3
161,120,70,0.74,16.7,20.4,3.6,7,2,1,Yoga,2
157,132,73,1.03,18.4,32.9,4.1,4,2,1,Strength,2
167,138,72,0.67,27.4,27.4,3.2,3,0,0,Strength,0
171,154,58,1.01,19.7,29.2,3.8,7,2,1,HIIT,2
175,145,77,0.67,27.0,19.9,3.2,3,0,0,Strength,0
179,143,58,1.06,19.9,31.2,3.5,5,3,1,Strength,3
181,165,75,1.07,13.0,19.1,3.3,4,1,0,HIIT,1
186,167,65,0.69,23.1,23.2,3.4,3,1,0,HIIT,1
172,124,65,0.98,24.3,29.2,3.9,4,1,1,Yoga,1
189,171,70,0.81,21.0,26.0,2.9,3,1,0,HIIT,1
174,157,66,0.97,22.7,19.0,3.4,6,2,1,HIIT,2
183,134,73,0.64,21.7,28.5,3.8,4,1,0,Yoga,1
164,121,70,0.95,24.5,25.4,3.7,5,1,0,Yoga,1
203,160,60,0.73,22.8,22.3,3.7,3,1,0,Strength,1
189,173,82,1.45,21.0,18.0,3.9,4,2,1,HIIT,2
162,136,60,0.79,15.5,25.7,4.0,7,3,1,Mixed,3
154,144,85,1.1,27.1,23.3,4.0,2,0,0,HIIT,0
167,139,74,0.53,19.1,24.6,3.2,3,0,0,Strength,0
186,142,60,1.04,19.4,18.0,3.5,4,2,1,Cardio,2
203,143,68,0.92,20.5,22.3,3.7,5,1,1,Yoga,1
161,149,81,1.07,21.0,25.9,3.4,3,0,0,HIIT,0
183,157,78,0.46,23.1,31.5,3.7,2,0,0,Mixed,0
165,142,72,1.01,13.3,23.2,4.6,4,1,1,Mixed,1
188,171,75,0.76,20.4,29.8,3.0,2,0,0,HIIT,0
186,146,71,0.88,27.6,27.1,2.9,3,1,0,Cardio,1
201,137,59,1.25,12.3,24.9,4.1,6,3,1,Yoga,3
198,179,71,1.12,19.0,20.0,4.0,7,2,1,HIIT,2
169,139,70,1.1,17.9,20.1,3.5,5,2,1,Strength,2
195,139,70,0.57,27.1,26.5,3.9,3,0,0,Yoga,0
185,155,68,0.59,16.7,21.9,4.2,3,0,0,Mixed,0
189,147,69,0.72,33.3,21.5,2.8,3,0,0,Cardio,0
167,135,58,1.19,12.9,23.3,3.9,7,3,1,Strength,3
194,174,66,0.98,23.6,23.3,3.4,5,2,1,HIIT,2
178,131,75,0.5,29.7,27.6,3.4,3,0,0,Yoga,0
154,142,73,1.24,14.8,22.0,3.8,4,1,1,HIIT,1
173,149,75,0.73,26.7,27.2,4.1,2,0,0,Mixed,0
190,151,78,1.05,30.2,25.8,2.9,4,1,0,Cardio,1
185,153,78,0.52,16.5,18.0,3.0,3,0,0,Strength,0
198,167,75,0.69,26.5,25.2,3.8,3,0,0,Mixed,0
166,151,67,0.73,24.8,18.0,3.2,3,0,0,HIIT,0
193,158,77,0.63,28.2,20.4,3.3,2,0,0,Strength,0
171,156,67,0.96,18.7,25.9,3.1,7,2,1,HIIT,2
161,147,66,0.42,16.8,24.0,2.4,3,1,0,HIIT,1
166,132,69,0.62,31.3,18.0,2.5,3,0,0,Cardio,0
180,143,75,0.53,15.6,19.5,2.4,5,1,0,Cardio,1
193,150,70,0.52,27.2,18.0,2.4,2,0,0,Cardio,0
175,137,66,0.96,23.8,18.6,3.4,6,2,1,Cardio,2
188,148,75,0.78,23.1,26.3,2.9,2,0,0,Cardio,0
176,131,77,0.56,30.6,21.8,3.5,3,0,0,Yoga,0
189,148,70,0.69,21.0,24.7,2.4,3,0,0,Cardio,0
195,151,69,0.97,19.2,24.1,3.6,3,1,0,Cardio,1
159,128,55,1.16,11.8,24.1,3.8,5,3,1,Strength,3
169,141,75,0.62,28.4,28.1,3.1,3,0,0,Strength,0
191,157,78,0.5,24.9,23.2,2.6,2,0,0,Strength,0
174,131,79,1.11,21.2,27.6,3.8,2,0,0,Yoga,0
197,155,77,0.65,28.0,18.0,2.7,5,1,0,Cardio,1
180,132,74,0.87,25.2,28.4,4.3,2,0,0,Yoga,0
176,130,74,0.46,33.4,18.8,3.8,2,0,0,Yoga,0
172,156,66,1.35,8.0,19.7,3.7,7,3,1,HIIT,3
188,139,78,0.79,25.3,21.2,3.1,3,0,0,Yoga,0
187,169,71,0.85,27.1,28.3,3.6,4,2,0,HIIT,2
205,175,85,0.67,25.0,20.4,4.1,3,0,0,Mixed,0
159,133,71,0.61,34.8,21.4,2.9,3,0,0,Strength,0
166,151,69,1.07,20.3,20.2,3.6,7,2,1,HIIT,2
159,135,62,1.26,26.3,25.0,4.5,5,2,1,Mixed,2
194,144,83,0.8,28.2,27.0,3.7,3,0,0,Yoga,0
185,168,69,0.65,23.7,30.8,2.5,3,0,0,HIIT,0
175,130,75,0.67,15.7,33.6,3.8,5,1,0,Yoga,1
169,154,72,0.65,23.8,26.6,3.1,3,0,0,HIIT,0
189,151,63,1.25,12.0,25.5,4.2,6,3,1,Strength,3
205,147,76,1.05,19.5,19.1,4.4,4,1,0,Yoga,1
196,147,57,1.39,8.0,31.6,3.7,7,3,1,Cardio,3
171,133,63,0.38,26.6,24.9,2.0,3,1,0,Cardio,1
174,158,69,0.54,20.3,22.8,2.7,5,1,0,HIIT,1
163,136,73,0.4,27.8,25.6,3.3,2,0,0,Strength,0
199,136,59,0.88,19.6,21.5,3.4,7,2,1,Yoga,2
176,126,65,0.51,30.7,18.0,4.1,2,0,0,Yoga,0
197,178,71,1.0,13.3,26.3,3.3,4,2,1,HIIT,2
200,163,77,0.79,23.9,29.4,3.5,5,1,0,Strength,1
175,148,67,0.82,11.3,26.2,4.3,5,1,1,Mixed,1
198,140,69,0.81,20.5,24.0,3.4,4,1,0,Yoga,1
157,135,69,0.77,20.2,24.1,4.3,5,2,1,Mixed,2
173,131,79,0.37,33.1,24.7,3.6,3,0,0,Yoga,0
181,166,79,0.98,18.4,24.6,3.4,5,1,0,HIIT,1
200,162,73,1.0,23.1,23.8,3.2,5,1,0,Strength,1
175,138,70,0.59,24.9,24.1,2.8,3,0,0,Cardio,0
193,175,74,0.68,23.3,30.2,3.2,4,1,0,HIIT,1
177,135,57,1.17,8.3,25.9,4.2,7,3,1,Cardio,3
194,161,60,1.37,9.3,24.4,4.9,5,3,1,Mixed,3
187,161,81,0.34,34.5,26.6,3.7,3,0,0,Mixed,0
173,156,55,0.78,15.1,26.6,3.2,7,3,1,HIIT,3
197,162,60,1.33,13.7,27.8,4.7,7,3,1,Mixed,3
177,129,69,0.63,31.0,21.0,3.6,2,0,0,Yoga,0
205,163,65,0.8,23.7,22.1,3.1,5,1,0,Strength,1
197,176,57,1.41,18.2,20.7,3.6,7,3,1,HIIT,3
192,164,78,1.06,25.1,27.1,4.5,5,1,0,Mixed,1
177,151,70,0.54,23.8,26.9,3.8,4,1,0,Mixed,1
192,164,78,1.05,18.0,18.9,4.6,4,2,1,Mixed,2
162,142,80,0.85,34.5,25.6,4.3,3,0,0,Mixed,0
165,135,80,0.97,20.4,29.5,2.8,2,0,0,Cardio,0
182,127,60,0.87,17.5,23.1,4.1,6,2,1,Yoga,2
189,138,74,0.82,24.3,25.3,3.7,2,0,0,Yoga,0
205,169,59,1.13,14.4,26.9,5.0,7,2,1,Mixed,2
160,130,73,0.25,25.2,18.7,2.5,3,0,0,Cardio,0
174,148,68,1.02,17.6,24.6,4.8,3,1,1,Mixed,1
195,158,70,0.53,21.0,29.1,3.4,4,1,0,Strength,1
178,129,69,1.15,14.6,21.6,5.0,5,2,1,Yoga,2
187,168,59,1.41,16.3,27.3,3.9,6,3,1,HIIT,3
193,156,69,0.63,21.7,24.1,3.6,4,2,0,Strength,2
192,146,63,0.92,29.3,21.3,3.4,3,1,0,Cardio,1
157,145,77,0.89,24.6,23.6,2.9,3,0,0,HIIT,0
194,156,68,0.89,13.0,21.9,3.7,4,1,1,Strength,1
173,149,76,0.56,28.4,20.4,4.2,3,0,0,Mixed,0
166,144,79,0.36,18.5,23.0,3.9,2,0,0,Mixed,0
170,122,63,0.8,28.2,24.3,4.1,5,1,1,Yoga,1
170,157,82,0.81,26.0,23.3,3.5,3,0,0,HIIT,0
198,179,74,0.61,23.9,22.9,3.1,3,0,0,HIIT,0
193,155,84,0.25,26.5,24.9,2.6,2,0,0,Cardio,0
203,143,70,0.86,26.6,26.1,3.8,5,1,0,Yoga,1
184,159,82,0.34,21.4,19.4,4.0,2,0,0,Mixed,0
203,184,75,0.75,27.1,23.0,3.4,3,0,0,HIIT,0
188,170,71,0.79,16.5,18.0,3.9,5,1,1,HIIT,1
176,131,76,0.69,26.2,23.4,4.0,3,0,0,Yoga,0
194,176,74,0.8,25.1,24.6,3.2,2,0,0,HIIT,0
167,152,69,0.67,19.0,26.3,3.0,3,1,0,HIIT,1
191,155,71,0.65,16.2,24.6,3.5,3,1,0,Strength,1
161,146,63,1.34,14.3,26.2,4.2,6,3,1,HIIT,3
203,158,76,0.95,34.1,24.3,3.4,2,0,0,Cardio,0
193,139,73,0.43,26.3,21.3,3.4,5,1,0,Yoga,1
161,119,67,0.48,27.7,19.5,2.8,2,0,0,Yoga,0
166,136,80,0.7,28.7,22.9,2.4,3,0,0,Cardio,0
181,147,66,0.91,21.4,20.9,3.8,4,1,0,Strength,1
180,145,62,0.86,17.4,23.5,3.7,5,1,1,Strength,1
175,151,79,0.87,19.9,22.0,4.1,3,1,0,Mixed,1
163,149,72,0.6,14.1,25.7,3.0,7,2,1,HIIT,2
167,131,65,1.03,16.9,24.2,3.5,5,2,1,Cardio,2
180,135,80,0.74,33.1,25.8,3.5,3,0,0,Yoga,0
170,141,73,0.56,32.3,25.8,3.1,3,0,0,Strength,0
173,136,68,0.48,22.9,23.3,1.9,3,1,0,Cardio,1
197,166,72,0.54,29.0,23.5,3.2,3,0,0,Mixed,0
177,148,62,0.65,19.5,26.0,3.8,6,2,1,Mixed,2
196,175,59,1.36,18.9,33.8,4.3,7,3,1,HIIT,3
193,156,71,0.25,22.0,20.0,2.7,3,0,0,Strength,0
167,139,55,0.94,12.3,24.2,3.9,6,2,1,Mixed,2
177,160,69,0.98,20.0,19.2,3.6,5,1,1,HIIT,1
188,151,65,0.9,20.4,23.9,3.6,4,1,0,Strength,1
201,170,76,0.47,26.7,21.3,4.0,2,0,0,Mixed,0
198,142,74,0.75,16.1,23.5,3.6,3,0,0,Yoga,0
192,138,73,0.89,21.4,24.6,4.5,5,1,1,Yoga,1
196,152,70,0.89,28.4,22.0,2.8,5,1,0,Cardio,1
182,125,55,0.8,9.8,18.0,3.7,5,3,1,Yoga,3
181,126,59,1.06,13.2,29.7,4.6,7,2,1,Yoga,2
169,137,64,0.78,21.0,27.4,3.3,3,1,0,Strength,1
162,146,56,1.27,13.0,23.5,4.1,7,3,1,HIIT,3
165,121,66,0.88,24.7,20.4,3.5,5,1,1,Yoga,1
179,149,80,0.48,23.2,24.3,2.6,2,0,0,Strength,0
180,131,71,1.02,17.8,25.4,4.4,4,1,1,Yoga,1
186,156,66,0.25,25.8,27.1,3.7,2,0,0,Mixed,0
160,129,56,1.19,11.6,27.4,3.7,5,3,1,Strength,3
173,157,70,0.77,22.1,28.2,3.7,4,1,0,HIIT,1
170,135,70,0.51,20.7,18.0,2.3,3,0,0,Cardio,0
167,153,75,0.32,24.6,22.8,2.3,2,0,0,HIIT,0
165,130,66,0.78,12.4,28.0,3.3,4,1,1,Cardio,1
185,133,69,0.77,22.0,20.3,3.4,4,1,0,Yoga,1
168,137,67,0.69,29.9,28.9,3.2,3,1,0,Strength,1
183,166,71,0.63,30.2,31.2,3.4,4,1,0,HIIT,1
163,143,82,0.72,22.9,28.8,3.7,3,0,0,Mixed,0
177,162,79,0.6,24.8,26.6,2.9,3,0,0,HIIT,0
181,138,60,1.13,18.8,22.2,3.9,7,2,1,Cardio,2
188,141,85,0.6,26.0,25.1,3.6,2,0,0,Yoga,0
174,142,66,1.06,10.6,18.6,4.1,7,3,1,Strength,3
174,128,72,0.57,26.0,20.9,3.1,2,0,0,Yoga,0
193,161,66,0.7,18.5,21.2,4.7,3,1,0,Mixed,1
192,152,77,0.34,29.4,24.2,2.0,3,0,0,Cardio,0
202,159,79,0.7,26.5,22.4,2.2,3,0,0,Cardio,0
164,132,74,1.02,16.2,25.0,3.2,5,2,1,Cardio,2
173,128,73,1.04,26.6,27.5,4.0,5,1,0,Yoga,1
205,172,72,0.54,20.7,21.2,4.3,2,0,0,Mixed,0
179,163,72,0.39,28.8,24.6,3.2,2,0,0,HIIT,0
194,154,78,0.48,26.1,22.3,2.5,2,0,0,Cardio,0
171,133,63,1.0,19.9,24.8,3.3,5,1,1,Cardio,1
189,148,72,0.7,16.0,26.7,2.6,4,2,0,Cardio,2
187,147,72,0.35,27.8,27.7,2.6,2,0,0,Cardio,0
175,151,80,1.03,24.9,26.7,4.7,3,0,0,Mixed,0
169,139,71,0.79,14.5,25.7,3.0,7,2,1,Strength,2
169,138,80,1.15,14.6,18.3,3.3,7,2,1,Cardio,2
169,140,73,0.64,29.2,19.7,3.4,2,0,0,Strength,0
179,130,69,0.66,30.3,20.7,3.1,5,1,0,Yoga,1
170,120,58,1.21,18.2,25.4,4.3,6,3,1,Yoga,3
174,158,66,0.77,16.8,18.8,2.9,4,2,1,HIIT,2
187,147,72,0.56,28.4,25.4,2.8,2,0,0,Cardio,0
191,140,76,0.79,22.6,25.1,3.6,5,1,0,Yoga,1
166,141,65,1.41,10.7,18.0,4.3,5,3,1,Mixed,3
158,136,69,0.78,26.7,19.6,3.7,5,1,0,Mixed,1
184,147,61,1.07,17.9,28.2,3.7,7,2,1,Strength,2
194,164,73,0.72,20.3,26.8,4.2,2,0,0,Mixed,0
165,129,63,0.57,17.3,20.6,2.9,7,2,1,Cardio,2
197,141,72,0.74,28.2,19.9,3.4,4,1,0,Yoga,1
198,143,76,0.63,28.0,18.0,3.6,2,0,0,Yoga,0
156,119,74,0.96,20.8,29.9,4.2,5,1,1,Yoga,1
169,139,82,0.6,36.5,24.2,2.3,3,0,0,Cardio,0
177,161,66,0.75,12.3,31.5,2.7,6,2,1,HIIT,2
188,152,68,1.29,16.2,23.2,4.1,7,2,1,Strength,2
172,150,82,0.87,21.5,25.1,5.0,4,1,0,Mixed,1
170,141,73,0.72,19.6,27.6,3.1,5,1,0,Strength,1
188,152,68,0.83,21.2,30.6,3.7,4,1,0,Strength,1
162,123,75,0.25,19.0,26.0,3.3,3,0,0,Yoga,0
200,165,62,0.55,22.7,24.0,3.9,5,1,0,Mixed,1
180,149,78,0.61,27.5,24.1,3.0,3,0,0,Strength,0
174,128,72,0.6,25.5,19.8,4.3,2,0,0,Yoga,0
205,153,56,1.14,16.0,22.5,3.3,7,3,1,Cardio,3
187,135,71,0.72,31.5,24.2,3.8,3,0,0,Yoga,0
182,134,76,0.77,18.2,29.5,3.2,4,1,0,Yoga,1
201,151,59,1.37,13.1,22.3,2.9,6,3,1,Cardio,3
177,151,74,0.85,21.7,28.3,4.6,5,1,0,Mixed,1
171,146,72,0.96,13.5,23.7,4.2,3,1,1,Mixed,1
195,165,76,0.62,15.1,29.0,4.1,3,0,0,Mixed,0
164,150,73,0.74,32.9,26.7,3.9,3,0,0,HIIT,0
193,157,72,0.91,25.2,26.4,3.7,3,1,0,Strength,1
181,130,68,1.11,21.9,27.9,4.0,4,1,1,Yoga,1
180,164,76,1.0,20.9,27.3,3.6,3,0,0,HIIT,0
198,161,76,0.91,25.6,28.3,3.6,3,1,0,Strength,1
168,124,72,0.78,10.5,32.5,4.3,5,2,1,Yoga,2
173,148,73,0.8,27.3,30.5,3.7,3,0,0,Mixed,0
197,155,77,0.46,27.1,25.9,1.9,2,0,0,Cardio,0
188,172,78,0.77,25.7,22.2,3.3,2,0,0,HIIT,0
159,126,66,1.0,16.7,25.5,3.2,7,2,1,Cardio,2
202,169,69,1.05,17.2,18.0,4.5,6,2,1,Mixed,2
193,159,79,0.43,18.1,27.3,3.2,3,0,0,Strength,0
191,148,69,1.15,18.7,19.8,3.5,6,3,1,Cardio,3
199,157,81,0.56,23.4,28.5,2.6,4,1,0,Cardio,1
182,148,69,0.65,20.7,31.9,3.4,4,1,0,Strength,1
188,172,83,0.63,27.5,18.2,3.0,3,0,0,HIIT,0
170,155,72,0.89,24.4,23.8,2.8,5,1,0,HIIT,1
156,112,59,1.06,14.0,19.7,3.9,5,3,1,Yoga,3
166,119,63,1.15,13.8,18.0,4.0,7,3,1,Yoga,3
162,139,69,1.12,18.8,23.6,4.3,4,1,1,Mixed,1
191,154,70,0.8,24.4,26.5,3.8,5,1,0,Strength,1
165,136,70,0.63,29.0,27.0,3.1,3,0,0,Strength,0
195,134,60,1.45,14.5,24.6,3.8,7,3,1,Yoga,3
175,159,70,1.0,21.2,18.0,3.5,7,2,1,HIIT,2
203,184,74,0.83,27.3,24.5,3.0,4,1,0,HIIT,1
190,135,67,0.95,26.0,18.0,3.5,6,2,1,Yoga,2
163,139,84,0.51,33.8,18.3,3.3,2,0,0,Strength,0
186,151,85,0.84,26.3,20.0,2.5,3,0,0,Cardio,0
182,142,67,1.3,17.3,28.2,3.3,4,2,1,Cardio,2
192,163,78,0.95,18.0,26.2,4.6,3,1,0,Mixed,1
196,177,72,0.73,29.5,25.3,3.2,3,1,0,HIIT,1
201,162,70,0.62,25.1,20.5,3.3,3,1,0,Strength,1
172,158,80,0.41,28.6,22.4,2.4,2,0,0,HIIT,0
193,151,75,0.25,22.7,18.5,1.9,3,0,0,Cardio,0
195,154,58,0.93,20.9,29.5,3.9,5,1,1,Strength,1
205,146,74,1.04,34.2,32.8,4.3,2,0,0,Yoga,0
179,138,62,0.75,21.9,26.2,3.1,5,1,0,Cardio,1
175,138,68,0.83,22.9,26.9,2.4,5,1,0,Cardio,1
173,138,57,1.3,8.0,23.4,3.2,6,3,1,Strength,3
185,168,72,0.53,19.3,18.0,3.1,2,0,0,HIIT,0
192,147,65,0.99,27.8,20.6,3.3,4,1,0,Cardio,1
189,156,55,0.97,17.2,22.1,4.3,6,3,1,Mixed,3
163,131,72,0.57,23.7,22.5,2.5,3,0,0,Cardio,0
199,179,63,0.5,23.1,21.5,2.6,5,2,0,HIIT,2
162,122,74,0.51,31.2,24.2,3.5,3,0,0,Yoga,0
186,142,61,1.11,9.5,20.6,3.5,7,3,1,Cardio,3
181,149,74,0.96,22.9,32.7,3.9,5,1,0,Strength,1
164,148,55,0.99,15.8,18.5,3.7,7,3,1,HIIT,3
183,144,71,0.73,33.4,27.5,2.9,2,0,0,Cardio,0
171,127,73,0.82,19.1,23.0,3.3,6,2,1,Yoga,2
194,156,69,0.61,23.4,25.9,2.9,6,2,0,Strength,2
171,144,61,1.33,15.5,26.0,4.8,4,2,1,Mixed,2
168,134,69,0.39,29.7,24.6,2.4,2,0,0,Cardio,0
189,148,73,0.35,22.2,19.5,1.9,2,0,0,Cardio,0
173,158,74,0.71,29.1,22.7,3.3,3,0,0,HIIT,0
168,128,78,0.44,20.1,24.7,3.3,3,0,0,Yoga,0
156,141,55,1.38,25.8,24.4,3.7,4,2,1,HIIT,2
188,159,70,0.58,22.5,19.9,4.4,2,0,0,Mixed,0
191,162,74,1.05,16.3,29.2,3.8,4,2,1,Mixed,2
165,132,70,1.03,26.2,18.0,3.4,4,1,0,Cardio,1
195,165,75,0.58,31.5,23.0,3.8,3,0,0,Mixed,0
183,150,72,0.43,18.9,20.3,3.7,3,0,0,Strength,0
173,140,79,0.27,26.4,24.7,2.2,3,0,0,Cardio,0
202,160,61,1.27,22.7,28.1,4.5,3,1,1,Strength,1
166,141,68,1.07,16.2,18.4,4.3,3,1,1,Mixed,1
168,151,60,0.73,20.6,33.4,3.4,4,1,0,HIIT,1
167,130,60,1.06,11.1,24.8,3.4,7,3,1,Cardio,3
171,156,73,0.61,28.3,25.5,3.0,2,0,0,HIIT,0
171,131,57,0.81,17.1,18.2,3.2,6,2,1,Cardio,2
195,176,70,0.87,16.7,23.8,3.3,4,2,1,HIIT,2
193,141,78,0.64,24.6,27.9,3.4,2,0,0,Yoga,0
184,142,65,1.18,8.9,24.8,3.8,7,3,1,Cardio,3
203,151,55,1.12,14.7,24.6,3.2,6,3,1,Cardio,3
205,163,65,0.46,19.5,23.8,3.1,3,1,0,Strength,1
179,133,76,0.71,15.4,18.5,3.8,5,1,0,Yoga,1
188,170,69,1.18,23.2,18.5,3.4,7,2,1,HIIT,2
199,144,77,0.53,29.5,28.7,4.0,3,1,0,Yoga,1
162,147,64,0.74,16.3,27.5,3.2,6,2,1,HIIT,2
182,144,74,0.63,24.4,28.1,2.9,2,0,0,Cardio,0
177,147,78,0.4,25.6,20.7,3.3,3,0,0,Strength,0
195,176,68,0.54,24.5,23.4,3.3,2,0,0,HIIT,0
187,147,71,0.85,24.9,28.9,2.2,3,1,0,Cardio,1
172,147,73,1.09,12.0,19.1,3.9,7,3,1,Mixed,3
162,138,68,0.74,25.1,28.5,4.0,5,1,0,Mixed,1
205,169,62,0.98,19.2,21.7,4.6,4,1,1,Mixed,1
158,128,72,0.75,22.2,20.6,2.8,3,1,0,Cardio,1
178,141,70,0.65,31.4,23.9,2.6,3,0,0,Cardio,0
186,168,64,0.9,30.0,19.5,3.9,7,2,1,HIIT,2
163,136,75,0.7,26.3,18.0,2.8,4,1,0,Strength,1
200,180,63,1.13,8.5,24.3,4.0,6,3,1,HIIT,3
191,135,68,0.83,25.1,26.1,3.7,3,1,0,Yoga,1
167,134,74,0.86,23.2,28.9,3.4,4,1,0,Cardio,1
186,140,55,1.35,17.1,26.4,3.6,6,3,1,Cardio,3
204,165,76,0.36,22.4,31.9,3.6,2,0,0,Strength,0
175,160,73,0.35,27.2,29.4,2.3,3,0,0,HIIT,0
191,171,58,0.61,23.2,27.0,2.8,3,1,0,HIIT,1
172,134,64,0.6,20.2,25.9,2.8,4,1,0,Cardio,1
199,167,70,0.93,24.9,28.9,3.6,3,1,0,Mixed,1
203,184,79,0.36,21.6,18.0,2.6,2,0,0,HIIT,0
178,125,60,1.31,11.9,22.1,4.0,6,3,1,Yoga,3
192,160,64,1.04,14.8,18.0,4.5,4,2,1,Mixed,2
191,163,79,0.25,28.2,26.7,4.0,3,0,0,Mixed,0
163,150,76,0.89,24.9,21.0,3.7,3,0,0,HIIT,0
169,143,65,0.95,12.0,35.0,4.8,6,3,1,Mixed,3
205,146,73,0.95,16.2,21.9,3.7,5,1,1,Yoga,1
182,165,66,0.86,20.6,24.4,3.4,4,1,0,HIIT,1
170,142,78,0.78,29.0,22.4,2.9,3,0,0,Strength,0
167,154,80,0.32,26.6,22.0,2.5,3,0,0,HIIT,0
169,137,77,0.79,17.8,19.0,3.1,3,1,0,Cardio,1
173,140,62,0.93,22.8,18.9,4.0,6,2,1,Strength,2
162,148,73,0.89,30.9,18.0,3.5,2,0,0,HIIT,0
180,151,64,1.08,8.0,26.2,4.0,7,3,1,Mixed,3
171,139,79,0.74,26.1,22.3,3.1,2,0,0,Cardio,0
195,149,62,0.93,14.1,31.7,3.0,7,2,1,Cardio,2
180,146,67,0.71,21.5,19.0,3.4,4,1,0,Strength,1
205,141,63,1.15,27.6,29.9,4.0,5,2,1,Yoga,2
162,126,60,1.48,8.0,30.3,3.3,7,3,1,Cardio,3
152,140,71,0.64,23.8,29.1,2.9,3,0,0,HIIT,0
175,149,72,1.03,25.3,24.9,4.6,4,1,0,Mixed,1
169,138,66,0.3,14.3,22.6,2.6,3,0,0,Strength,0
203,139,61,1.27,23.1,29.1,4.4,6,2,1,Yoga,2
168,143,66,0.8,19.7,20.8,3.9,6,2,1,Mixed,2
163,119,65,1.09,19.3,25.1,3.8,5,1,1,Yoga,1
190,153,68,0.65,22.5,23.8,3.6,4,1,0,Strength,1
203,164,74,0.6,30.4,20.4,3.7,3,0,0,Strength,0
183,139,85,0.44,20.3,25.1,3.5,3,0,0,Yoga,0
171,135,68,0.52,19.6,27.0,2.4,3,0,0,Cardio,0
193,158,76,0.46,22.5,20.3,3.5,2,0,0,Strength,0
169,124,70,0.59,33.8,25.8,4.1,2,0,0,Yoga,0
181,137,55,1.16,21.0,18.0,4.1,7,3,1,Cardio,3
185,145,71,0.25,28.8,19.8,2.1,3,0,0,Cardio,0
202,164,74,0.29,25.0,22.2,2.8,2,0,0,Strength,0
179,163,77,0.86,23.9,25.4,3.3,5,1,0,HIIT,1
173,125,66,1.19,13.2,27.5,4.4,7,3,1,Yoga,3
196,163,63,0.71,16.2,24.3,3.9,5,2,1,Mixed,2
169,155,74,0.86,22.7,26.3,3.7,2,0,0,HIIT,0
197,152,68,0.71,19.3,23.4,2.8,5,2,0,Cardio,2
169,143,65,1.11,12.7,25.6,4.3,6,2,1,Mixed,2
188,169,57,0.83,10.9,25.4,3.4,7,3,1,HIIT,3
200,152,63,1.21,18.1,22.0,3.8,7,3,1,Cardio,3
196,168,83,0.83,24.0,22.6,3.9,2,0,0,Mixed,0
179,153,75,1.21,28.7,26.4,4.6,5,1,0,Mixed,1
193,151,72,1.16,19.0,31.2,3.3,6,2,1,Cardio,2
175,140,59,1.4,8.0,28.8,4.4,7,3,1,Strength,3
160,129,70,0.42,22.9,19.5,2.9,3,0,0,Cardio,0
189,131,60,0.68,19.3,19.5,3.2,4,1,0,Yoga,1
170,131,60,0.9,20.6,21.9,3.0,5,1,1,Cardio,1
199,140,69,0.46,22.8,24.4,3.1,5,1,0,Yoga,1
167,144,73,1.2,24.1,24.2,4.5,3,1,0,Mixed,1
188,148,74,0.73,24.8,29.0,2.5,3,1,0,Cardio,1
161,146,61,0.82,18.4,29.2,3.3,5,3,1,HIIT,3
189,145,61,1.27,19.7,24.0,3.9,5,2,1,Cardio,2
201,161,68,0.85,21.5,23.1,4.0,5,2,1,Strength,2
183,141,64,1.09,19.5,26.1,3.5,4,1,1,Cardio,1
169,129,55,1.46,11.9,28.3,4.2,7,3,1,Cardio,3
198,168,78,0.46,28.5,26.2,3.8,2,0,0,Mixed,0
182,148,69,0.51,27.0,22.3,3.1,2,0,0,Strength,0
167,129,56,1.35,13.0,21.6,3.2,7,3,1,Cardio,3
159,145,65,0.61,25.3,19.6,2.9,3,1,0,HIIT,1
198,167,76,0.78,20.2,24.8,3.7,2,0,0,Mixed,0
176,125,63,1.63,13.0,26.5,5.2,7,3,1,Yoga,3
189,151,63,1.26,15.6,26.9,4.2,6,3,1,Strength,3
192,151,57,0.84,13.9,28.6,3.3,7,3,1,Strength,3
196,165,74,0.6,36.6,29.9,3.7,3,0,0,Mixed,0
187,138,79,0.56,32.9,18.5,3.7,3,0,0,Yoga,0
154,132,67,1.29,25.1,25.6,4.4,5,1,1,Mixed,1
170,139,65,0.69,24.1,25.8,3.6,4,1,0,Strength,1
184,152,57,1.05,9.8,23.7,4.7,6,3,1,Mixed,3
161,135,57,1.31,18.2,20.7,5.2,6,3,1,Mixed,3
186,154,60,1.16,13.1,29.8,4.5,7,3,1,Mixed,3
196,160,75,0.34,24.8,21.6,3.3,2,0,0,Strength,0
164,129,64,0.85,17.7,18.0,2.9,7,2,1,Cardio,2
176,122,56,1.3,14.1,24.1,3.9,7,3,1,Yoga,3
195,158,70,0.91,30.9,23.0,3.9,2,0,0,Strength,0
169,137,78,0.25,25.1,31.4,2.6,3,0,0,Cardio,0
186,132,67,1.21,16.0,26.0,4.1,7,2,1,Yoga,2
156,135,73,0.62,23.5,22.8,3.3,2,0,0,Mixed,0
194,147,60,0.99,11.1,23.2,3.2,7,3,1,Cardio,3
176,162,81,0.5,22.0,23.2,2.7,2,0,0,HIIT,0
177,128,70,0.91,24.8,32.9,3.8,3,1,0,Yoga,1
170,131,60,1.11,17.3,26.7,3.0,7,3,1,Cardio,3
192,136,68,0.67,8.0,18.4,4.5,7,3,1,Yoga,3
172,146,70,0.98,16.5,23.0,4.3,5,2,1,Mixed,2
180,162,62,0.92,13.0,23.9,3.2,6,2,1,HIIT,2
182,141,65,1.58,12.3,19.6,3.3,5,3,1,Cardio,3
193,153,59,1.37,17.8,18.0,4.4,7,3,1,Strength,3
203,141,65,0.75,22.5,26.4,3.9,4,1,0,Yoga,1
176,139,72,1.06,17.1,20.8,3.3,5,2,1,Cardio,2
198,165,66,0.8,17.9,29.0,3.9,3,1,0,Mixed,1
186,132,67,1.08,26.5,24.0,4.4,5,1,1,Yoga,1
174,133,58,1.0,8.6,22.1,2.9,7,3,1,Cardio,3
184,157,75,1.37,21.3,18.0,4.8,7,2,1,Mixed,2
184,126,55,1.18,12.6,28.9,4.4,6,3,1,Yoga,3
169,145,72,0.74,24.7,25.2,4.1,3,0,0,Mixed,0
179,141,68,0.74,27.4,22.2,2.6,3,1,0,Cardio,1
173,140,78,0.51,34.4,20.4,2.7,3,0,0,Cardio,0
190,154,70,0.56,24.7,30.4,2.9,3,1,0,Strength,1
163,139,67,0.87,18.0,19.7,4.1,4,1,1,Mixed,1
177,128,68,0.99,21.8,22.5,3.8,7,2,1,Yoga,2
184,138,82,0.92,25.8,26.3,3.7,2,0,0,Yoga,0
183,148,67,0.99,23.8,29.8,3.7,3,0,0,Strength,0
178,160,57,1.15,17.3,23.1,3.8,7,3,1,HIIT,3
187,150,63,0.93,13.1,21.1,3.8,7,3,1,Strength,3
186,133,69,0.58,24.1,23.6,3.6,3,0,0,Yoga,0
179,153,74,0.58,22.9,27.6,3.8,3,0,0,Mixed,0
187,155,81,0.84,28.5,28.5,4.0,2,0,0,Strength,0
176,149,68,0.95,12.6,18.5,4.4,7,2,1,Mixed,2
181,164,68,0.92,19.4,24.5,3.3,5,2,1,HIIT,2
167,125,74,0.28,23.1,18.3,3.0,4,1,0,Yoga,1
186,168,67,0.99,12.2,27.5,3.9,5,2,1,HIIT,2
185,156,68,0.69,23.5,25.7,4.6,5,1,0,Mixed,1
167,154,80,0.76,25.1,20.3,3.1,2,0,0,HIIT,0
176,136,63,0.62,16.6,30.1,2.3,7,2,1,Cardio,2
173,146,64,1.12,18.1,25.3,4.4,5,2,1,Mixed,2
164,131,55,1.31,17.3,24.9,4.3,5,3,1,Strength,3
177,147,58,1.11,23.7,23.3,4.6,6,3,1,Mixed,3
193,155,65,1.0,24.0,24.0,4.0,5,2,1,Strength,2
170,156,75,0.82,30.4,22.5,3.0,2,0,0,HIIT,0
171,130,80,0.6,29.3,21.0,3.8,3,0,0,Yoga,0
199,151,63,1.06,20.2,28.9,3.0,4,2,1,Cardio,2
183,166,73,0.55,33.8,22.0,2.7,2,0,0,HIIT,0
173,148,72,0.34,24.9,21.9,3.6,2,0,0,Mixed,0
198,143,76,0.65,23.4,23.5,3.9,3,0,0,Yoga,0
167,137,68,0.71,12.6,29.7,3.8,7,3,1,Strength,3
162,138,63,0.61,26.1,28.5,3.7,3,0,0,Mixed,0
160,147,73,0.73,30.9,22.4,3.3,3,0,0,HIIT,0
187,167,58,1.53,13.9,28.9,3.8,5,3,1,HIIT,3
174,122,59,1.02,29.3,24.4,4.1,5,1,1,Yoga,1
194,164,74,1.04,24.3,20.6,4.3,3,0,0,Mixed,0
189,158,63,0.83,11.3,22.1,4.2,7,2,1,Mixed,2
186,152,73,0.75,28.4,29.5,3.2,3,0,0,Strength,0
182,164,59,0.72,18.0,32.3,2.8,5,2,1,HIIT,2
185,144,70,0.93,25.5,25.3,3.4,4,1,0,Cardio,1
193,174,69,0.62,28.2,21.7,3.1,2,0,0,HIIT,0
180,138,61,0.96,20.9,23.5,3.4,4,2,1,Cardio,2
189,135,69,0.77,18.5,21.0,3.5,3,1,0,Yoga,1
180,133,75,0.78,22.9,21.5,3.9,3,1,0,Yoga,1
182,164,62,1.25,14.9,21.1,3.7,5,3,1,HIIT,3
192,175,78,0.84,20.9,23.7,2.9,2,0,0,HIIT,0
197,156,80,0.55,19.2,24.5,2.6,5,1,0,Cardio,1
182,164,62,0.95,11.5,23.4,3.3,6,3,1,HIIT,3
160,117,65,0.65,27.1,23.1,4.0,5,1,0,Yoga,1
178,128,67,1.05,22.4,27.0,4.3,3,1,1,Yoga,1
168,139,71,0.48,23.3,23.1,3.1,2,0,0,Strength,0
188,147,69,0.67,23.4,23.3,2.8,3,1,0,Cardio,1
168,143,68,0.87,27.1,23.3,4.3,3,1,0,Mixed,1
177,161,70,0.53,33.2,30.2,3.0,2,0,0,HIIT,0
178,134,80,0.55,27.0,22.0,3.7,3,0,0,Yoga,0
177,141,75,1.05,25.7,26.4,3.4,5,1,0,Cardio,1
172,143,76,0.62,19.3,21.0,3.8,3,0,0,Strength,0
160,127,65,0.81,17.0,25.4,2.7,5,1,1,Cardio,1
197,177,66,0.68,23.6,26.2,3.3,5,2,0,HIIT,2
177,151,72,0.43,24.4,28.3,3.8,2,0,0,Mixed,0
172,137,71,0.88,19.3,22.5,3.4,4,2,1,Cardio,2
177,160,64,0.67,26.4,19.5,3.3,4,1,0,HIIT,1
188,151,63,1.36,17.8,20.9,3.9,7,3,1,Strength,3
200,152,63,1.64,9.9,27.9,3.4,7,3,1,Cardio,3
196,177,69,0.91,21.3,32.3,3.4,7,2,1,HIIT,2
167,135,76,0.83,23.2,27.3,3.1,2,0,0,Cardio,0
154,121,58,1.63,17.2,19.0,4.0,6,3,1,Cardio,3
197,159,72,0.94,13.2,27.2,3.5,7,3,1,Strength,3
187,145,66,1.01,29.3,20.2,3.3,5,1,0,Cardio,1
197,160,74,1.1,19.0,22.6,3.7,5,1,1,Strength,1
161,131,75,0.68,23.6,24.7,3.1,2,0,0,Cardio,0
172,129,77,0.32,25.7,25.4,3.5,3,0,0,Yoga,0
199,167,72,0.59,18.8,24.3,4.2,5,1,0,Mixed,1
173,146,65,0.26,19.9,21.6,3.6,5,1,0,Mixed,1
204,143,68,0.78,30.2,28.2,4.1,2,0,0,Yoga,0
166,142,69,0.54,38.4,21.9,3.7,3,0,0,Mixed,0
184,148,63,0.92,23.6,29.0,4.2,7,2,1,Strength,2
177,161,71,0.61,22.6,18.6,3.0,3,1,0,HIIT,1
191,154,67,0.88,24.1,24.9,3.7,4,1,0,Strength,1
195,174,58,1.11,21.2,19.1,3.9,4,2,1,HIIT,2
177,146,75,0.65,30.3,20.7,3.5,4,1,0,Strength,1
180,146,67,0.55,26.7,21.9,3.4,2,0,0,Strength,0
177,162,72,0.48,24.2,30.1,3.0,5,1,0,HIIT,1
168,125,71,0.67,21.9,29.2,3.7,3,0,0,Yoga,0
158,119,71,0.96,21.1,27.5,3.9,7,2,1,Yoga,2
174,128,72,0.61,23.6,24.1,3.8,2,0,0,Yoga,0
186,132,66,0.42,24.8,24.8,3.2,3,0,0,Yoga,0
188,153,70,0.67,21.9,29.1,3.3,4,1,0,Strength,1
160,131,61,1.19,25.1,26.8,4.2,7,2,1,Strength,2
167,133,69,1.17,15.5,24.1,3.2,6,2,1,Cardio,2
186,159,77,0.82,28.8,29.9,4.3,2,0,0,Mixed,0
166,131,67,0.87,24.5,27.3,3.3,3,1,0,Cardio,1
177,150,70,0.28,31.1,25.0,3.4,3,0,0,Mixed,0
170,143,60,1.32,13.8,22.2,4.9,5,2,1,Mixed,2
180,147,72,0.54,24.8,21.8,3.9,3,0,0,Strength,0
184,134,72,1.28,20.2,22.7,4.3,6,2,1,Yoga,2
158,143,59,1.28,16.0,25.8,3.9,5,3,1,HIIT,3
174,141,65,1.22,23.9,27.3,3.8,7,3,1,Strength,3
193,172,55,1.03,19.8,18.2,2.9,7,3,1,HIIT,3
168,132,65,0.52,29.3,18.0,2.5,3,0,0,Cardio,0
204,142,65,0.71,20.8,20.2,3.6,4,1,0,Yoga,1
179,144,78,0.55,24.4,22.4,3.0,3,0,0,Cardio,0
154,118,74,0.86,23.8,28.8,4.4,3,0,0,Yoga,0
186,154,79,0.39,25.8,22.9,2.8,2,0,0,Strength,0
162,149,76,0.87,22.2,25.0,3.3,3,1,0,HIIT,1
170,123,65,1.06,27.3,25.7,4.2,3,1,0,Yoga,1
173,146,64,1.2,11.9,19.9,4.7,7,3,1,Mixed,3
163,137,77,0.8,21.8,29.8,3.3,3,1,0,Strength,1
192,157,75,0.71,27.1,21.3,3.4,4,1,0,Strength,1
169,121,62,0.55,34.4,30.2,4.2,3,1,0,Yoga,1
155,110,56,0.92,27.6,23.5,4.2,7,2,1,Yoga,2
170,131,58,1.36,12.8,22.6,3.3,7,3,1,Cardio,3
176,144,68,0.95,29.3,19.6,4.1,5,1,0,Strength,1
175,151,79,0.74,32.5,24.8,4.6,2,0,0,Mixed,0
181,165,70,0.62,32.2,33.0,3.0,3,0,0,HIIT,0
200,167,67,1.0,20.1,25.7,4.3,6,2,1,Mixed,2
190,172,70,0.35,26.7,25.1,2.5,3,0,0,HIIT,0
172,135,67,1.14,19.8,21.3,3.1,6,2,1,Cardio,2
174,124,63,0.89,15.4,26.4,3.1,6,2,1,Yoga,2
158,144,67,1.02,16.0,24.6,3.7,5,2,1,HIIT,2
178,149,63,1.1,18.9,23.7,4.6,6,2,1,Mixed,2
175,121,55,1.04,19.2,26.0,4.0,6,2,1,Yoga,2
181,154,73,1.05,15.2,18.0,4.5,3,1,1,Mixed,1
192,153,81,0.89,22.5,23.6,3.8,2,0,0,Cardio,0
177,138,66,1.17,21.6,19.2,3.8,4,1,1,Cardio,1
192,162,74,0.98,18.2,24.1,4.5,4,1,1,Mixed,1
193,159,57,1.27,15.0,21.1,4.6,7,3,1,Mixed,3
180,149,58,0.97,15.0,21.4,4.1,6,2,1,Mixed,2
166,151,67,0.97,24.7,18.7,3.5,4,1,0,HIIT,1
185,150,69,0.98,17.9,28.5,3.5,5,1,1,Strength,1
175,143,68,0.79,31.3,21.3,3.8,3,0,0,Strength,0
194,159,77,0.91,22.0,21.5,3.6,4,1,0,Strength,1
169,154,67,0.58,29.7,30.1,3.1,2,0,0,HIIT,0
204,164,72,0.68,28.9,26.3,3.2,2,0,0,Strength,0
190,154,70,0.64,21.8,18.0,3.0,3,0,0,Strength,0
167,140,77,0.61,26.0,29.5,3.0,3,1,0,Strength,1
202,165,55,1.22,17.5,30.6,4.3,7,3,1,Mixed,3
175,159,69,0.64,22.8,30.2,3.0,4,2,0,HIIT,2
186,158,76,0.47,26.9,26.7,3.8,3,0,0,Mixed,0
197,165,69,0.71,29.8,19.6,3.5,2,0,0,Mixed,0
191,136,68,0.54,20.8,23.8,3.3,4,1,0,Yoga,1
167,153,74,0.85,19.7,18.2,3.5,2,0,0,HIIT,0
193,151,73,1.02,17.9,20.5,3.5,4,1,0,Cardio,1
163,149,67,0.68,22.8,19.6,3.4,4,1,0,HIIT,1
180,150,78,0.52,22.2,21.5,3.6,3,0,0,Strength,0
189,148,70,0.85,27.2,24.7,2.7,3,1,0,Cardio,1
205,172,72,0.92,24.0,22.2,4.8,4,1,0,Mixed,1
165,150,66,0.72,21.4,22.0,3.0,4,1,0,HIIT,1
193,154,64,1.29,24.2,22.8,4.4,6,2,1,Strength,2
177,141,76,0.44,29.7,30.0,2.5,2,0,0,Cardio,0
188,137,75,0.37,26.6,32.7,3.5,2,0,0,Yoga,0
165,125,75,0.31,22.9,22.2,3.6,2,0,0,Yoga,0
176,163,85,0.32,26.1,25.3,2.9,3,0,0,HIIT,0
177,132,78,0.71,21.7,20.6,4.0,2,0,0,Yoga,0
198,162,79,0.95,27.4,27.1,4.3,3,0,0,Strength,0
181,143,71,0.76,18.9,22.1,3.3,4,1,0,Cardio,1
181,164,68,1.49,14.9,21.2,3.9,5,2,1,HIIT,2
192,157,76,0.54,26.6,32.0,3.3,3,0,0,Strength,0
186,170,84,0.48,24.4,18.6,3.2,3,0,0,HIIT,0
172,126,70,0.88,28.1,18.0,4.1,5,1,0,Yoga,1
169,139,69,0.93,24.9,26.9,3.7,7,2,1,Strength,2
189,140,80,0.99,21.2,22.5,4.0,3,1,0,Yoga,1
192,141,78,0.49,29.0,21.4,2.9,3,0,0,Yoga,0
199,160,69,1.03,23.1,34.9,4.0,4,1,0,Strength,1
174,138,71,0.68,27.3,26.9,3.1,3,0,0,Cardio,0
185,155,68,1.0,20.6,23.8,4.4,5,1,1,Mixed,1
201,154,67,1.04,18.0,21.2,3.2,6,2,1,Cardio,2
199,155,74,0.91,23.2,25.8,2.7,7,2,1,Cardio,2
162,133,78,0.51,33.0,18.0,2.7,3,0,0,Cardio,0
174,157,63,1.25,10.7,21.9,3.8,4,2,1,HIIT,2
176,147,58,1.05,17.8,23.9,4.4,7,3,1,Mixed,3
193,175,74,0.46,28.4,24.9,3.1,3,0,0,HIIT,0
169,154,68,0.83,29.5,23.4,3.7,2,0,0,HIIT,0
193,134,63,0.83,15.7,21.2,3.9,5,2,1,Yoga,2
193,174,62,0.91,17.1,27.7,3.7,7,2,1,HIIT,2
171,141,84,0.73,26.0,18.0,3.0,3,1,0,Cardio,1
174,136,65,1.25,20.6,22.9,3.3,6,3,1,Cardio,3
190,136,70,0.37,21.9,21.9,3.5,3,0,0,Yoga,0
181,151,62,0.97,22.4,28.0,4.4,3,1,1,Mixed,1
191,155,68,0.64,24.3,22.2,3.4,3,0,0,Strength,0
205,168,82,0.8,24.7,25.8,4.1,3,0,0,Strength,0
195,163,68,0.54,26.9,25.3,4.3,2,0,0,Mixed,0
167,145,78,0.86,22.3,18.0,3.9,4,1,0,Mixed,1
193,175,71,0.74,21.4,23.7,3.4,3,1,0,HIIT,1
197,179,74,0.8,26.3,18.0,3.0,3,0,0,HIIT,0
204,183,64,0.72,16.5,25.4,2.9,3,1,0,HIIT,1
190,150,76,1.02,12.9,21.1,2.6,3,1,0,Cardio,1
176,152,78,0.43,33.1,28.7,3.9,3,0,0,Mixed,0
175,151,80,0.67,29.9,23.3,4.8,2,0,0,Mixed,0
190,172,74,0.49,33.6,20.9,2.5,2,0,0,HIIT,0
183,156,73,0.61,29.5,28.8,3.9,5,1,0,Mixed,1
202,157,72,1.11,12.6,20.5,3.2,6,2,1,Cardio,2
174,149,73,0.49,24.1,27.6,3.8,4,1,0,Mixed,1
176,144,70,0.59,18.1,25.9,3.7,3,0,0,Strength,0
188,144,63,1.18,13.1,22.5,3.2,7,3,1,Cardio,3
174,159,74,0.63,25.0,18.7,3.2,5,1,0,HIIT,1
190,137,73,1.0,20.8,29.0,4.2,4,2,1,Yoga,2
175,146,78,0.25,28.7,26.0,3.2,3,0,0,Strength,0
197,154,76,0.66,23.3,20.9,2.5,5,1,0,Cardio,1
174,128,73,0.97,23.0,25.0,4.5,3,1,0,Yoga,1
196,148,58,1.22,19.5,28.0,3.9,4,2,1,Cardio,2
172,143,74,0.42,20.9,24.4,3.2,3,1,0,Strength,1
179,152,71,0.76,20.8,25.0,4.3,5,1,0,Mixed,1
182,167,85,0.83,29.8,28.1,3.2,3,0,0,HIIT,0
168,128,55,0.95,18.5,30.1,3.0,7,3,1,Cardio,3
174,159,69,0.95,25.0,23.5,3.2,2,0,0,HIIT,0
163,134,79,0.56,23.3,18.7,2.5,3,0,0,Cardio,0
171,140,83,0.61,22.4,18.8,2.8,2,0,0,Cardio,0
164,124,74,0.86,29.6,21.2,3.9,2,0,0,Yoga,0
190,155,74,0.47,31.2,20.3,3.4,3,0,0,Strength,0
188,145,66,1.0,20.7,18.0,3.4,4,2,1,Cardio,2
183,131,68,0.87,28.5,31.4,3.9,5,1,0,Yoga,1
179,149,80,0.66,16.2,26.1,3.5,2,0,0,Strength,0
205,161,58,1.15,25.6,21.9,4.5,7,3,1,Strength,3
190,148,69,0.86,18.9,23.9,3.0,4,2,1,Cardio,2
205,161,58,0.88,13.7,18.0,3.6,7,2,1,Strength,2
182,151,79,0.77,23.0,28.6,4.3,4,1,0,Strength,1
164,138,59,0.58,21.0,18.0,3.7,4,1,0,Mixed,1
196,177,70,0.46,20.6,26.0,3.0,2,0,0,HIIT,0
175,151,76,1.09,14.4,18.0,4.7,4,2,1,Mixed,2
177,142,61,0.89,15.9,22.3,3.6,7,3,1,Strength,3
170,146,72,0.51,23.2,29.0,3.9,2,0,0,Mixed,0
194,160,59,0.89,19.4,18.0,4.1,6,2,1,Mixed,2
194,137,68,0.77,16.1,23.4,4.0,5,1,1,Yoga,1
157,145,76,0.46,32.7,26.5,2.9,2,0,0,HIIT,0
164,128,62,1.16,23.3,25.9,3.8,7,3,1,Cardio,3
175,141,77,0.43,32.4,24.3,2.7,2,0,0,Cardio,0
158,117,66,0.53,23.3,26.0,3.7,2,0,0,Yoga,0
177,136,61,1.05,18.3,21.6,3.2,7,3,1,Cardio,3
183,155,72,0.89,26.2,31.7,4.4,4,1,0,Mixed,1
188,153,72,1.04,18.7,18.0,4.1,5,1,1,Strength,1
187,157,65,1.31,21.4,28.6,4.9,4,2,1,Mixed,2
172,146,69,0.29,28.2,24.8,3.7,2,0,0,Mixed,0
177,129,70,0.71,27.8,26.5,3.3,3,0,0,Yoga,0
198,178,66,1.18,9.1,27.2,3.6,7,3,1,HIIT,3
161,139,71,0.62,25.6,26.2,4.0,2,0,0,Mixed,0
192,135,66,1.08,12.2,20.8,4.3,5,1,1,Yoga,1
197,141,74,0.44,23.1,22.9,3.2,2,0,0,Yoga,0
181,143,55,1.31,10.6,18.2,4.2,7,3,1,Strength,3
169,121,63,0.93,15.5,22.8,3.5,7,3,1,Yoga,3
196,164,69,0.68,31.4,25.3,4.0,3,0,0,Mixed,0
174,140,75,1.15,34.6,26.4,3.4,3,1,0,Cardio,1
171,132,58,1.21,20.2,25.6,3.9,4,2,1,Cardio,2
180,151,64,0.87,18.0,18.0,4.5,6,2,1,Mixed,2
199,155,72,0.75,31.9,21.8,2.7,4,1,0,Cardio,1
170,143,79,0.53,24.6,21.4,3.0,2,0,0,Strength,0
175,159,69,0.68,22.0,18.8,3.3,3,1,0,HIIT,1
162,117,61,0.56,20.8,20.7,4.2,5,2,1,Yoga,2
173,157,67,0.98,14.8,24.0,3.8,7,3,1,HIIT,3
200,155,71,0.61,22.8,29.7,2.8,5,1,0,Cardio,1
162,149,74,0.67,31.4,20.2,2.9,2,0,0,HIIT,0
170,139,66,0.5,31.6,19.5,3.6,2,0,0,Strength,0
166,129,61,1.27,20.8,21.6,3.3,5,3,1,Cardio,3
166,123,70,0.99,16.7,25.3,4.5,4,1,1,Yoga,1
168,141,58,1.25,22.5,28.9,4.6,4,2,1,Mixed,2
191,152,61,0.85,18.2,23.7,3.7,4,2,1,Strength,2
171,132,60,1.43,10.3,18.2,4.0,5,3,1,Cardio,3
192,158,77,0.25,27.6,19.1,2.7,3,0,0,Strength,0
164,139,65,0.64,19.3,24.8,3.8,3,1,0,Mixed,1
192,130,55,1.58,12.9,28.0,4.6,5,3,1,Yoga,3
185,168,71,0.86,23.5,31.3,3.8,4,1,0,HIIT,1
187,152,71,0.67,24.1,19.3,3.2,3,0,0,Strength,0
170,146,74,0.79,28.0,24.6,4.1,3,0,0,Mixed,0
173,147,84,0.75,21.7,19.9,3.3,3,0,0,Strength,0
196,162,60,1.08,14.5,20.4,4.7,5,3,1,Mixed,3
205,168,80,0.71,32.2,20.1,3.2,2,0,0,Strength,0
173,144,55,1.24,14.7,22.7,4.4,7,3,1,Mixed,3
159,146,71,0.31,28.8,20.5,2.7,3,0,0,HIIT,0
187,152,71,0.78,23.4,33.9,3.9,3,0,0,Strength,0
192,172,55,0.87,15.2,22.2,3.7,7,3,1,HIIT,3
193,158,55,0.85,8.0,28.0,4.0,7,3,1,Mixed,3
160,135,76,0.55,30.3,21.4,3.2,3,0,0,Strength,0
200,163,77,0.51,26.0,32.9,3.7,3,0,0,Strength,0
185,155,65,1.19,22.9,25.4,4.8,4,1,1,Mixed,1
194,176,71,0.33,28.7,27.3,2.6,2,0,0,HIIT,0
185,154,60,1.12,15.7,21.6,4.3,5,3,1,Mixed,3
195,139,70,0.94,21.8,27.9,4.4,3,1,0,Yoga,1
160,139,75,0.59,21.0,25.3,4.1,4,1,0,Mixed,1
169,155,81,0.46,32.1,22.5,3.1,3,0,0,HIIT,0
186,134,72,0.76,28.8,19.7,3.7,3,0,0,Yoga,0
199,141,70,1.06,15.7,23.0,3.8,3,1,1,Yoga,1
187,134,70,0.97,27.6,22.7,3.8,2,0,0,Yoga,0
162,124,78,0.54,12.2,27.5,3.3,3,1,0,Yoga,1
165,135,66,0.79,21.4,23.1,3.3,5,2,1,Strength,2
177,143,80,0.25,22.9,18.0,2.0,2,0,0,Cardio,0
198,166,68,1.03,27.4,26.6,4.5,4,1,0,Mixed,1
178,129,70,1.21,20.9,29.2,4.3,4,2,1,Yoga,2
193,157,74,0.62,22.3,18.0,3.3,5,1,0,Strength,1
167,152,66,1.37,16.6,31.2,4.2,7,3,1,HIIT,3
176,128,68,0.82,25.4,29.6,3.6,2,0,0,Yoga,0
182,134,75,0.6,29.2,21.5,3.6,3,0,0,Yoga,0
180,165,80,0.83,25.1,19.5,3.1,2,0,0,HIIT,0
158,122,55,1.32,9.4,28.2,4.2,7,3,1,Cardio,3
186,148,78,0.51,29.7,18.5,2.3,2,0,0,Cardio,0
205,165,73,0.75,22.3,21.3,2.9,3,1,0,Strength,1
176,160,69,0.71,22.8,18.7,3.0,7,2,1,HIIT,2
179,138,62,1.5,17.1,24.0,3.6,7,3,1,Cardio,3
180,127,63,1.09,17.8,29.9,4.5,7,3,1,Yoga,3
193,138,72,1.01,20.5,25.5,3.9,3,1,0,Yoga,1
171,146,71,1.15,17.3,28.1,3.8,6,2,1,Mixed,2
183,155,71,0.44,25.1,22.6,4.1,3,0,0,Mixed,0
182,144,72,0.82,16.0,24.4,3.4,5,1,0,Cardio,1
172,149,81,0.3,29.4,19.1,3.2,2,0,0,Mixed,0
183,146,61,1.12,19.5,23.6,3.9,4,2,1,Strength,2
202,169,72,0.4,26.5,21.0,3.8,2,0,0,Mixed,0
165,134,63,1.17,8.9,23.4,3.6,7,3,1,Strength,3
156,123,82,0.55,27.4,23.1,3.1,2,0,0,Yoga,0
187,146,69,0.52,21.3,22.7,2.7,5,1,0,Cardio,1
196,159,70,0.6,19.8,32.4,3.3,4,1,0,Strength,1
203,159,77,0.87,27.9,31.1,2.9,3,0,0,Cardio,0
190,161,73,0.93,16.9,29.7,4.2,2,0,0,Mixed,0
195,162,85,0.36,23.5,31.2,2.8,3,0,0,Strength,0
158,143,55,1.15,9.5,29.7,4.1,7,3,1,HIIT,3
175,147,60,1.16,20.1,23.9,4.6,7,3,1,Mixed,3
174,140,76,0.53,20.7,23.5,2.5,3,0,0,Cardio,0
205,169,59,0.94,24.5,24.9,4.5,3,1,1,Mixed,1
191,135,66,1.03,22.8,23.2,4.4,3,1,1,Yoga,1
202,181,63,0.69,21.3,19.8,3.3,5,1,0,HIIT,1
167,136,79,0.71,25.9,25.2,2.9,3,0,0,Cardio,0
168,151,55,1.11,8.0,18.0,3.3,7,3,1,HIIT,3
190,171,65,1.44,20.8,24.6,3.5,7,3,1,HIIT,3
174,159,69,0.73,29.8,20.0,2.9,2,0,0,HIIT,0
204,157,70,0.85,16.0,23.7,3.1,4,2,1,Cardio,2
160,119,68,0.61,25.8,24.8,3.4,2,0,0,Yoga,0
175,159,72,0.63,12.7,22.6,2.7,5,1,0,HIIT,1
200,180,65,1.42,18.5,18.0,3.9,6,3,1,HIIT,3
160,134,73,0.65,24.3,19.2,2.9,5,1,0,Strength,1
180,151,64,0.85,24.6,25.8,4.8,4,1,1,Mixed,1
167,132,66,1.03,17.7,21.8,3.3,6,3,1,Cardio,3
174,137,68,1.09,13.3,26.2,3.3,5,2,1,Cardio,2
200,166,63,0.5,32.8,24.0,3.7,2,0,0,Mixed,0
169,125,71,0.59,22.6,23.2,3.7,4,1,0,Yoga,1
160,136,79,0.97,21.4,25.4,3.9,5,2,1,Strength,2
175,147,81,0.7,26.8,21.3,3.2,3,0,0,Strength,0
201,156,73,0.38,27.6,25.6,2.2,2,0,0,Cardio,0
185,148,63,1.01,22.6,22.3,4.2,5,3,1,Strength,3
192,162,73,0.7,23.4,34.1,4.3,2,0,0,Mixed,0
158,145,70,1.05,23.1,19.5,4.2,7,2,1,HIIT,2
171,136,71,0.93,25.0,22.6,3.5,2,0,0,Cardio,0
194,151,71,0.64,15.1,22.7,3.1,5,2,1,Cardio,2
181,142,70,1.04,21.1,18.6,3.5,4,2,1,Cardio,2
172,140,63,1.47,21.7,26.9,4.5,5,3,1,Strength,3
196,157,85,0.85,21.4,22.3,2.6,3,0,0,Cardio,0
195,153,75,0.98,20.4,18.0,3.7,5,1,0,Cardio,1
173,129,75,0.74,18.0,26.8,3.6,4,1,0,Yoga,1
171,134,66,1.31,17.1,21.5,4.2,7,3,1,Cardio,3
205,173,79,0.56,28.6,23.6,4.1,2,0,0,Mixed,0
177,147,77,0.25,30.3,26.7,2.7,2,0,0,Strength,0
170,136,72,0.47,21.2,22.5,2.8,2,0,0,Cardio,0
187,157,67,0.91,21.5,22.5,4.9,5,1,1,Mixed,1
194,156,67,1.15,19.1,33.9,4.0,4,2,1,Strength,2
200,160,68,1.09,18.3,18.0,4.2,7,2,1,Strength,2
167,135,75,0.4,26.4,18.9,2.6,3,0,0,Cardio,0
173,140,63,1.03,18.7,19.6,4.2,6,2,1,Strength,2
167,142,64,1.1,26.6,31.2,4.9,5,2,1,Mixed,2
199,141,70,0.51,22.9,21.4,3.6,3,1,0,Yoga,1
163,149,71,1.04,23.9,25.0,3.0,3,1,0,HIIT,1
179,138,64,1.14,25.4,22.1,3.5,7,2,1,Cardio,2
175,147,81,0.59,27.2,26.4,3.7,3,0,0,Strength,0
163,116,59,1.14,9.7,23.9,3.9,6,3,1,Yoga,3
161,138,72,0.33,29.9,25.0,3.6,3,0,0,Mixed,0
169,136,60,1.31,8.4,29.1,4.0,5,3,1,Strength,3
187,155,59,0.87,9.5,25.8,4.0,7,2,1,Mixed,2
194,176,75,0.93,20.6,21.1,3.9,4,2,0,HIIT,2
169,142,78,0.59,19.2,25.2,3.0,2,0,0,Strength,0
188,169,60,0.56,8.0,33.7,3.3,7,3,1,HIIT,3
181,156,82,0.71,23.7,26.3,4.7,2,0,0,Mixed,0
188,169,64,1.4,14.2,24.6,3.2,6,2,1,HIIT,2
168,119,60,1.32,13.2,18.5,4.6,5,3,1,Yoga,3
178,130,71,0.53,19.3,26.9,3.5,3,0,0,Yoga,0
202,166,55,1.45,15.9,27.5,5.0,7,3,1,Mixed,3
172,142,71,0.6,26.7,25.3,3.5,3,1,0,Strength,1
181,154,70,0.88,22.3,24.5,4.7,6,2,1,Mixed,2
201,179,56,1.27,15.0,35.0,3.6,5,3,1,HIIT,3
197,152,69,0.31,23.1,27.4,2.7,3,1,0,Cardio,1
205,157,69,0.99,22.8,29.0,3.0,5,1,0,Cardio,1
187,136,74,0.75,19.8,24.3,3.5,3,1,0,Yoga,1
201,141,68,0.99,14.5,23.5,3.7,4,1,1,Yoga,1
175,141,79,0.66,26.6,26.5,1.8,3,0,0,Cardio,0
196,178,79,0.71,22.7,23.5,3.2,3,0,0,HIIT,0
196,165,72,0.85,32.6,23.8,4.4,2,0,0,Mixed,0
204,165,74,0.66,21.4,25.9,3.5,3,0,0,Strength,0
171,134,65,1.09,17.9,21.9,3.3,5,2,1,Cardio,2
205,185,73,0.42,25.5,24.9,2.9,2,0,0,HIIT,0
189,159,71,0.7,27.4,24.3,4.1,2,0,0,Mixed,0
193,153,77,0.67,17.2,27.9,3.1,3,1,0,Cardio,1
195,153,55,1.28,17.6,21.6,3.8,5,3,1,Strength,3
180,154,76,0.47,25.0,18.0,4.3,3,0,0,Mixed,0
178,162,72,1.05,13.3,22.8,2.8,4,2,1,HIIT,2
198,158,66,0.73,23.9,25.6,2.6,5,1,0,Strength,1
165,134,75,0.56,30.6,27.9,2.4,3,0,0,Cardio,0
166,127,80,0.36,30.7,21.2,3.7,2,0,0,Yoga,0
184,126,55,0.88,24.8,26.2,4.4,3,1,1,Yoga,1
200,181,75,0.72,22.4,28.5,3.0,3,0,0,HIIT,0
160,116,62,0.88,14.7,27.0,3.8,4,1,1,Yoga,1
166,143,75,0.98,19.4,20.8,4.3,5,1,1,Mixed,1
204,140,61,0.69,15.9,21.3,3.6,6,2,1,Yoga,2
205,151,84,0.36,25.0,25.7,3.0,2,0,0,Yoga,0
181,152,65,0.76,24.5,30.5,3.8,5,1,0,Mixed,1
189,173,77,0.37,28.7,24.1,2.5,2,0,0,HIIT,0
168,130,61,1.04,28.5,23.3,3.2,4,2,1,Cardio,2
190,173,74,0.66,23.5,18.5,3.4,3,0,0,HIIT,0
174,127,70,0.57,24.9,22.5,3.7,5,1,0,Yoga,1
169,153,60,1.33,21.3,21.1,4.0,7,3,1,HIIT,3
178,143,78,0.95,20.2,24.1,2.8,4,1,0,Cardio,1
205,174,82,0.57,25.6,18.0,3.5,3,0,0,Mixed,0
178,147,56,1.17,11.7,22.7,4.6,5,3,1,Mixed,3
190,160,70,0.85,20.4,20.0,4.7,3,1,0,Mixed,1
184,165,59,1.34,16.5,27.8,4.4,6,2,1,HIIT,2
173,126,68,0.74,24.3,20.6,3.9,3,0,0,Yoga,0
189,160,72,0.58,26.6,21.7,4.0,2,0,0,Mixed,0
175,131,78,0.79,27.4,25.1,4.2,5,1,0,Yoga,1
178,145,67,0.65,28.2,22.2,3.3,3,0,0,Strength,0
170,143,63,1.18,16.1,33.4,5.2,6,3,1,Mixed,3
186,146,72,0.87,23.8,27.7,3.0,3,1,0,Cardio,1
200,142,71,0.76,31.1,24.1,4.0,2,0,0,Yoga,0
168,141,78,1.25,25.5,25.5,4.6,3,0,0,Strength,0
156,134,68,0.89,18.5,18.0,3.7,4,2,1,Mixed,2
177,124,60,1.2,20.3,28.9,4.2,5,3,1,Yoga,3
168,123,69,1.14,28.7,26.0,4.2,4,1,0,Yoga,1
201,163,74,0.25,32.5,23.7,2.9,2,0,0,Strength,0
161,128,66,0.86,25.5,26.3,3.2,3,1,0,Cardio,1
164,149,66,0.85,21.1,26.8,3.0,5,2,1,HIIT,2
198,154,72,0.83,24.3,22.3,3.3,3,0,0,Cardio,0
167,153,71,0.86,17.9,25.5,3.0,3,1,0,HIIT,1
169,133,67,0.89,19.1,28.2,3.2,5,1,1,Cardio,1
178,135,57,1.73,23.6,25.8,3.5,7,3,1,Cardio,3
192,161,67,0.67,23.9,23.0,3.6,3,1,0,Mixed,1
195,144,81,0.6,29.6,25.2,3.6,3,0,0,Yoga,0
191,148,68,0.74,20.6,29.5,2.9,3,0,0,Cardio,0
170,131,84,0.47,24.4,27.1,3.1,3,0,0,Yoga,0
174,124,64,1.31,26.2,19.3,4.4,7,3,1,Yoga,3
173,121,57,0.86,17.3,26.3,3.8,6,2,1,Yoga,2
179,126,62,0.92,13.3,25.8,4.4,5,2,1,Yoga,2
187,143,62,0.93,24.4,28.7,3.2,4,1,0,Cardio,1
175,159,68,0.97,21.5,24.1,3.6,4,2,1,HIIT,2
161,125,81,0.62,22.5,22.5,4.0,2,0,0,Yoga,0
194,138,71,1.04,25.9,18.5,4.5,4,1,0,Yoga,1
170,145,71,1.09,14.0,21.2,4.6,7,2,1,Mixed,2
177,142,76,0.65,28.9,28.8,2.5,2,0,0,Cardio,0
157,130,80,0.74,20.9,24.8,2.7,2,0,0,Cardio,0
185,147,76,0.64,27.4,23.6,2.9,3,0,0,Cardio,0
160,148,75,0.25,24.8,29.2,2.8,2,0,0,HIIT,0
187,134,69,0.71,27.2,28.4,3.7,5,2,0,Yoga,2
175,144,74,0.67,26.6,21.1,3.4,3,0,0,Strength,0
195,177,72,1.07,19.6,28.8,3.3,7,2,1,HIIT,2
175,125,63,1.33,16.3,18.0,4.4,6,2,1,Yoga,2
182,154,68,0.94,16.1,25.8,4.4,4,2,1,Mixed,2
172,137,56,0.78,12.6,25.4,3.6,6,3,1,Strength,3
182,152,62,0.82,18.7,28.6,4.8,5,1,1,Mixed,1
189,150,77,0.95,26.8,25.5,3.3,2,0,0,Cardio,0
173,157,66,0.46,22.0,23.0,2.4,3,0,0,HIIT,0
172,145,81,0.66,25.1,23.3,3.7,5,1,0,Strength,1
168,139,73,0.5,24.1,34.8,2.6,2,0,0,Strength,0
200,151,60,1.29,8.0,24.3,3.5,5,3,1,Cardio,3
201,141,68,0.74,21.7,26.4,3.6,4,1,0,Yoga,1
171,138,61,0.89,8.0,18.0,3.1,7,3,1,Strength,3
184,166,67,1.19,17.4,20.7,4.0,4,2,1,HIIT,2
168,151,56,1.42,13.4,26.1,4.0,7,3,1,HIIT,3
166,139,55,1.27,13.2,18.0,4.5,7,3,1,Mixed,3
193,174,69,0.35,28.7,26.2,2.6,3,0,0,HIIT,0
162,127,63,0.92,13.4,21.1,3.3,6,2,1,Cardio,2
165,151,76,0.77,29.6,19.9,3.7,3,0,0,HIIT,0
193,173,61,1.03,15.9,21.1,3.7,7,3,1,HIIT,3
167,133,69,0.85,21.0,30.1,2.6,7,2,1,Cardio,2
163,120,67,0.39,27.4,25.3,2.9,2,0,0,Yoga,0
194,152,56,1.24,15.7,20.4,4.2,7,3,1,Strength,3
193,151,73,0.75,28.7,27.1,2.7,2,0,0,Cardio,0
189,139,78,0.84,17.2,27.3,3.8,3,1,0,Yoga,1
176,144,84,0.75,17.7,22.5,2.6,5,1,0,Cardio,1
161,124,55,1.18,20.8,27.8,3.3,7,3,1,Cardio,3
179,151,65,0.89,8.0,28.0,4.6,7,3,1,Mixed,3
153,129,70,1.05,20.9,27.4,4.5,5,1,1,Strength,1
198,162,78,0.73,28.4,21.3,3.8,2,0,0,Strength,0
182,154,68,0.54,23.1,19.3,3.5,3,0,0,Mixed,0
205,166,77,0.63,23.1,18.0,3.6,3,1,0,Strength,1
169,137,64,0.45,31.6,21.4,2.9,2,0,0,Strength,0
154,140,58,0.94,17.7,22.5,3.2,7,2,1,HIIT,2
177,139,69,1.05,18.5,22.9,3.5,5,1,1,Cardio,1
179,144,62,0.73,17.9,23.8,3.6,6,2,1,Strength,2
190,139,75,0.47,28.2,30.9,3.1,3,0,0,Yoga,0
184,154,67,0.62,25.6,22.6,3.6,4,1,0,Mixed,1
184,151,73,0.68,30.7,23.8,3.5,2,0,0,Strength,0
175,127,69,0.77,23.1,18.0,3.7,3,1,0,Yoga,1
192,149,69,0.71,22.7,32.9,2.8,4,1,0,Cardio,1
167,133,71,0.87,26.8,18.7,3.1,4,1,0,Cardio,1
160,132,79,0.3,24.1,21.2,2.1,3,0,0,Cardio,0
174,140,61,0.9,11.2,26.8,4.1,7,2,1,Strength,2
157,145,77,0.78,24.6,25.0,3.1,4,1,0,HIIT,1
163,137,75,0.25,25.4,30.6,3.1,2,0,0,Strength,0
173,159,76,0.96,24.9,26.9,3.4,4,1,0,HIIT,1
174,148,68,0.87,18.0,23.7,4.5,4,1,1,Mixed,1
195,177,71,0.56,22.2,28.2,3.1,3,0,0,HIIT,0
195,141,75,0.46,26.5,28.6,3.8,3,0,0,Yoga,0
192,154,85,0.96,25.7,21.4,2.6,3,0,0,Cardio,0
196,158,68,0.8,28.6,27.9,3.5,3,0,0,Strength,0
173,159,78,0.31,27.6,23.1,2.7,2,0,0,HIIT,0
162,132,76,0.39,26.7,23.6,2.4,3,0,0,Cardio,0
194,153,77,0.25,30.3,24.6,3.0,2,0,0,Cardio,0
176,158,55,1.1,21.9,22.5,3.8,7,3,1,HIIT,3
179,153,77,0.41,26.1,22.3,3.5,3,0,0,Mixed,0
164,133,76,0.68,25.0,27.9,3.2,2,0,0,Cardio,0
184,155,68,0.76,29.9,18.0,4.4,3,0,0,Mixed,0
185,154,61,1.0,11.4,19.8,4.7,7,3,1,Mixed,3
169,139,69,0.82,27.3,26.7,3.5,5,1,0,Strength,1
202,182,68,0.68,22.4,23.7,3.3,3,1,0,HIIT,1
163,119,65,1.27,12.4,28.0,4.6,6,2,1,Yoga,2
170,130,80,0.52,20.5,25.4,3.4,2,0,0,Yoga,0
165,134,62,1.33,14.5,18.7,4.2,7,3,1,Strength,3
191,173,70,0.58,31.7,24.3,2.5,3,0,0,HIIT,0
189,160,72,0.96,20.4,26.1,4.1,5,1,1,Mixed,1
180,154,75,0.5,18.0,24.9,3.8,2,0,0,Mixed,0
191,159,62,0.96,22.0,22.1,4.2,6,2,1,Mixed,2
178,129,69,0.51,24.6,22.9,3.6,3,0,0,Yoga,0
178,131,74,0.82,20.7,21.8,3.8,5,1,0,Yoga,1
180,131,72,0.76,27.5,18.7,4.2,2,0,0,Yoga,0
183,145,75,0.84,18.6,18.1,2.9,4,1,0,Cardio,1
179,146,70,0.6,32.2,25.6,3.6,2,0,0,Strength,0
192,137,70,0.97,20.2,20.5,4.3,6,3,1,Yoga,3
201,160,85,0.46,24.8,26.3,2.4,3,0,0,Cardio,0
178,130,73,0.68,18.7,21.6,4.0,3,1,0,Yoga,1
198,154,71,1.17,12.3,18.7,3.5,7,2,1,Cardio,2
174,122,58,1.21,12.8,22.4,4.3,6,3,1,Yoga,3
203,152,57,1.11,15.4,32.4,3.1,5,3,1,Cardio,3
183,142,66,1.15,20.4,23.6,3.4,7,3,1,Cardio,3
193,175,76,0.57,28.6,26.6,2.5,2,0,0,HIIT,0
171,125,68,0.42,24.1,24.7,4.0,3,0,0,Yoga,0
197,159,70,0.76,21.1,18.4,4.0,4,1,0,Strength,1
177,126,64,0.78,23.5,29.8,3.5,5,1,1,Yoga,1
197,158,69,0.62,27.8,23.0,3.7,4,1,0,Strength,1
183,144,70,1.02,23.6,18.8,3.1,4,2,0,Cardio,2
192,165,82,0.39,20.1,22.0,3.1,3,0,0,Mixed,0
154,143,76,0.4,21.7,23.2,2.9,2,0,0,HIIT,0
169,155,72,1.16,21.9,27.0,3.5,6,2,1,HIIT,2
177,159,58,1.04,8.0,21.3,3.2,5,3,1,HIIT,3
182,150,74,1.14,11.6,34.5,3.5,4,2,1,Strength,2
158,128,71,0.53,28.3,20.3,2.6,2,0,0,Cardio,0
173,138,56,1.33,13.7,26.4,3.6,5,3,1,Strength,3
171,145,68,0.54,28.5,18.0,4.0,3,1,0,Mixed,1
172,156,61,1.14,19.9,23.5,3.8,6,2,1,HIIT,2
200,163,78,0.42,30.3,25.5,3.2,2,0,0,Strength,0
181,155,76,0.49,23.8,19.5,4.2,4,1,0,Mixed,1
205,146,75,0.44,29.7,30.0,3.3,3,0,0,Yoga,0
182,152,62,1.18,9.3,25.7,4.9,7,3,1,Mixed,3
193,161,63,0.57,25.6,22.7,3.8,4,1,0,Mixed,1
169,132,65,1.03,11.4,25.7,3.0,4,2,1,Cardio,2
183,152,79,0.69,22.7,21.6,3.7,5,1,0,Strength,1
172,145,82,0.55,28.9,29.0,3.2,3,0,0,Strength,0
179,162,65,0.73,19.0,28.1,3.1,3,1,0,HIIT,1
194,163,68,0.58,17.8,25.5,4.3,3,1,0,Mixed,1
193,166,82,1.38,24.2,26.4,5.2,4,2,1,Mixed,2
172,148,77,0.77,20.4,18.1,4.4,3,0,0,Mixed,0
178,128,68,0.98,13.5,29.9,4.3,7,3,1,Yoga,3
183,157,78,0.88,21.5,23.6,4.0,3,1,0,Mixed,1
173,147,69,0.88,25.5,28.1,4.4,2,0,0,Mixed,0
172,126,69,0.74,19.9,27.0,3.9,7,2,1,Yoga,2
189,169,61,1.62,12.1,28.0,4.4,7,3,1,HIIT,3
187,147,74,0.84,17.4,19.8,3.2,7,2,1,Cardio,2
197,180,80,0.57,22.8,20.3,3.0,5,1,0,HIIT,1
198,158,66,1.03,19.8,33.0,3.9,3,1,0,Strength,1
156,139,85,0.54,21.4,18.0,3.4,3,0,0,Mixed,0
188,135,71,0.46,20.0,19.6,3.4,3,1,0,Yoga,1
158,132,73,0.97,22.8,24.2,4.0,5,1,1,Strength,1
163,148,62,0.58,18.1,24.2,3.1,3,0,0,HIIT,0
170,143,80,0.56,26.9,21.8,2.8,2,0,0,Strength,0
175,136,64,0.67,32.4,26.5,3.3,2,0,0,Cardio,0
186,157,69,0.83,19.6,27.6,4.3,3,1,0,Mixed,1
160,120,72,0.52,19.2,23.9,3.5,2,0,0,Yoga,0
165,150,67,0.99,23.1,22.9,3.8,6,2,1,HIIT,2
187,157,66,0.9,12.7,23.9,4.0,7,2,1,Mixed,2
179,146,68,0.77,16.8,22.0,3.4,5,2,1,Strength,2
162,132,76,0.89,22.3,18.0,3.1,3,1,0,Cardio,1
186,151,70,0.53,26.7,25.2,3.4,2,0,0,Strength,0
192,150,74,0.54,28.3,27.1,2.5,2,0,0,Cardio,0
175,135,61,1.24,17.9,23.4,3.9,4,2,1,Cardio,2
180,163,65,0.7,21.1,18.0,3.2,5,1,0,HIIT,1
200,146,80,1.11,32.4,21.7,4.5,5,1,0,Yoga,1
181,141,69,0.6,24.7,27.6,3.5,2,0,0,Cardio,0
204,164,71,0.68,24.6,18.2,3.4,3,0,0,Strength,0
189,161,76,0.56,20.3,26.8,3.6,4,2,0,Mixed,2
167,126,74,0.87,33.3,22.2,3.8,2,0,0,Yoga,0
195,177,75,0.6,19.5,23.9,2.7,2,0,0,HIIT,0
195,166,77,1.16,26.9,21.3,4.3,2,0,0,Mixed,0
199,151,64,0.41,17.6,19.5,2.3,3,1,0,Cardio,1
205,153,55,1.44,13.6,29.7,3.6,6,3,1,Cardio,3
172,137,72,0.88,26.1,27.3,3.4,3,0,0,Cardio,0
184,135,75,0.92,23.5,26.6,3.7,5,1,0,Yoga,1
176,140,73,0.84,16.8,27.6,3.2,4,1,0,Cardio,1
179,150,62,1.01,23.6,26.0,4.0,5,2,1,Mixed,2
176,148,64,0.89,14.0,27.8,4.6,5,2,1,Mixed,2
189,147,69,1.08,18.6,21.3,3.6,5,2,1,Cardio,2
157,113,58,0.78,18.6,29.5,4.2,3,1,1,Yoga,1
192,156,72,0.63,16.3,29.2,3.6,5,1,0,Strength,1
174,149,74,0.65,25.0,25.5,4.1,4,1,0,Mixed,1
175,157,55,0.96,12.0,22.8,2.6,7,3,1,HIIT,3
196,141,73,0.52,21.4,19.1,4.0,5,1,0,Yoga,1
164,136,70,0.97,27.7,24.9,4.2,3,1,0,Strength,1
195,178,84,0.34,28.2,30.7,2.9,2,0,0,HIIT,0
175,148,67,0.51,30.2,19.4,3.7,3,1,0,Mixed,1
190,137,73,0.47,20.6,28.1,3.5,3,1,0,Yoga,1
190,130,58,0.74,22.6,22.1,3.9,5,2,1,Yoga,2
193,163,70,0.83,26.1,22.5,4.5,5,1,0,Mixed,1
172,130,79,0.6,24.8,19.3,3.8,2,0,0,Yoga,0
199,166,67,0.8,22.9,21.0,4.3,4,1,0,Mixed,1
157,123,81,1.02,25.9,26.6,4.1,2,0,0,Yoga,0
168,146,80,0.8,31.3,27.1,4.1,3,0,0,Mixed,0
193,136,66,0.98,17.1,24.9,4.4,6,2,1,Yoga,2
176,140,74,0.52,20.6,22.0,2.5,2,0,0,Cardio,0
180,136,55,0.73,29.1,19.6,2.8,5,1,0,Cardio,1
161,130,57,0.82,12.8,24.2,3.4,7,3,1,Strength,3
162,138,81,0.39,20.2,22.5,3.2,3,0,0,Strength,0
153,133,74,0.65,28.9,24.8,4.2,2,0,0,Mixed,0
174,137,67,0.94,16.2,22.7,2.8,5,2,1,Cardio,2
185,151,73,0.42,21.1,22.8,3.8,2,0,0,Strength,0
167,140,58,1.24,18.7,24.6,5.1,7,2,1,Mixed,2
195,142,79,0.25,22.2,25.4,3.4,3,0,0,Yoga,0
169,129,55,1.13,13.7,28.9,3.6,7,3,1,Cardio,3
196,165,74,0.53,31.4,22.7,3.7,2,0,0,Mixed,0
198,164,62,1.48,17.6,26.2,5.4,7,3,1,Mixed,3
164,148,57,1.62,10.9,31.2,4.2,7,3,1,HIIT,3
182,151,78,0.63,23.3,26.3,3.3,3,1,0,Strength,1
198,167,75,1.18,21.7,28.7,4.1,7,2,1,Mixed,2
171,146,71,0.79,32.1,21.5,3.6,3,0,0,Mixed,0
199,161,71,0.63,22.5,21.1,3.2,3,0,0,Strength,0
171,155,68,0.41,20.8,23.4,3.0,4,1,0,HIIT,1
187,153,76,0.59,22.0,23.8,3.4,5,1,0,Strength,1
194,174,62,1.3,15.2,28.3,3.6,7,3,1,HIIT,3
170,156,74,0.92,25.4,21.1,3.9,4,1,0,HIIT,1
166,133,72,0.77,27.0,23.6,3.2,6,2,0,Cardio,2
194,147,60,0.82,18.9,28.3,2.9,4,2,1,Cardio,2
194,161,63,0.93,17.3,24.9,4.4,5,3,1,Mixed,3
170,144,65,1.16,14.3,24.0,4.9,6,2,1,Mixed,2
198,164,62,1.13,23.6,25.0,4.6,7,3,1,Mixed,3
192,153,81,0.25,28.9,19.5,2.0,3,0,0,Cardio,0
161,131,74,1.07,28.7,19.4,3.0,3,0,0,Cardio,0
187,148,57,1.37,10.6,18.0,4.5,7,3,1,Strength,3
167,140,60,0.73,15.2,24.8,4.4,7,2,1,Mixed,2
193,160,84,0.27,29.8,27.7,3.5,2,0,0,Strength,0
194,154,60,0.95,10.9,27.1,3.9,6,3,1,Strength,3
190,143,55,0.84,10.5,28.6,3.4,7,3,1,Cardio,3
202,166,82,0.69,33.4,29.8,3.8,2,0,0,Strength,0
165,127,56,0.61,13.0,24.6,2.1,4,2,1,Cardio,2
205,153,57,1.35,19.3,23.7,3.7,6,2,1,Cardio,2
191,150,73,0.78,26.5,29.9,3.2,2,0,0,Cardio,0
166,119,62,1.27,23.9,21.2,3.8,5,2,1,Yoga,2
203,153,62,1.31,19.6,19.3,3.4,6,3,1,Cardio,3
163,136,55,1.04,20.4,22.6,4.1,6,2,1,Mixed,2
185,168,67,1.01,22.2,22.2,3.4,6,2,1,HIIT,2
176,147,81,0.81,32.2,24.2,3.5,3,0,0,Strength,0
199,164,60,0.71,24.3,20.6,3.8,6,2,1,Mixed,2
173,138,73,0.55,25.0,25.5,2.1,2,0,0,Cardio,0
199,167,71,0.42,32.2,21.7,3.8,2,0,0,Mixed,0
164,141,72,0.84,25.2,28.9,4.1,5,1,0,Mixed,1
189,156,60,0.8,18.3,19.2,4.5,7,2,1,Mixed,2
196,137,64,0.86,20.1,23.4,3.5,4,1,1,Yoga,1
176,159,59,1.34,18.0,22.7,4.5,7,3,1,HIIT,3
155,115,67,1.07,16.8,24.9,3.7,4,2,1,Yoga,2
193,152,76,0.72,32.2,27.7,3.0,3,0,0,Cardio,0
180,149,58,1.1,15.2,25.1,4.6,7,3,1,Mixed,3
201,182,78,0.32,28.6,23.5,2.9,3,0,0,HIIT,0
193,161,66,1.17,25.3,26.8,4.8,4,2,1,Mixed,2
170,134,69,0.93,30.0,27.4,3.3,2,0,0,Cardio,0
177,140,55,0.9,15.7,25.1,3.6,5,3,1,Strength,3
171,143,78,0.65,34.8,25.6,3.2,3,0,0,Strength,0
197,178,69,0.25,14.5,26.6,2.6,5,1,0,HIIT,1
192,160,64,0.8,22.9,18.0,4.1,3,1,0,Mixed,1
180,155,83,0.66,24.6,22.6,3.9,3,0,0,Mixed,0
167,145,78,0.53,23.4,25.5,4.1,4,1,0,Mixed,1
204,167,81,0.88,23.0,22.8,3.6,2,0,0,Strength,0
204,142,66,1.01,19.6,22.8,4.7,7,2,1,Yoga,2
179,142,55,1.43,13.2,25.5,4.0,6,3,1,Strength,3
190,160,71,1.57,18.1,25.6,5.3,4,2,1,Mixed,2
172,140,65,0.67,20.8,25.9,3.4,5,1,0,Strength,1
194,139,72,0.42,23.4,20.8,3.9,3,0,0,Yoga,0
174,146,79,0.85,27.1,18.3,3.6,2,0,0,Strength,0
193,142,80,0.78,22.1,27.2,3.7,5,1,0,Yoga,1
189,154,73,0.61,11.3,21.0,3.8,7,2,1,Strength,2
166,131,66,0.8,15.7,20.8,3.1,5,2,1,Cardio,2
187,153,74,0.97,18.0,20.4,4.1,3,1,0,Strength,1
198,148,55,1.38,21.2,28.6,3.7,6,3,1,Cardio,3
204,140,62,0.89,24.4,24.8,3.8,3,1,0,Yoga,1
186,148,75,0.89,23.9,25.4,3.1,5,1,0,Cardio,1
171,128,77,0.34,18.9,26.8,3.4,3,0,0,Yoga,0
200,180,68,0.45,26.0,23.8,2.7,2,0,0,HIIT,0
176,159,65,1.07,15.5,28.1,3.3,5,2,1,HIIT,2
175,129,73,0.93,20.4,19.2,3.6,4,1,0,Yoga,1
188,154,75,0.96,27.2,19.7,3.9,4,1,0,Strength,1
177,142,78,0.63,23.1,19.4,2.7,2,0,0,Cardio,0
170,146,73,0.45,26.2,25.7,3.8,2,0,0,Mixed,0
168,139,71,0.46,21.6,26.0,3.1,3,0,0,Strength,0
180,141,71,0.98,21.6,22.1,3.0,4,1,0,Cardio,1
191,141,79,0.88,22.2,23.1,3.9,2,0,0,Yoga,0
192,139,75,0.47,21.9,29.1,3.4,3,1,0,Yoga,1
169,128,78,1.15,17.4,21.2,4.3,3,1,0,Yoga,1
205,165,70,0.74,15.8,25.2,3.6,3,1,0,Strength,1
182,147,64,0.98,23.8,21.3,3.7,5,1,1,Strength,1
194,153,75,0.68,26.9,28.4,2.8,3,1,0,Cardio,1
192,174,70,0.8,19.4,26.5,2.7,5,1,0,HIIT,1
169,119,59,1.05,10.0,18.4,4.0,6,2,1,Yoga,2
197,160,73,0.67,20.8,23.0,3.2,5,1,0,Strength,1
177,152,77,1.12,28.8,18.0,5.1,4,1,0,Mixed,1
190,171,62,1.18,15.0,27.6,4.0,7,3,1,HIIT,3
171,140,82,0.74,32.0,32.2,3.1,2,0,0,Cardio,0
186,130,63,0.88,20.5,18.0,3.9,7,2,1,Yoga,2
178,161,66,1.03,21.6,18.3,3.7,5,1,1,HIIT,1
165,141,69,0.99,11.5,24.7,4.2,7,2,1,Mixed,2
186,151,68,0.81,23.9,23.9,3.7,5,1,0,Strength,1
176,162,81,0.39,31.3,22.4,2.9,2,0,0,HIIT,0
190,156,76,0.46,24.0,18.0,2.8,3,0,0,Strength,0
169,138,66,1.13,13.9,25.3,3.9,7,3,1,Strength,3
184,149,68,0.8,20.2,27.6,3.6,5,2,1,Strength,2
181,148,70,0.47,21.7,35.0,2.9,2,0,0,Strength,0
184,152,55,1.33,18.1,29.2,4.8,4,2,1,Mixed,2
182,151,79,0.41,25.9,18.8,2.9,3,0,0,Strength,0
177,132,78,0.66,23.9,24.0,3.7,3,0,0,Yoga,0
170,143,65,0.81,22.0,26.4,3.9,5,1,1,Mixed,1
170,146,74,0.81,26.6,21.2,4.1,4,1,0,Mixed,1
196,153,72,1.09,21.4,27.1,3.7,4,2,1,Cardio,2
181,147,66,0.89,15.9,26.8,3.8,4,1,1,Strength,1
198,176,55,0.81,19.3,28.9,3.7,7,3,1,HIIT,3
174,147,65,1.18,13.5,27.2,4.4,6,3,1,Mixed,3
195,155,81,0.65,25.1,25.1,3.4,2,0,0,Cardio,0
168,152,61,0.99,21.2,21.4,3.4,6,2,1,HIIT,2
198,178,64,1.33,15.0,18.8,4.1,7,3,1,HIIT,3
180,151,62,1.27,15.9,24.9,4.5,6,3,1,Mixed,3
184,167,74,0.54,23.2,22.4,2.8,3,0,0,HIIT,0
202,160,63,1.45,19.8,22.8,4.2,5,3,1,Strength,3
184,151,72,0.54,34.1,28.5,3.3,3,0,0,Strength,0
179,162,64,1.24,23.9,29.5,3.4,4,1,1,HIIT,1
177,146,72,0.49,23.6,19.1,3.4,3,1,0,Strength,1
192,152,61,1.26,16.4,23.2,4.6,7,3,1,Strength,3
158,132,57,1.26,21.4,22.3,4.5,5,1,1,Mixed,1
201,153,64,0.93,21.8,25.3,3.1,3,1,0,Cardio,1
186,168,62,1.64,18.1,18.0,4.1,4,2,1,HIIT,2
190,156,78,0.78,28.8,18.2,3.5,3,0,0,Strength,0
175,125,62,0.76,18.1,23.5,3.4,4,1,1,Yoga,1
193,149,68,0.86,18.5,27.1,2.5,5,1,0,Cardio,1
182,136,80,1.1,23.2,24.3,4.0,5,1,0,Yoga,1
201,182,75,0.45,23.5,26.7,2.8,2,0,0,HIIT,0
177,152,76,0.46,28.2,24.8,3.4,2,0,0,Mixed,0
172,148,75,0.53,23.5,29.1,4.3,2,0,0,Mixed,0
183,142,65,1.23,25.2,29.9,4.0,7,3,1,Cardio,3
185,168,70,0.48,21.1,21.0,2.6,3,1,0,HIIT,1
169,139,69,0.72,30.1,27.5,3.8,3,1,0,Strength,1
166,152,71,0.56,15.1,26.0,3.4,5,1,0,HIIT,1
190,160,72,0.82,18.3,34.0,3.4,6,2,1,Mixed,2
167,127,77,0.48,26.9,20.8,3.8,2,0,0,Yoga,0
184,152,75,0.25,29.8,23.5,2.9,3,0,0,Strength,0
188,138,76,1.07,21.1,19.9,4.5,3,1,0,Yoga,1
181,128,62,1.39,13.4,20.1,4.3,4,2,1,Yoga,2
189,128,55,1.46,14.6,25.5,4.2,5,3,1,Yoga,3
170,142,77,0.37,30.2,24.8,3.3,2,0,0,Strength,0
199,166,67,1.36,11.9,26.2,4.5,5,2,1,Mixed,2
190,161,72,0.28,21.1,26.1,3.8,3,0,0,Mixed,0
205,159,74,0.69,23.4,23.1,2.3,2,0,0,Cardio,0
167,128,81,0.8,23.4,23.0,3.5,2,0,0,Yoga,0
182,128,62,1.28,8.6,20.1,4.5,6,3,1,Yoga,3
192,150,72,0.87,19.7,21.2,3.0,4,2,0,Cardio,2
178,146,71,0.68,20.4,23.8,3.9,3,1,0,Strength,1
181,142,69,0.64,21.4,24.8,2.4,5,1,0,Cardio,1
150,139,74,0.53,20.3,26.8,2.9,3,1,0,HIIT,1
195,160,77,0.3,25.1,26.4,3.2,3,0,0,Strength,0
205,186,77,0.71,24.5,30.2,3.3,3,0,0,HIIT,0
190,171,64,0.82,20.8,20.1,3.1,6,2,1,HIIT,2
177,130,72,0.79,16.1,23.1,3.9,3,0,0,Yoga,0
160,130,62,0.61,25.0,20.5,3.4,6,2,1,Strength,2
177,142,78,0.9,25.2,29.1,3.5,2,0,0,Cardio,0
175,151,78,0.73,21.3,22.0,4.3,3,0,0,Mixed,0
183,125,55,1.33,12.1,28.6,4.2,7,3,1,Yoga,3
177,147,56,1.15,13.6,29.8,4.4,5,3,1,Mixed,3
199,137,62,1.0,19.1,25.7,4.6,3,1,1,Yoga,1
181,164,68,0.94,26.2,25.2,3.3,4,1,0,HIIT,1
170,144,67,0.79,20.1,24.2,3.7,4,1,0,Mixed,1
196,158,71,0.74,16.2,22.7,3.6,4,1,0,Strength,1
174,142,66,0.84,21.2,22.3,3.9,5,2,1,Strength,2
155,131,76,0.86,20.4,23.4,3.5,7,2,1,Strength,2
205,164,67,0.89,18.7,31.3,3.8,5,2,1,Strength,2
172,128,73,1.0,26.0,19.8,4.4,4,1,0,Yoga,1
183,146,58,0.73,22.5,24.8,3.7,4,2,1,Strength,2
167,144,73,0.69,26.6,26.8,4.7,2,0,0,Mixed,0
191,173,70,0.53,23.5,22.9,3.2,2,0,0,HIIT,0
190,161,73,0.56,21.6,25.7,3.3,3,1,0,Mixed,1
161,131,75,0.69,26.3,18.0,2.6,2,0,0,Cardio,0
161,128,68,0.7,22.5,29.3,2.4,5,1,0,Cardio,1
201,161,70,0.82,28.5,28.5,3.6,5,2,0,Strength,2
192,155,69,0.86,21.7,23.6,3.6,3,1,0,Strength,1
161,137,82,0.44,22.8,20.5,3.5,3,0,0,Strength,0
172,135,67,1.3,8.0,27.2,3.8,6,3,1,Cardio,3
168,144,72,0.44,26.6,19.4,3.9,2,0,0,Mixed,0
193,155,66,1.04,17.6,20.0,3.9,6,3,1,Strength,3
178,132,76,0.38,25.4,23.8,3.5,3,0,0,Yoga,0
172,134,63,1.11,15.0,30.1,3.3,5,2,1,Cardio,2
180,150,62,0.85,13.6,26.6,4.0,7,3,1,Mixed,3
188,141,55,1.31,13.8,21.4,3.6,7,3,1,Cardio,3
171,120,57,1.33,12.1,18.0,4.6,7,3,1,Yoga,3
160,116,62,1.02,15.6,24.2,4.4,7,3,1,Yoga,3
189,159,69,0.48,25.7,25.0,3.5,3,1,0,Mixed,1
203,184,75,0.52,14.7,23.7,2.8,3,1,0,HIIT,1
176,144,68,0.86,20.9,31.2,3.8,3,1,0,Strength,1
197,136,61,1.23,18.7,23.5,4.5,7,3,1,Yoga,3
201,181,64,0.96,20.1,18.0,3.9,6,2,1,HIIT,2
168,135,57,1.26,17.3,22.4,4.4,7,2,1,Strength,2
198,179,67,0.79,18.3,25.8,2.8,6,2,1,HIIT,2
204,144,72,0.82,23.2,25.5,3.9,3,1,0,Yoga,1
193,159,55,1.05,13.9,23.3,4.4,7,3,1,Mixed,3
192,134,63,0.53,18.6,22.6,3.4,2,0,0,Yoga,0
177,130,73,0.55,19.8,18.0,3.5,2,0,0,Yoga,0
194,156,66,0.8,13.4,24.3,3.8,7,3,1,Strength,3
159,133,84,0.3,24.5,22.6,2.1,5,1,0,Cardio,1
195,162,61,0.91,22.5,25.0,4.5,5,1,1,Mixed,1
198,159,68,1.2,17.5,26.0,4.4,5,3,1,Strength,3
187,135,71,0.93,11.0,29.0,4.4,4,2,1,Yoga,2
191,161,72,0.5,24.6,20.2,3.7,3,0,0,Mixed,0
172,141,84,0.25,27.0,18.8,2.1,2,0,0,Cardio,0
173,147,67,1.02,14.5,21.7,4.4,5,2,1,Mixed,2
205,141,64,0.84,12.3,21.1,4.1,5,2,1,Yoga,2
168,142,66,0.41,21.8,20.7,3.6,3,0,0,Mixed,0
189,133,66,0.77,19.4,29.8,4.1,4,2,1,Yoga,2
166,142,70,0.79,26.3,24.6,3.9,5,1,0,Mixed,1
181,156,81,0.7,21.7,31.9,4.4,3,1,0,Mixed,1
192,158,55,0.9,18.7,24.0,3.8,6,3,1,Mixed,3
166,131,66,1.15,23.2,19.3,3.2,3,1,0,Cardio,1
175,129,72,0.63,22.3,20.8,4.0,3,0,0,Yoga,0
160,126,85,0.8,28.3,28.1,3.6,2,0,0,Yoga,0
204,157,69,0.38,27.7,19.5,2.8,2,0,0,Cardio,0
189,134,67,1.46,8.0,26.2,4.5,6,3,1,Yoga,3
192,148,67,0.42,21.7,22.6,2.2,2,0,0,Cardio,0
168,144,72,0.49,17.9,20.3,3.8,5,1,0,Mixed,1
205,156,65,1.18,20.7,29.5,3.6,7,2,1,Cardio,2
196,178,72,0.75,27.6,21.6,2.7,3,0,0,HIIT,0
205,144,69,0.81,20.3,20.7,3.3,7,2,1,Yoga,2
187,147,71,0.65,20.3,23.7,2.3,3,0,0,Cardio,0
181,153,67,0.49,23.4,22.0,3.7,2,0,0,Mixed,0
192,172,58,1.42,13.7,32.9,4.2,7,3,1,HIIT,3
185,167,65,0.76,25.4,28.2,3.3,3,1,0,HIIT,1
183,142,66,0.81,14.9,21.6,3.0,4,2,1,Cardio,2
202,167,64,1.21,18.6,22.1,4.6,7,2,1,Mixed,2
185,149,83,0.65,20.8,18.0,3.0,2,0,0,Cardio,0
183,154,68,1.03,26.6,24.5,4.2,4,1,0,Mixed,1
176,159,66,1.21,24.3,21.0,4.4,7,2,1,HIIT,2
189,170,64,0.53,35.8,24.4,3.5,4,1,0,HIIT,1
204,143,68,1.0,25.4,18.0,4.1,4,1,0,Yoga,1
170,142,60,1.0,14.5,23.9,4.4,6,2,1,Mixed,2
176,148,66,1.2,22.5,30.8,4.7,5,3,1,Mixed,3
177,130,71,0.33,35.0,24.2,3.5,3,0,0,Yoga,0
187,158,72,0.52,27.8,20.9,3.8,3,0,0,Mixed,0
170,156,76,0.58,35.9,23.9,3.1,3,0,0,HIIT,0
198,150,61,1.09,23.1,23.7,3.2,6,2,1,Cardio,2
193,136,67,1.08,18.4,32.8,4.4,7,3,1,Yoga,3
184,144,70,1.31,17.5,22.7,3.3,6,3,1,Cardio,3
168,139,71,0.93,19.0,19.2,4.0,3,0,0,Strength,0
186,155,64,0.89,15.7,24.1,4.1,6,3,1,Mixed,3
186,130,61,0.98,18.6,24.8,4.0,7,2,1,Yoga,2
179,144,63,0.85,23.0,26.2,3.7,7,2,1,Strength,2
193,162,68,0.98,17.4,27.0,4.3,4,2,1,Mixed,2
189,146,66,0.89,15.0,31.8,2.9,4,2,1,Cardio,2
177,136,61,1.31,17.2,21.6,3.4,6,3,1,Cardio,3
201,142,70,0.77,11.3,21.3,4.0,4,2,1,Yoga,2
184,148,80,0.67,18.9,18.0,2.5,3,0,0,Cardio,0
161,128,65,1.26,18.1,26.6,3.6,6,2,1,Cardio,2
205,169,62,1.03,14.3,20.5,4.5,4,2,1,Mixed,2
192,151,75,0.89,32.2,27.6,2.8,2,0,0,Cardio,0
174,138,70,0.79,34.5,22.0,2.6,2,0,0,Cardio,0
180,130,69,0.91,12.4,30.9,4.2,6,2,1,Yoga,2
170,141,74,0.51,19.6,18.3,3.0,2,0,0,Strength,0
179,139,64,1.09,26.6,28.1,3.4,3,1,0,Cardio,1
167,140,77,0.64,26.6,27.6,2.6,5,1,0,Strength,1
156,120,75,0.25,29.6,26.1,3.5,3,0,0,Yoga,0
166,133,56,1.26,8.0,19.5,4.0,5,3,1,Strength,3
175,128,71,0.89,15.9,26.1,3.9,5,2,1,Yoga,2
205,174,81,0.34,27.6,24.5,4.1,3,0,0,Mixed,0
197,164,66,0.37,28.5,18.0,3.5,3,0,0,Mixed,0
157,136,76,1.02,29.6,30.2,4.0,3,1,0,Mixed,1
203,157,71,0.97,22.2,22.6,3.3,3,1,0,Cardio,1
195,166,80,0.62,20.3,29.9,4.4,3,0,0,Mixed,0
157,128,60,1.65,15.6,23.7,4.9,7,3,1,Strength,3
163,133,62,0.98,12.3,27.9,3.7,7,3,1,Strength,3
170,131,58,1.07,14.2,20.6,3.6,7,3,1,Cardio,3
161,129,70,0.73,14.1,24.9,2.8,7,2,1,Cardio,2
156,142,62,1.1,18.6,24.6,3.7,7,2,1,HIIT,2
163,136,75,1.03,22.7,22.7,4.3,5,1,1,Strength,1
173,156,61,0.8,13.3,20.5,3.1,5,3,1,HIIT,3
199,154,69,1.14,24.5,18.0,3.0,6,2,1,Cardio,2
157,129,65,0.83,20.0,20.6,3.2,5,1,1,Strength,1
205,171,67,0.98,10.1,26.8,5.2,4,2,1,Mixed,2
185,158,78,0.35,29.2,18.4,4.0,2,0,0,Mixed,0
180,141,69,1.12,14.2,19.2,2.5,7,3,1,Cardio,3
167,127,78,0.74,23.9,18.3,4.2,3,0,0,Yoga,0
195,150,67,1.28,22.6,24.8,3.4,4,1,1,Cardio,1
174,143,72,0.7,32.9,20.4,3.2,3,0,0,Strength,0
201,153,64,1.41,10.2,28.9,3.4,7,3,1,Cardio,3
176,134,57,1.48,15.4,26.9,3.1,7,3,1,Cardio,3
166,141,67,0.49,15.1,24.8,3.9,5,1,1,Mixed,1
199,156,56,1.22,10.6,25.2,4.3,5,3,1,Strength,3
194,153,76,0.37,29.6,20.9,2.4,2,0,0,Cardio,0
178,153,76,0.85,22.3,20.9,4.4,3,0,0,Mixed,0
189,154,73,0.6,29.3,26.8,2.8,3,0,0,Strength,0
172,150,83,0.61,29.4,27.7,3.7,2,0,0,Mixed,0
159,138,73,1.28,21.1,26.8,4.7,5,1,1,Mixed,1
202,157,74,1.2,18.3,22.1,3.2,7,2,1,Cardio,2
190,138,76,0.68,27.0,22.4,3.6,2,0,0,Yoga,0
163,131,71,0.45,31.1,20.3,3.3,2,0,0,Cardio,0
187,152,70,0.25,21.6,27.1,2.7,2,0,0,Strength,0
186,158,74,0.53,31.7,18.0,4.1,2,0,0,Mixed,0
190,140,79,0.77,22.5,18.0,3.7,2,0,0,Yoga,0
172,143,74,0.79,22.7,18.0,4.2,3,0,0,Strength,0
166,152,74,0.66,19.0,18.0,2.4,3,1,0,HIIT,1
190,159,67,0.96,12.8,29.4,4.4,6,3,1,Mixed,3
192,156,71,0.83,25.7,27.1,3.5,2,0,0,Strength,0
195,174,55,1.15,11.9,19.2,3.5,6,3,1,HIIT,3
192,139,75,0.94,17.9,23.6,4.0,3,1,0,Yoga,1
183,154,66,1.07,21.0,29.9,4.4,6,2,1,Mixed,2
198,159,67,0.85,23.5,26.0,3.8,5,2,1,Strength,2
191,140,78,0.67,27.9,32.5,3.8,3,0,0,Yoga,0
196,132,55,1.61,12.4,23.5,4.8,5,3,1,Yoga,3
165,151,77,0.45,23.2,21.4,3.0,3,0,0,HIIT,0
157,131,71,0.59,19.9,19.7,3.5,3,1,0,Strength,1
183,136,77,0.59,29.2,24.1,3.6,2,0,0,Yoga,0
170,154,65,0.77,23.9,27.7,3.8,5,1,0,HIIT,1
185,150,70,0.7,22.4,24.4,3.7,5,1,0,Strength,1
187,167,58,1.31,10.3,22.6,4.2,7,3,1,HIIT,3
177,146,75,0.92,27.0,29.0,3.8,3,1,0,Strength,1
196,157,65,1.02,14.0,26.1,3.8,7,2,1,Strength,2
177,147,57,1.35,17.8,23.5,4.4,6,3,1,Mixed,3
205,163,65,1.08,19.7,20.9,4.1,4,1,1,Strength,1
186,153,74,0.75,23.1,23.0,3.4,4,1,0,Strength,1
185,167,65,0.9,10.2,25.9,3.3,7,3,1,HIIT,3
181,133,75,1.0,16.6,20.9,4.3,4,2,1,Yoga,2
193,133,58,0.99,14.6,19.1,4.4,7,3,1,Yoga,3
175,125,65,1.07,27.2,22.1,4.1,5,1,1,Yoga,1
200,139,64,1.09,14.8,23.8,3.5,4,2,1,Yoga,2
172,137,72,0.54,18.6,29.5,2.9,2,0,0,Cardio,0
202,166,57,1.41,15.4,19.4,5.2,6,3,1,Mixed,3
189,145,62,1.3,20.8,24.9,3.8,7,3,1,Cardio,3
175,151,80,0.89,20.5,22.9,4.1,3,0,0,Mixed,0
192,174,77,0.57,30.5,23.1,2.9,2,0,0,HIIT,0
188,137,76,0.31,25.1,30.2,3.3,2,0,0,Yoga,0
173,158,74,0.68,19.4,24.3,3.3,3,1,0,HIIT,1
196,178,74,0.44,23.4,20.3,2.7,2,0,0,HIIT,0
169,137,77,0.94,26.2,27.6,3.0,3,1,0,Cardio,1
177,145,85,0.74,16.4,27.3,3.3,5,1,0,Cardio,1
185,153,57,1.16,14.9,20.0,4.8,7,3,1,Mixed,3
170,156,76,0.58,20.3,19.2,3.2,3,1,0,HIIT,1
170,156,76,1.2,29.9,25.6,4.0,4,1,0,HIIT,1
165,143,78,0.66,25.7,23.9,4.4,3,0,0,Mixed,0
191,153,81,0.47,28.8,22.1,2.6,2,0,0,Cardio,0
197,141,72,0.76,25.7,28.2,4.0,5,1,0,Yoga,1
163,130,68,0.72,15.5,21.6,2.6,6,2,1,Cardio,2
184,165,60,1.07,20.0,25.7,3.7,7,3,1,HIIT,3
200,157,76,0.58,28.2,28.7,2.6,3,0,0,Cardio,0
175,159,68,1.05,14.2,22.6,3.6,5,2,1,HIIT,2
159,131,77,0.78,30.1,18.0,3.2,3,0,0,Cardio,0
203,138,60,1.08,27.3,22.4,3.4,7,2,1,Yoga,2
164,125,78,0.59,26.0,24.8,3.8,3,0,0,Yoga,0
186,147,74,0.57,25.9,28.0,2.3,3,0,0,Cardio,0
158,117,67,0.77,26.2,21.9,3.7,5,1,0,Yoga,1
178,127,65,1.13,12.8,30.9,4.3,5,3,1,Yoga,3
190,136,70,0.66,29.8,18.8,3.1,3,0,0,Yoga,0
168,145,74,0.63,33.3,24.7,4.2,2,0,0,Mixed,0
179,123,55,0.97,12.9,23.0,4.5,7,3,1,Yoga,3
183,141,63,0.92,21.8,29.4,3.3,6,2,1,Cardio,2
161,136,77,1.23,23.1,18.1,4.3,5,2,1,Strength,2
193,151,71,0.71,28.8,25.7,2.6,3,0,0,Cardio,0
163,117,59,1.2,11.2,23.0,4.1,6,3,1,Yoga,3
200,157,77,0.64,21.9,30.1,2.5,4,1,0,Cardio,1
170,143,62,0.98,11.9,20.7,4.0,5,3,1,Mixed,3
198,154,74,0.58,29.0,25.7,2.9,2,0,0,Cardio,0
159,113,57,0.87,15.9,20.6,4.0,6,3,1,Yoga,3
167,153,68,0.86,8.9,24.8,3.4,7,2,1,HIIT,2
173,126,68,0.62,16.3,22.5,4.0,5,1,1,Yoga,1
159,133,85,0.54,27.8,22.5,2.5,3,0,0,Cardio,0
171,139,64,1.29,9.9,18.0,4.1,7,2,1,Strength,2
202,158,78,0.62,22.2,25.7,2.7,3,1,0,Cardio,1
167,138,69,0.82,17.5,19.7,3.6,4,2,1,Strength,2
166,152,69,0.94,19.9,19.5,3.6,5,2,1,HIIT,2
187,158,69,0.53,26.4,18.0,3.6,3,1,0,Mixed,1
192,150,73,0.51,22.7,19.8,2.0,3,0,0,Cardio,0
177,141,59,0.8,14.4,26.0,3.1,7,3,1,Strength,3
177,160,65,1.15,11.1,25.8,3.7,5,3,1,HIIT,3
184,136,78,0.6,28.9,26.7,3.4,3,0,0,Yoga,0
167,140,61,0.93,20.1,19.9,4.3,4,1,1,Mixed,1
197,178,69,0.76,34.2,24.9,3.6,3,0,0,HIIT,0
188,143,59,1.0,11.4,21.5,3.8,5,3,1,Cardio,3
173,130,78,0.3,31.5,27.8,4.1,2,0,0,Yoga,0
189,143,59,1.17,10.6,25.7,3.9,7,3,1,Cardio,3
182,154,67,0.97,20.6,21.4,4.3,3,1,0,Mixed,1
161,120,70,0.61,25.9,28.2,3.2,2,0,0,Yoga,0
165,150,65,0.79,13.3,26.0,3.6,7,3,1,HIIT,3
164,120,65,0.9,20.5,18.5,4.0,5,2,1,Yoga,2
160,121,73,0.95,22.9,18.0,4.0,7,2,1,Yoga,2
174,137,69,0.86,35.0,18.6,2.6,2,0,0,Cardio,0
183,152,78,1.03,35.5,30.6,3.7,2,0,0,Strength,0
192,160,63,1.21,14.0,19.9,5.1,5,3,1,Mixed,3
157,120,74,0.8,29.5,31.5,3.4,4,1,0,Yoga,1
164,126,79,0.65,31.5,19.7,3.6,3,0,0,Yoga,0
187,136,72,0.76,24.9,19.3,3.7,2,0,0,Yoga,0
195,151,69,0.63,16.3,27.5,2.8,4,1,0,Cardio,1
173,129,76,0.51,24.2,27.7,3.1,2,0,0,Yoga,0
187,134,70,0.55,24.7,26.2,3.9,3,0,0,Yoga,0
194,177,80,0.65,26.2,26.7,3.0,3,0,0,HIIT,0
195,161,58,0.82,22.3,20.8,4.4,5,1,1,Mixed,1
205,144,69,0.55,26.0,27.3,3.2,3,0,0,Yoga,0
180,127,62,0.89,26.7,25.0,3.9,5,1,1,Yoga,1
194,143,80,0.55,31.2,22.5,3.6,2,0,0,Yoga,0
180,140,66,1.04,20.5,24.4,2.9,4,2,1,Cardio,2
155,127,62,1.19,23.8,28.2,3.9,7,2,1,Strength,2
174,136,65,0.89,13.6,25.6,2.7,7,2,1,Cardio,2
161,132,66,1.07,21.6,18.0,3.7,7,2,1,Strength,2
170,120,59,1.0,21.4,27.6,4.3,7,2,1,Yoga,2
172,157,71,1.29,25.4,27.3,3.6,3,1,0,HIIT,1
185,147,77,0.89,22.8,22.5,2.7,5,1,0,Cardio,1
182,152,83,0.54,27.0,24.5,3.1,2,0,0,Strength,0
205,148,79,0.63,31.3,24.5,3.5,2,0,0,Yoga,0
192,157,76,0.64,25.0,18.0,3.1,2,0,0,Strength,0
205,144,70,1.17,20.3,22.4,4.2,4,2,1,Yoga,2
195,149,64,1.75,8.1,22.5,4.2,7,3,1,Cardio,3
182,143,69,0.4,19.4,23.4,2.8,3,0,0,Cardio,0
187,149,60,1.05,14.8,21.9,3.6,6,2,1,Strength,2
176,130,73,0.67,26.3,26.7,3.3,5,1,0,Yoga,1
175,137,67,0.91,24.1,20.8,2.5,4,1,0,Cardio,1
182,154,70,0.69,26.8,27.6,3.8,3,0,0,Mixed,0
191,153,81,0.76,25.7,26.5,2.6,2,0,0,Cardio,0
170,127,75,0.72,25.4,29.4,4.1,3,0,0,Yoga,0
185,153,60,1.21,8.0,30.9,5.0,6,3,1,Mixed,3
182,143,69,0.37,22.2,31.0,2.2,3,0,0,Cardio,0
196,138,68,0.94,21.8,19.3,4.3,3,1,0,Yoga,1
180,144,58,1.05,16.4,25.4,3.7,7,3,1,Strength,3
171,138,60,0.89,19.6,21.1,3.5,4,2,1,Strength,2
183,141,64,0.73,22.4,35.0,2.2,4,1,0,Cardio,1
173,131,79,0.92,18.4,26.5,3.7,4,1,0,Yoga,1
174,130,77,0.79,24.9,29.7,3.5,3,1,0,Yoga,1
184,132,69,0.92,21.2,25.7,3.8,5,1,1,Yoga,1
190,131,58,0.96,8.0,18.0,4.5,6,2,1,Yoga,2
193,154,61,1.02,24.9,20.9,3.8,4,1,1,Strength,1
194,163,68,0.94,21.7,21.3,4.2,3,1,0,Mixed,1
192,151,55,1.26,8.0,22.4,4.4,5,3,1,Strength,3
193,154,63,0.97,14.4,25.4,4.2,4,2,1,Strength,2
197,149,60,0.62,25.5,26.0,3.0,3,1,0,Cardio,1
193,156,70,1.03,20.5,18.0,3.8,3,1,0,Strength,1
176,143,66,0.97,22.3,23.1,3.7,7,2,1,Strength,2
173,156,64,1.32,15.3,22.1,3.5,4,2,1,HIIT,2
184,149,85,1.1,31.5,29.5,3.2,2,0,0,Cardio,0
189,157,64,1.07,22.2,26.4,4.6,5,2,1,Mixed,2
186,150,84,0.25,28.4,23.3,2.5,2,0,0,Cardio,0
192,150,71,0.97,28.0,24.9,3.2,3,1,0,Cardio,1
199,180,70,1.42,14.8,18.0,4.0,7,3,1,HIIT,3
164,149,66,0.86,21.3,26.6,3.6,3,0,0,HIIT,0
205,164,70,0.52,26.2,22.4,2.9,2,0,0,Strength,0
200,143,74,0.78,28.4,20.8,3.9,2,0,0,Yoga,0
163,125,78,0.71,26.2,29.3,3.6,3,1,0,Yoga,1
165,138,74,0.59,29.9,25.1,3.6,2,0,0,Strength,0
192,160,67,0.84,24.9,21.3,4.1,5,1,0,Mixed,1
193,161,68,1.11,15.1,21.6,3.8,5,2,1,Mixed,2
189,171,65,1.27,11.0,25.5,3.5,7,3,1,HIIT,3
191,155,71,0.89,26.0,25.2,3.2,2,0,0,Strength,0
190,145,62,1.03,21.9,24.1,3.2,6,2,1,Cardio,2
195,156,83,0.8,31.9,19.2,3.3,2,0,0,Cardio,0
168,136,76,0.86,23.9,19.8,3.3,3,1,0,Cardio,1
195,163,68,1.26,14.7,21.0,4.5,5,3,1,Mixed,3
172,158,80,0.77,24.9,23.2,3.4,3,0,0,HIIT,0
178,130,71,0.73,23.1,23.8,3.8,2,0,0,Yoga,0
194,152,75,0.31,20.8,23.4,2.4,3,0,0,Cardio,0
205,160,55,1.2,17.6,23.5,3.8,7,3,1,Strength,3
180,155,80,0.64,27.4,31.5,4.0,3,0,0,Mixed,0
199,180,72,1.04,24.7,27.4,3.0,3,0,0,HIIT,0
175,141,61,0.43,19.6,28.8,2.9,3,1,0,Strength,1
162,132,76,0.76,29.4,25.9,3.9,3,0,0,Cardio,0
185,154,81,0.76,22.4,24.3,3.7,2,0,0,Strength,0
194,163,68,0.87,32.1,25.6,4.4,2,0,0,Mixed,0
205,185,69,0.84,25.3,24.9,2.8,3,1,0,HIIT,1
191,172,67,0.9,25.4,27.2,3.5,4,1,0,HIIT,1
188,153,70,0.92,16.0,20.1,3.7,4,2,1,Strength,2
195,156,65,0.67,27.1,26.9,3.3,3,0,0,Strength,0
195,153,76,0.64,26.1,24.7,2.4,3,1,0,Cardio,1
189,152,66,0.93,28.9,18.0,3.6,5,1,0,Strength,1
199,143,74,0.65,25.7,24.3,3.7,2,0,0,Yoga,0
184,168,74,0.82,26.2,18.8,3.5,4,1,0,HIIT,1
170,156,72,1.0,16.5,21.9,3.9,4,2,1,HIIT,2
192,133,60,0.72,10.6,23.4,3.4,7,3,1,Yoga,3
183,165,66,1.02,14.2,18.0,3.8,3,1,1,HIIT,1
183,139,57,1.12,16.8,23.8,3.3,7,3,1,Cardio,3
183,132,71,1.05,18.8,24.3,4.3,7,2,1,Yoga,2
193,158,56,1.29,13.3,27.0,4.9,5,3,1,Mixed,3
197,158,67,0.68,20.8,22.2,3.3,4,2,0,Strength,2
164,124,75,0.54,23.5,25.1,3.6,2,0,0,Yoga,0
178,144,79,0.25,34.6,23.6,2.7,3,0,0,Cardio,0
175,125,65,0.93,21.9,22.3,4.0,7,2,1,Yoga,2
196,177,68,0.88,21.9,18.0,3.7,5,1,0,HIIT,1
165,151,72,0.58,33.8,23.6,3.5,3,0,0,HIIT,0
162,147,62,0.8,14.6,27.0,3.3,4,2,1,HIIT,2
196,175,55,1.09,15.5,20.3,3.5,6,3,1,HIIT,3
190,149,73,1.14,20.2,23.1,3.2,4,1,0,Cardio,1
195,158,71,0.62,24.1,23.7,2.9,5,1,0,Strength,1
198,177,63,0.93,17.8,28.4,3.1,4,1,0,HIIT,1
176,140,73,0.8,31.2,24.1,3.0,2,0,0,Cardio,0
168,135,74,0.34,26.9,25.2,2.4,3,0,0,Cardio,0
191,144,57,1.43,20.9,24.0,3.7,5,3,1,Cardio,3
183,152,59,1.36,13.6,22.0,4.6,5,3,1,Mixed,3
197,163,59,1.01,21.2,19.5,5.2,5,3,1,Mixed,3
169,126,74,0.85,28.9,22.9,4.2,4,1,0,Yoga,1
187,148,75,0.25,26.0,25.6,2.4,3,0,0,Cardio,0
193,161,63,0.99,17.3,24.5,4.0,7,3,1,Mixed,3
173,144,55,1.23,11.8,29.9,4.5,7,3,1,Mixed,3
183,127,60,0.98,15.9,27.8,4.0,5,2,1,Yoga,2
162,148,68,0.26,31.3,29.0,2.6,3,0,0,HIIT,0
194,156,68,1.24,18.5,18.0,3.8,4,1,1,Strength,1
187,151,65,1.07,15.9,30.3,4.2,6,2,1,Strength,2
181,145,78,0.57,27.2,25.1,2.8,3,1,0,Cardio,1
181,129,66,0.82,22.2,25.6,3.9,3,1,0,Yoga,1
176,149,69,0.79,21.4,27.6,4.3,4,2,1,Mixed,2
187,143,61,1.15,17.1,24.1,3.3,4,2,1,Cardio,2
177,162,75,0.25,24.4,19.7,2.5,3,0,0,HIIT,0
175,143,69,0.87,21.5,29.8,3.3,4,1,0,Strength,1
155,122,60,1.03,10.0,20.9,3.8,4,2,1,Cardio,2
170,145,71,0.28,30.5,20.1,3.9,2,0,0,Mixed,0
166,151,68,1.42,23.2,23.1,4.0,7,3,1,HIIT,3
170,122,62,1.1,15.9,22.5,4.1,4,2,1,Yoga,2
188,151,65,1.38,16.1,24.0,4.5,7,3,1,Strength,3
180,150,78,0.48,27.4,23.6,3.1,2,0,0,Strength,0
201,162,72,0.58,28.5,29.4,3.7,3,0,0,Strength,0
200,169,75,0.71,24.9,25.8,4.2,2,0,0,Mixed,0
185,145,71,0.96,12.0,20.6,3.5,3,1,0,Cardio,1
192,163,77,1.09,30.1,21.1,4.0,3,0,0,Mixed,0
169,140,73,0.33,26.1,22.4,3.3,2,0,0,Strength,0
184,143,67,0.57,26.7,22.5,2.5,3,0,0,Cardio,0
170,144,66,1.11,26.9,21.9,4.4,5,1,1,Mixed,1
168,140,76,0.74,24.9,19.6,3.8,4,1,0,Strength,1
189,153,70,1.23,22.8,25.2,4.3,3,1,1,Strength,1
179,131,73,0.64,27.2,22.2,3.5,2,0,0,Yoga,0
187,154,55,1.67,14.8,20.2,5.2,5,3,1,Mixed,3
170,128,76,0.95,19.2,25.9,4.2,3,1,0,Yoga,1
172,138,74,0.32,21.6,27.4,2.9,3,0,0,Cardio,0
197,145,80,0.25,24.5,23.0,3.4,2,0,0,Yoga,0
159,135,78,0.57,21.4,31.1,3.3,2,0,0,Strength,0
190,174,79,0.53,21.8,32.9,3.2,2,0,0,HIIT,0
166,135,78,0.98,21.8,26.0,3.2,4,1,0,Cardio,1
175,146,61,1.14,12.6,22.1,4.6,6,3,1,Mixed,3
160,122,74,0.58,22.4,25.1,3.2,2,0,0,Yoga,0
185,157,73,0.95,19.9,19.1,4.2,5,2,1,Mixed,2
171,155,64,0.99,18.8,20.5,3.7,6,3,1,HIIT,3
155,124,66,0.66,21.4,18.0,2.8,4,1,0,Cardio,1
201,165,80,0.62,29.4,21.5,3.5,2,0,0,Strength,0
158,122,78,1.09,15.3,19.1,4.1,4,1,1,Yoga,1
191,130,55,1.58,14.9,26.5,5.1,5,3,1,Yoga,3
202,156,69,0.63,24.0,21.0,2.7,3,0,0,Cardio,0
167,152,66,0.72,19.5,25.1,3.3,4,1,0,HIIT,1
190,148,69,1.14,21.4,27.0,3.7,6,2,1,Cardio,2
192,139,74,0.99,29.6,28.7,3.9,3,1,0,Yoga,1
193,157,73,0.73,21.1,22.6,2.8,5,1,0,Strength,1
169,126,74,0.77,21.1,25.2,3.8,4,1,0,Yoga,1
194,175,64,1.16,27.0,25.4,3.6,4,1,0,HIIT,1
193,159,59,1.14,17.3,29.1,4.1,4,2,1,Mixed,2
187,159,76,0.51,15.6,27.1,4.1,5,1,0,Mixed,1
166,133,71,0.7,24.0,29.2,3.0,5,1,0,Cardio,1
200,147,81,0.61,21.9,18.0,3.3,3,0,0,Yoga,0
188,168,57,1.18,8.1,21.3,3.9,7,3,1,HIIT,3
158,145,70,0.41,31.8,28.1,2.5,3,0,0,HIIT,0
204,170,69,0.97,25.1,26.3,4.5,2,0,0,Mixed,0
178,153,79,0.64,18.7,23.5,3.6,3,0,0,Mixed,0
172,135,66,0.95,11.3,22.1,3.0,7,3,1,Cardio,3
188,146,68,0.86,25.5,27.2,2.8,7,2,1,Cardio,2
187,169,68,0.67,31.0,18.0,3.2,4,1,0,HIIT,1
166,130,63,0.88,21.4,27.2,3.2,6,3,1,Cardio,3
170,138,63,1.16,20.8,24.4,4.2,7,3,1,Strength,3
157,113,60,0.69,23.5,22.0,3.7,4,1,1,Yoga,1
160,133,68,0.81,27.0,26.0,3.9,4,1,0,Strength,1
195,148,61,1.37,13.6,22.5,3.8,7,3,1,Cardio,3
165,140,81,0.39,26.7,24.1,2.6,2,0,0,Strength,0
181,142,70,0.88,19.2,23.8,2.7,4,1,0,Cardio,1
189,158,66,0.78,23.8,27.0,4.5,5,2,1,Mixed,2
198,138,65,0.74,19.0,24.6,4.1,5,2,1,Yoga,2
183,135,76,0.79,28.6,18.0,3.6,2,0,0,Yoga,0
200,180,68,0.43,26.1,18.4,3.1,3,0,0,HIIT,0
175,136,62,1.12,26.6,19.7,3.3,4,2,1,Cardio,2
205,156,64,0.76,18.8,25.8,3.1,2,0,0,Cardio,0
205,168,58,1.16,15.9,26.2,4.2,7,3,1,Mixed,3
179,154,77,0.71,28.8,30.7,3.9,2,0,0,Mixed,0
189,146,66,0.88,26.8,19.9,3.4,5,1,0,Cardio,1
166,141,69,0.85,21.8,29.2,4.5,4,1,1,Mixed,1
179,131,72,0.79,18.7,18.0,3.8,4,1,0,Yoga,1
198,147,85,0.64,23.3,24.1,4.1,3,0,0,Yoga,0
191,150,75,0.51,28.4,25.0,2.8,2,0,0,Cardio,0
178,163,74,0.52,24.6,25.0,2.6,5,1,0,HIIT,1
185,133,69,0.82,19.2,22.8,3.9,3,1,0,Yoga,1
187,135,72,0.87,25.4,24.5,3.5,4,1,0,Yoga,1
162,132,75,0.87,28.5,19.1,3.4,3,0,0,Cardio,0
173,128,73,0.5,26.8,27.5,3.6,3,0,0,Yoga,0
194,138,69,0.69,26.4,25.0,4.0,3,1,0,Yoga,1
181,146,81,0.29,27.3,25.4,2.3,3,0,0,Cardio,0
160,122,76,0.35,27.0,22.9,3.3,2,0,0,Yoga,0
196,150,64,0.46,21.9,22.7,2.5,4,1,0,Cardio,1
180,164,68,0.5,27.9,26.1,3.0,4,1,0,HIIT,1
201,168,71,0.48,26.4,30.4,4.3,2,0,0,Mixed,0
182,146,80,0.74,30.7,18.4,3.1,3,0,0,Cardio,0
154,112,61,1.07,12.4,18.2,3.9,7,2,1,Yoga,2
166,135,64,1.5,12.4,25.1,4.4,5,3,1,Strength,3
171,148,80,0.7,24.5,22.7,4.0,3,0,0,Mixed,0
177,161,71,0.41,19.1,24.5,2.7,4,1,0,HIIT,1
187,157,68,1.03,22.9,23.9,4.5,7,2,1,Mixed,2
176,135,57,1.53,20.1,26.5,4.2,7,3,1,Cardio,3
198,144,79,0.36,29.3,22.9,3.2,3,0,0,Yoga,0
191,132,59,1.07,16.7,19.2,4.5,6,2,1,Yoga,2
180,163,68,0.72,18.1,20.8,3.7,4,1,0,HIIT,1
197,166,73,0.56,25.6,23.4,3.9,3,0,0,Mixed,0
205,185,70,1.2,22.1,19.0,4.0,6,2,1,HIIT,2
194,154,79,0.81,18.0,23.9,2.9,3,1,0,Cardio,1
195,164,73,0.61,22.3,24.2,3.8,2,0,0,Mixed,0
194,140,75,0.54,36.7,22.6,3.6,3,0,0,Yoga,0
174,156,55,1.48,14.4,24.8,4.0,7,3,1,HIIT,3
161,135,60,1.14,15.3,18.0,5.3,7,3,1,Mixed,3
164,139,81,0.6,22.7,20.2,3.0,2,0,0,Strength,0
191,144,56,0.91,14.0,19.4,3.1,7,2,1,Cardio,2
166,143,75,0.41,29.2,27.5,3.8,3,0,0,Mixed,0
171,137,74,0.98,19.6,33.2,2.4,3,1,0,Cardio,1
176,124,60,1.4,19.4,20.5,5.0,7,3,1,Yoga,3
174,144,74,0.63,29.5,23.1,3.5,3,0,0,Strength,0
180,165,79,0.7,32.4,21.2,2.7,3,0,0,HIIT,0
180,126,61,1.21,22.6,24.9,3.5,7,2,1,Yoga,2
192,173,61,0.93,20.9,21.6,3.5,4,2,1,HIIT,2
169,131,61,0.75,25.0,25.1,2.8,5,1,0,Cardio,1
194,137,67,0.82,18.0,26.7,4.1,5,2,1,Yoga,2
192,146,61,1.34,8.1,19.1,3.4,6,3,1,Cardio,3
176,138,67,0.74,25.2,25.1,3.0,4,1,0,Cardio,1
182,154,71,0.61,30.8,18.0,3.7,2,0,0,Mixed,0
187,157,70,0.89,19.4,23.0,3.9,4,1,0,Mixed,1
173,124,65,1.1,19.0,22.7,4.0,7,2,1,Yoga,2
187,170,69,0.37,21.1,23.1,2.7,3,0,0,HIIT,0
175,159,65,0.72,33.1,22.8,2.9,2,0,0,HIIT,0
195,176,66,1.0,26.9,22.0,3.2,3,0,0,HIIT,0
167,138,68,0.6,27.7,22.9,4.1,3,0,0,Strength,0
173,139,59,1.26,17.4,25.0,4.5,5,2,1,Strength,2
185,152,75,0.27,24.7,25.1,3.3,3,0,0,Strength,0
179,145,65,1.02,10.9,24.5,3.5,4,2,1,Strength,2
173,158,74,0.25,27.6,21.7,2.3,3,0,0,HIIT,0
183,141,62,1.4,15.9,28.3,3.7,6,3,1,Cardio,3
198,167,72,0.6,26.6,30.1,3.9,5,1,0,Mixed,1
197,179,77,0.52,16.8,18.8,3.2,2,0,0,HIIT,0
190,159,65,0.81,21.0,24.7,4.3,7,2,1,Mixed,2
167,152,65,1.01,27.5,22.1,3.8,4,1,0,HIIT,1
189,145,63,1.02,25.2,27.7,3.2,3,1,0,Cardio,1
205,183,57,1.02,8.0,23.9,3.4,7,3,1,HIIT,3
199,168,76,0.81,17.8,24.2,3.8,4,1,0,Mixed,1
185,169,77,0.8,20.6,26.0,3.4,7,2,1,HIIT,2
191,157,78,0.59,35.5,22.8,3.0,3,0,0,Strength,0
183,131,67,0.73,15.3,30.7,3.8,5,2,1,Yoga,2
190,141,80,0.45,22.1,26.0,3.2,3,0,0,Yoga,0
173,157,68,1.19,16.2,27.7,4.0,6,3,1,HIIT,3
175,159,70,0.78,28.4,23.1,3.1,2,0,0,HIIT,0
199,182,85,0.54,32.3,23.5,3.2,3,0,0,HIIT,0
177,128,68,1.5,11.1,27.2,4.5,7,3,1,Yoga,3
184,155,68,0.48,21.7,26.8,3.9,2,0,0,Mixed,0
182,149,70,0.25,22.1,19.0,2.7,2,0,0,Strength,0
174,147,84,0.53,22.0,24.5,2.8,4,1,0,Strength,1
192,173,65,1.07,13.8,25.9,3.5,7,3,1,HIIT,3
171,122,62,1.52,17.4,23.5,4.6,7,2,1,Yoga,2
170,147,75,0.53,35.5,25.5,3.5,3,0,0,Mixed,0
183,131,69,0.86,21.1,23.6,4.2,4,2,1,Yoga,2
205,166,74,0.88,16.3,18.0,3.6,3,1,0,Strength,1
182,148,67,1.48,17.6,18.8,4.5,5,3,1,Strength,3
160,129,71,0.89,12.2,27.9,2.7,5,1,1,Cardio,1
164,122,71,0.76,27.2,23.0,4.2,4,1,0,Yoga,1
197,139,68,1.2,26.3,24.8,4.3,3,1,0,Yoga,1
174,142,65,0.97,13.9,24.0,3.8,3,1,1,Strength,1
164,149,60,1.04,23.6,20.7,3.3,4,2,1,HIIT,2
175,130,74,0.87,20.7,22.1,4.2,3,0,0,Yoga,0
168,154,77,0.6,27.7,25.3,2.7,3,0,0,HIIT,0
184,144,68,0.58,24.2,25.7,2.6,2,0,0,Cardio,0
205,168,80,0.66,24.6,32.8,3.2,3,1,0,Strength,1
180,131,72,0.43,27.2,22.1,3.6,3,0,0,Yoga,0
185,168,71,0.6,27.9,30.7,2.2,3,0,0,HIIT,0
176,123,60,1.0,8.0,20.6,4.0,7,3,1,Yoga,3
192,153,63,0.86,19.6,26.0,3.9,2,0,0,Strength,0
183,141,62,1.25,20.8,24.7,3.6,7,3,1,Cardio,3
204,152,55,1.14,20.5,23.5,3.0,7,3,1,Cardio,3
160,134,55,1.02,14.3,24.0,4.6,4,2,1,Mixed,2
186,153,76,0.85,29.8,21.5,3.6,2,0,0,Strength,0
191,139,76,0.61,16.7,27.6,3.5,2,0,0,Yoga,0
174,138,70,1.19,21.4,20.6,3.4,7,3,1,Cardio,3
201,138,61,1.69,11.7,25.3,5.3,5,3,1,Yoga,3
189,150,61,1.04,16.2,27.0,3.9,7,3,1,Strength,3
186,148,60,1.16,16.4,29.5,4.1,7,3,1,Strength,3
205,184,62,0.31,24.8,27.9,2.7,3,0,0,HIIT,0
179,163,70,1.02,15.7,26.3,4.0,3,1,1,HIIT,1
205,163,65,1.01,25.4,21.4,3.8,7,2,1,Strength,2
163,150,74,0.88,32.0,20.9,3.2,2,0,0,HIIT,0
191,147,66,0.95,21.3,19.4,2.8,3,1,0,Cardio,1
169,156,78,0.32,26.6,19.1,2.6,3,0,0,HIIT,0
185,168,70,0.47,22.8,24.0,2.9,3,0,0,HIIT,0
155,128,79,0.29,30.4,21.1,2.2,3,0,0,Cardio,0
186,159,77,0.42,20.6,28.8,3.6,2,0,0,Mixed,0
197,155,77,0.3,20.4,21.7,2.5,4,1,0,Cardio,1
191,135,68,0.79,21.5,24.4,4.0,5,1,1,Yoga,1
167,129,82,0.68,29.5,22.9,3.7,3,0,0,Yoga,0
205,156,66,0.94,18.9,18.4,3.2,6,2,1,Cardio,2
172,155,60,1.32,11.9,28.4,3.8,6,3,1,HIIT,3
177,140,71,0.46,26.6,26.8,2.4,2,0,0,Cardio,0
192,175,77,0.64,26.0,27.2,4.1,2,0,0,HIIT,0
194,176,73,0.35,19.6,26.4,2.9,2,0,0,HIIT,0
192,135,65,1.03,23.9,21.0,4.0,6,2,1,Yoga,2
180,132,74,0.89,24.9,21.0,4.4,4,1,0,Yoga,1
174,148,70,0.82,22.7,25.8,4.6,3,1,0,Mixed,1
186,137,77,0.54,23.2,30.2,3.4,2,0,0,Yoga,0
169,137,78,1.02,16.4,25.5,3.0,4,1,0,Cardio,1
162,117,63,1.2,13.7,27.9,4.3,6,3,1,Yoga,3
190,172,72,0.67,27.0,21.9,3.5,2,0,0,HIIT,0
173,157,68,0.96,31.3,28.4,3.6,5,1,0,HIIT,1
185,152,76,0.78,27.9,22.3,3.5,3,0,0,Strength,0
173,142,85,0.5,18.1,25.0,2.6,3,0,0,Cardio,0
205,170,63,1.03,30.0,22.5,4.3,4,1,0,Mixed,1
194,163,71,0.79,19.1,27.6,4.2,5,1,1,Mixed,1
154,119,77,1.03,24.0,27.6,4.0,5,1,0,Yoga,1
161,136,78,0.69,28.3,18.1,3.4,2,0,0,Strength,0
182,129,64,0.97,11.5,29.3,4.0,4,2,1,Yoga,2
201,140,66,0.53,34.8,33.5,4.2,2,0,0,Yoga,0
174,148,73,0.76,22.0,22.6,4.6,4,2,1,Mixed,2
179,161,58,1.2,20.2,23.5,3.9,6,3,1,HIIT,3
180,145,65,0.49,18.7,29.0,3.4,4,1,0,Strength,1
193,158,76,0.5,32.6,24.3,3.4,3,0,0,Strength,0
191,149,72,0.96,10.3,24.0,3.4,5,2,1,Cardio,2
192,162,72,0.55,21.6,31.6,3.8,5,1,0,Mixed,1
178,148,58,0.89,9.6,18.6,4.0,7,3,1,Mixed,3
170,139,66,0.98,13.6,20.8,3.9,5,2,1,Strength,2
182,132,71,0.51,21.0,25.7,3.8,4,1,0,Yoga,1
163,130,68,0.38,16.8,18.0,2.5,4,1,0,Cardio,1
168,140,75,0.7,25.2,22.5,3.3,2,0,0,Strength,0
199,152,66,0.85,25.9,22.5,2.5,4,1,0,Cardio,1
178,144,65,0.84,13.0,27.8,3.9,4,1,1,Strength,1
189,137,73,0.8,15.5,26.8,3.6,3,1,0,Yoga,1
195,150,68,0.89,14.0,18.0,2.8,5,1,1,Cardio,1
173,157,65,0.87,16.0,21.2,3.5,4,2,1,HIIT,2
190,136,71,0.43,25.6,21.2,3.1,3,0,0,Yoga,0
204,171,72,1.03,26.8,23.1,3.9,3,0,0,Mixed,0
172,157,73,0.69,30.7,19.6,3.6,2,0,0,HIIT,0
182,140,62,0.85,12.8,25.8,2.9,4,2,1,Cardio,2
171,156,73,0.76,27.7,21.2,3.4,3,0,0,HIIT,0
165,134,76,0.63,26.0,26.4,3.1,2,0,0,Cardio,0
195,144,82,0.53,29.0,24.0,3.9,3,0,0,Yoga,0
168,144,74,0.75,25.2,20.1,4.2,3,1,0,Mixed,1
181,142,68,0.57,25.8,29.6,3.2,5,1,0,Cardio,1
165,132,72,0.52,26.4,29.7,2.1,3,0,0,Cardio,0
194,160,61,0.83,17.2,25.2,4.8,5,1,1,Mixed,1
186,149,62,1.18,21.9,23.0,4.0,4,2,1,Strength,2
191,171,60,0.83,12.9,19.8,2.9,6,2,1,HIIT,2
178,147,75,0.72,30.7,28.3,3.7,2,0,0,Strength,0
167,153,73,1.06,23.0,27.3,3.6,6,2,1,HIIT,2
189,172,73,0.89,21.8,20.7,3.2,2,0,0,HIIT,0
182,163,58,1.0,14.0,21.3,3.0,4,2,1,HIIT,2
189,158,64,1.13,9.0,25.8,4.2,7,2,1,Mixed,2
173,147,68,0.94,25.6,19.3,4.7,4,1,1,Mixed,1
169,138,81,0.46,36.3,21.5,2.3,2,0,0,Cardio,0
198,163,56,0.88,17.5,19.8,4.2,7,2,1,Mixed,2
194,175,70,0.39,28.7,20.0,2.7,2,0,0,HIIT,0
176,126,64,1.02,19.9,21.1,3.8,7,3,1,Yoga,3
165,127,57,0.96,18.1,27.6,3.2,7,2,1,Cardio,2
171,135,68,1.04,18.7,18.0,3.3,5,2,1,Cardio,2
194,161,62,1.29,22.9,25.7,4.8,6,2,1,Mixed,2
198,180,80,0.56,25.3,25.0,3.1,2,0,0,HIIT,0
186,129,60,0.87,17.7,27.9,4.3,7,3,1,Yoga,3
191,158,59,1.41,12.2,25.0,4.5,7,3,1,Mixed,3
204,158,73,1.01,16.4,22.5,3.5,5,1,1,Cardio,1
187,150,65,0.92,15.9,20.7,3.7,5,2,1,Strength,2
189,156,59,0.7,12.1,28.0,3.9,7,2,1,Mixed,2
171,133,62,0.99,19.1,26.0,3.1,6,2,1,Cardio,2
172,136,67,0.51,21.2,22.0,2.9,3,0,0,Cardio,0
184,149,66,1.03,27.0,27.6,4.2,5,1,1,Strength,1
183,125,55,1.45,20.4,22.2,4.4,6,2,1,Yoga,2
192,163,77,1.06,13.9,24.0,4.8,6,2,1,Mixed,2
170,140,70,0.89,19.0,21.6,3.4,5,1,1,Strength,1
191,149,73,0.88,22.8,26.1,3.0,4,1,0,Cardio,1
170,141,56,1.25,12.0,20.0,4.2,7,3,1,Mixed,3
205,159,73,0.52,20.2,22.8,2.6,3,1,0,Cardio,1
186,151,69,0.84,17.8,21.4,3.2,5,2,1,Strength,2
205,185,75,0.77,23.5,25.1,3.8,3,1,0,HIIT,1
179,163,75,0.56,29.8,25.6,3.3,2,0,0,HIIT,0
171,157,75,0.85,17.8,19.6,3.5,4,1,0,HIIT,1
194,175,62,0.92,23.0,25.6,3.7,4,2,1,HIIT,2
181,151,62,0.88,12.2,18.1,4.9,7,3,1,Mixed,3
184,167,75,0.63,24.3,32.8,3.4,2,0,0,HIIT,0
189,169,55,1.51,9.2,22.0,4.0,7,3,1,HIIT,3
192,159,61,0.69,32.3,28.2,3.5,4,1,0,Mixed,1
172,142,74,0.68,34.4,24.8,3.6,2,0,0,Strength,0
177,126,64,1.32,23.4,25.0,4.9,7,2,1,Yoga,2
188,154,74,1.03,18.4,19.3,4.0,3,0,0,Strength,0
178,149,65,1.09,17.4,27.4,4.8,6,3,1,Mixed,3
198,163,82,0.71,26.1,24.2,3.4,3,0,0,Strength,0
167,152,68,0.84,21.2,25.9,3.3,4,2,1,HIIT,2
190,174,78,0.65,24.7,23.6,2.9,3,0,0,HIIT,0
185,158,75,0.42,29.7,24.5,3.6,2,0,0,Mixed,0
194,141,76,0.55,31.1,20.5,3.9,3,0,0,Yoga,0
170,155,72,1.15,17.5,23.4,3.9,4,1,1,HIIT,1
177,129,71,1.12,25.6,22.3,3.8,5,1,1,Yoga,1
197,179,78,0.85,23.8,21.2,2.9,2,0,0,HIIT,0
179,153,75,0.6,35.3,24.5,4.0,3,0,0,Mixed,0
173,136,68,0.98,23.3,25.5,3.3,4,1,0,Cardio,1
202,155,66,1.24,20.8,25.0,3.1,5,2,1,Cardio,2
184,128,59,1.26,9.7,23.6,4.5,7,3,1,Yoga,3
155,135,77,0.47,23.7,25.6,3.4,4,1,0,Mixed,1
170,134,68,0.73,29.0,25.0,3.1,3,1,0,Cardio,1
205,146,74,1.02,11.7,24.4,4.5,7,3,1,Yoga,3
203,183,68,1.1,15.8,24.7,3.9,7,3,1,HIIT,3
171,156,69,0.26,22.7,28.7,2.3,2,0,0,HIIT,0
179,148,76,0.56,22.5,19.2,3.0,5,1,0,Strength,1
172,145,64,0.66,14.4,22.7,4.3,5,2,1,Mixed,2
181,141,68,1.11,21.4,25.4,3.6,7,2,1,Cardio,2
159,146,73,1.47,17.3,18.0,3.8,7,2,1,HIIT,2
189,146,66,0.5,24.2,29.5,2.4,3,1,0,Cardio,1
175,127,68,0.87,26.1,25.0,3.8,3,1,0,Yoga,1
184,144,69,0.86,22.8,27.8,2.8,6,2,1,Cardio,2
187,136,73,0.71,30.7,28.5,3.7,2,0,0,Yoga,0
202,167,59,0.82,19.0,25.6,3.9,3,1,1,Mixed,1
178,147,75,0.74,25.5,18.0,3.4,5,1,0,Strength,1
178,161,67,1.01,8.0,24.6,3.0,4,2,1,HIIT,2
174,158,70,0.63,19.6,24.8,3.3,3,1,0,HIIT,1
192,174,71,0.91,20.5,19.7,3.9,4,1,0,HIIT,1
185,140,85,0.93,23.4,18.0,4.4,3,0,0,Yoga,0
197,178,70,1.32,13.9,25.8,3.7,5,2,1,HIIT,2
185,154,61,1.0,23.5,19.0,4.4,5,2,1,Mixed,2
165,130,66,1.17,16.7,32.2,3.6,7,2,1,Cardio,2
179,135,81,0.51,21.6,25.1,3.3,2,0,0,Yoga,0
193,158,76,0.85,20.4,29.4,3.6,4,1,0,Strength,1
172,141,67,0.6,25.3,24.1,3.0,3,0,0,Strength,0
199,158,62,1.02,16.6,27.0,3.8,5,2,1,Strength,2
177,139,69,0.68,31.2,24.2,2.9,2,0,0,Cardio,0
176,138,68,1.1,15.8,28.0,3.4,6,2,1,Cardio,2
189,171,70,0.73,23.8,18.0,3.4,2,0,0,HIIT,0
158,130,78,0.7,26.6,27.6,3.0,4,1,0,Cardio,1
176,161,81,0.67,27.8,26.7,3.2,2,0,0,HIIT,0
187,157,69,0.76,27.2,23.4,4.6,3,1,0,Mixed,1
169,132,64,0.83,21.3,22.4,3.2,5,1,1,Cardio,1
173,146,66,0.7,17.7,22.8,4.0,3,1,0,Mixed,1
197,161,77,0.56,21.8,25.1,3.1,3,0,0,Strength,0
162,141,79,0.25,27.9,28.9,3.1,3,0,0,Mixed,0
189,152,65,1.28,18.4,21.9,4.1,7,2,1,Strength,2
188,168,55,1.13,16.8,18.0,4.2,7,3,1,HIIT,3
189,135,68,1.28,16.0,33.9,4.7,6,2,1,Yoga,2
181,149,55,1.21,19.4,26.7,5.5,7,3,1,Mixed,3
184,126,55,1.23,11.0,22.4,4.4,7,3,1,Yoga,3
167,125,75,1.16,17.4,28.8,4.4,4,1,1,Yoga,1
205,183,59,1.23,16.3,27.7,3.4,7,2,1,HIIT,2
169,140,71,0.42,22.9,26.0,3.0,4,1,0,Strength,1
184,141,60,1.51,15.1,22.1,3.3,7,3,1,Cardio,3
195,175,66,0.57,26.1,26.7,3.3,3,1,0,HIIT,1
164,120,66,1.07,18.5,28.4,4.2,7,2,1,Yoga,2
176,140,72,0.81,31.3,18.0,2.6,2,0,0,Cardio,0
166,132,70,0.84,28.1,24.9,3.0,3,1,0,Cardio,1
157,129,63,0.8,13.2,25.2,3.5,5,2,1,Strength,2
200,142,72,0.75,32.0,25.1,4.0,3,0,0,Yoga,0
186,169,72,0.59,29.3,24.2,3.6,2,0,0,HIIT,0
179,144,61,1.31,21.9,28.7,4.0,6,2,1,Strength,2
165,152,79,0.71,29.4,23.2,3.1,2,0,0,HIIT,0
194,162,68,0.91,24.7,24.0,4.1,4,1,0,Mixed,1
203,141,64,0.92,19.5,25.3,4.2,5,1,1,Yoga,1
189,137,73,0.79,21.9,23.3,3.5,3,0,0,Yoga,0
160,133,72,0.59,21.4,18.5,3.2,3,0,0,Strength,0
162,146,58,1.4,23.1,24.9,4.5,5,3,1,HIIT,3
181,145,79,1.07,30.2,24.9,3.6,3,0,0,Cardio,0
179,147,72,0.89,26.0,22.5,3.5,3,0,0,Strength,0
164,123,73,0.71,28.5,23.5,3.8,2,0,0,Yoga,0
174,131,78,0.61,30.1,18.0,3.6,3,0,0,Yoga,0
168,134,72,0.75,24.0,28.8,3.1,3,1,0,Cardio,1
189,171,72,0.53,35.3,27.6,3.6,3,0,0,HIIT,0
174,130,75,1.0,20.8,18.6,4.1,3,1,0,Yoga,1
165,136,70,0.95,21.6,21.3,3.3,5,2,1,Strength,2
176,161,74,0.76,16.6,29.8,3.4,3,1,0,HIIT,1
188,171,72,0.43,16.8,19.4,2.2,4,1,0,HIIT,1
180,128,64,1.2,18.9,25.9,4.1,7,2,1,Yoga,2
191,157,55,1.34,16.5,22.0,4.5,5,3,1,Mixed,3
173,140,63,0.91,17.3,25.6,3.8,5,1,1,Strength,1
196,141,75,0.69,30.8,24.2,3.8,2,0,0,Yoga,0
200,161,70,1.03,25.6,22.9,3.7,5,1,0,Strength,1
172,125,69,0.57,14.1,25.6,3.9,4,1,0,Yoga,1
159,138,74,0.35,33.0,22.0,3.7,2,0,0,Mixed,0
191,175,82,0.58,24.7,18.0,3.1,3,0,0,HIIT,0
169,143,68,1.2,14.3,20.3,4.4,7,3,1,Mixed,3
181,145,59,1.14,17.6,19.8,3.7,7,2,1,Strength,2
153,142,76,0.54,26.1,18.0,3.1,3,0,0,HIIT,0
197,140,70,0.6,18.6,25.5,3.2,3,1,0,Yoga,1
177,153,78,0.69,37.2,23.3,4.5,2,0,0,Mixed,0
192,165,84,0.7,25.8,25.4,4.0,2,0,0,Mixed,0
185,138,81,0.95,34.1,26.1,4.1,3,1,0,Yoga,1
188,137,74,0.74,23.0,27.0,3.8,3,1,0,Yoga,1
205,169,60,1.25,14.9,25.6,4.8,7,3,1,Mixed,3
165,134,63,0.63,20.9,20.1,3.3,5,2,1,Strength,2
183,158,85,0.62,27.8,26.3,3.8,3,0,0,Mixed,0
179,152,71,0.96,27.4,24.9,4.3,3,0,0,Mixed,0
163,136,74,0.92,25.2,32.8,3.8,5,1,0,Strength,1
166,125,74,0.43,33.4,24.0,3.1,2,0,0,Yoga,0
162,131,58,0.81,20.3,25.5,3.4,4,2,1,Strength,2
164,140,84,0.74,29.3,23.6,3.0,3,0,0,Strength,0
190,171,66,0.83,24.3,24.2,3.1,2,0,0,HIIT,0
169,141,59,0.54,23.0,23.9,4.1,3,1,0,Mixed,1
203,165,79,0.31,31.9,22.3,2.8,2,0,0,Strength,0
179,141,68,0.63,17.0,24.7,2.4,4,1,0,Cardio,1
163,137,62,1.45,17.5,26.5,4.8,7,3,1,Mixed,3
172,134,65,1.21,27.1,22.3,3.3,6,2,1,Cardio,2
183,143,68,0.85,15.1,27.3,3.1,5,2,1,Cardio,2
170,139,69,1.07,21.9,26.9,4.1,5,1,1,Strength,1
169,136,75,0.72,18.7,20.5,2.5,4,1,0,Cardio,1
173,131,80,0.88,25.6,20.1,3.8,2,0,0,Yoga,0
189,160,73,1.19,21.9,25.8,5.0,7,2,1,Mixed,2
162,132,76,1.19,21.4,21.6,4.2,3,1,0,Cardio,1
178,146,69,0.55,18.4,19.8,2.8,5,1,0,Strength,1
181,166,78,0.72,26.1,30.9,3.1,2,0,0,HIIT,0
184,149,67,0.78,22.2,20.1,3.5,7,2,1,Strength,2
180,129,67,0.69,11.6,18.0,3.6,6,2,1,Yoga,2
199,179,68,0.63,16.5,20.9,3.3,3,0,0,HIIT,0
196,139,69,0.87,23.8,24.9,4.3,7,2,1,Yoga,2
168,152,63,0.97,8.2,24.3,3.9,7,3,1,HIIT,3
196,179,84,0.73,35.6,31.5,3.4,3,0,0,HIIT,0
160,147,76,0.67,18.3,20.9,3.2,4,1,0,HIIT,1
156,123,61,1.09,11.1,24.9,3.6,5,3,1,Cardio,3
183,155,69,0.67,19.4,28.5,3.1,5,1,0,Mixed,1
188,130,60,0.95,12.8,21.4,3.9,5,2,1,Yoga,2
181,166,84,0.69,28.0,26.8,2.9,3,0,0,HIIT,0
184,144,70,1.01,24.4,18.0,3.0,3,0,0,Cardio,0
164,135,66,0.42,26.8,31.0,3.1,3,0,0,Strength,0
202,168,64,1.25,13.0,28.0,4.5,5,3,1,Mixed,3
188,154,75,0.92,24.1,21.3,4.3,2,0,0,Strength,0
182,164,61,1.14,13.9,27.3,3.6,6,3,1,HIIT,3
177,162,76,0.8,31.3,29.3,3.0,3,0,0,HIIT,0
189,147,70,0.62,25.0,18.8,2.8,3,0,0,Cardio,0
202,146,77,0.57,25.8,21.6,3.5,3,0,0,Yoga,0
179,162,68,0.73,26.6,29.4,4.0,3,1,0,HIIT,1
186,169,73,0.47,27.3,24.3,3.0,3,0,0,HIIT,0
168,123,67,1.15,8.0,25.7,3.9,6,3,1,Yoga,3
180,139,64,1.46,22.8,24.3,3.3,5,3,1,Cardio,3
183,153,63,0.58,25.5,27.6,4.1,2,0,0,Mixed,0
170,154,66,0.71,22.5,26.1,2.9,4,2,0,HIIT,2
179,148,75,0.86,17.7,24.4,3.6,5,1,0,Strength,1
184,152,55,1.01,14.4,18.0,4.3,6,3,1,Mixed,3
162,139,71,0.88,29.7,26.6,4.4,3,0,0,Mixed,0
160,139,75,0.64,19.9,26.9,3.9,5,1,0,Mixed,1
171,137,73,0.45,32.4,19.0,2.3,3,0,0,Cardio,0
182,144,55,0.94,22.9,19.3,3.8,4,2,1,Strength,2
197,145,81,0.64,27.3,26.1,3.5,3,0,0,Yoga,0
167,133,69,0.64,22.6,24.8,2.0,3,1,0,Cardio,1
190,145,62,1.42,14.9,18.0,3.7,7,3,1,Cardio,3
182,165,70,0.98,18.5,20.7,3.5,5,1,1,HIIT,1
181,154,76,0.76,23.4,25.3,4.4,3,1,0,Mixed,1
174,147,65,0.87,18.0,26.7,4.5,5,1,1,Mixed,1
196,141,73,0.88,24.2,21.7,4.6,4,1,0,Yoga,1
200,145,77,0.61,25.0,23.4,3.3,3,1,0,Yoga,1
185,142,63,1.16,27.7,20.5,3.6,4,1,1,Cardio,1
194,146,56,1.18,17.5,29.3,3.2,6,3,1,Cardio,3
176,148,83,0.89,18.6,24.7,3.3,2,0,0,Strength,0
205,186,80,0.77,22.6,21.3,2.9,3,0,0,HIIT,0
170,125,71,0.73,31.1,19.4,3.6,2,0,0,Yoga,0
181,140,64,0.81,22.0,18.9,3.2,3,1,0,Cardio,1
182,145,76,0.84,27.0,31.2,3.2,3,0,0,Cardio,0
188,169,62,1.4,18.2,23.3,4.3,6,3,1,HIIT,3
198,140,70,0.85,23.1,22.4,4.3,3,1,0,Yoga,1
159,137,72,1.38,14.0,23.1,5.1,7,3,1,Mixed,3
203,185,78,0.52,24.7,21.5,2.3,2,0,0,HIIT,0
202,143,71,0.31,34.3,23.6,3.9,3,0,0,Yoga,0
163,151,80,0.67,29.2,24.1,3.0,3,0,0,HIIT,0
167,153,70,0.84,21.1,24.1,3.1,3,1,0,HIIT,1
184,156,72,0.29,31.1,18.9,3.6,2,0,0,Mixed,0
189,135,70,0.98,19.0,27.6,3.4,6,2,1,Yoga,2
161,135,72,0.86,12.1,21.8,3.6,4,2,1,Strength,2
183,148,66,0.64,19.2,21.4,3.6,5,2,1,Strength,2
174,132,55,1.1,10.3,21.2,3.0,5,3,1,Cardio,3
172,147,71,0.86,22.6,19.8,4.3,5,1,1,Mixed,1
200,167,65,0.55,25.0,25.1,3.6,3,1,0,Mixed,1
169,155,71,0.64,26.9,27.6,2.9,3,1,0,HIIT,1
195,143,79,0.72,23.6,21.1,4.5,3,0,0,Yoga,0
156,127,60,0.84,23.3,18.0,3.5,5,1,1,Strength,1
188,159,74,1.07,21.5,19.9,4.2,5,1,1,Mixed,1
173,140,63,0.95,21.0,22.2,3.6,4,2,1,Strength,2
196,177,72,0.65,27.6,19.1,2.9,2,0,0,HIIT,0
171,140,68,0.25,28.2,21.6,2.8,3,0,0,Strength,0
195,156,65,0.49,22.9,21.8,3.2,5,1,0,Strength,1
182,144,74,1.06,14.1,23.9,2.8,5,2,1,Cardio,2
169,132,64,1.56,19.1,18.2,3.6,7,3,1,Cardio,3
157,138,81,0.94,27.6,26.3,4.4,2,0,0,Mixed,0
171,155,61,0.63,16.6,30.6,2.8,7,2,1,HIIT,2
171,130,79,1.09,23.3,29.7,4.2,5,1,0,Yoga,1
166,143,75,0.32,33.4,21.7,3.7,3,0,0,Mixed,0
173,156,61,1.24,19.8,26.7,3.8,4,2,1,HIIT,2
194,138,70,0.51,25.6,26.2,3.8,2,0,0,Yoga,0
156,132,60,0.98,21.2,23.8,4.1,7,2,1,Mixed,2
165,134,61,1.17,15.5,24.7,3.7,4,2,1,Strength,2
166,135,61,1.14,23.2,26.7,4.7,5,2,1,Strength,2
171,144,80,0.74,35.3,27.5,3.6,2,0,0,Strength,0
189,137,73,1.28,17.4,20.8,4.6,7,3,1,Yoga,3
198,156,59,1.41,18.0,27.0,4.5,5,3,1,Strength,3
191,158,59,1.15,8.5,30.7,4.2,5,3,1,Mixed,3
183,140,61,1.0,29.4,27.5,2.9,3,1,0,Cardio,1
178,161,65,0.63,22.0,30.1,2.9,5,1,0,HIIT,1
196,151,67,0.57,24.2,18.0,3.1,2,0,0,Cardio,0
186,159,79,0.84,26.2,26.4,4.6,2,0,0,Mixed,0
196,179,85,0.65,23.1,25.1,3.1,3,0,0,HIIT,0
180,163,65,0.98,18.5,28.1,3.1,5,1,1,HIIT,1
190,173,74,0.67,28.0,19.5,3.0,2,0,0,HIIT,0
176,128,69,0.63,22.5,22.0,3.3,3,1,0,Yoga,1
183,166,73,0.51,18.1,27.6,2.9,4,1,0,HIIT,1
179,150,61,1.22,8.0,19.8,4.2,7,3,1,Mixed,3
197,178,71,1.38,8.0,25.0,4.3,7,3,1,HIIT,3
157,142,61,0.95,17.2,23.9,3.1,6,2,1,HIIT,2
195,139,69,0.89,17.4,23.2,4.1,4,2,1,Yoga,2
186,152,72,0.73,23.0,26.3,3.2,3,0,0,Strength,0
191,135,67,0.25,27.6,19.5,3.0,2,0,0,Yoga,0
172,129,77,0.59,25.0,20.9,3.6,3,1,0,Yoga,1
169,140,74,0.94,14.5,23.4,3.5,6,2,1,Strength,2
163,120,67,1.37,9.4,19.2,5.2,6,2,1,Yoga,2
186,144,67,0.89,22.1,28.9,2.5,3,1,0,Cardio,1
197,161,55,1.18,10.2,20.8,4.1,6,3,1,Mixed,3
182,131,68,1.22,24.6,27.1,4.4,7,2,1,Yoga,2
178,144,64,0.31,33.1,20.5,3.0,3,0,0,Strength,0
190,150,74,0.73,22.6,26.8,2.6,3,1,0,Cardio,1
190,143,58,1.17,18.4,18.0,3.6,7,3,1,Cardio,3
178,145,68,0.76,32.4,29.6,3.2,5,1,0,Strength,1
185,155,65,1.03,14.1,28.5,4.9,5,1,1,Mixed,1
191,135,68,0.57,24.0,21.8,3.9,2,0,0,Yoga,0
181,165,70,1.01,28.1,20.7,3.7,5,1,0,HIIT,1
194,155,66,1.22,18.6,25.8,4.0,4,2,1,Strength,2
192,139,75,0.79,29.3,18.0,4.5,2,0,0,Yoga,0
163,140,70,0.99,13.5,24.1,4.3,7,2,1,Mixed,2
177,136,60,1.26,8.0,20.8,3.8,5,3,1,Cardio,3
185,132,69,0.88,17.7,23.0,3.6,7,2,1,Yoga,2
165,137,55,1.38,12.5,21.4,4.7,6,3,1,Mixed,3
161,121,73,0.28,26.6,20.8,3.1,3,0,0,Yoga,0
171,148,77,0.84,26.0,30.8,4.6,5,1,0,Mixed,1
179,164,80,0.27,27.4,27.1,2.7,3,0,0,HIIT,0
154,132,67,1.19,16.2,18.1,4.8,5,2,1,Mixed,2
187,129,58,1.37,17.4,20.5,4.7,7,3,1,Yoga,3
175,149,70,0.86,26.8,27.4,4.6,3,0,0,Mixed,0
201,155,67,0.79,20.7,27.9,2.9,4,1,0,Cardio,1
196,154,78,0.74,28.0,18.5,2.9,2,0,0,Cardio,0
167,135,60,0.71,20.5,26.8,3.6,4,1,1,Strength,1
205,161,79,0.48,24.3,25.1,2.3,5,1,0,Cardio,1
172,137,71,1.02,19.3,18.0,3.5,7,2,1,Cardio,2
200,170,81,0.71,26.1,22.4,4.2,2,0,0,Mixed,0
195,142,78,0.7,26.7,23.5,3.9,3,0,0,Yoga,0
189,155,76,0.63,25.6,24.2,3.6,3,0,0,Strength,0
167,127,77,0.96,28.6,18.7,3.9,2,0,0,Yoga,0
183,166,68,0.83,18.6,20.9,3.0,5,1,0,HIIT,1
185,150,85,0.73,20.3,21.5,2.4,2,0,0,Cardio,0
197,139,69,0.76,20.0,21.9,3.9,3,1,0,Yoga,1
198,158,63,1.07,17.9,21.9,4.2,6,2,1,Strength,2
198,178,69,0.94,16.5,23.5,3.3,5,1,1,HIIT,1
188,155,56,1.12,16.6,25.2,4.7,7,3,1,Mixed,3
195,164,69,0.81,11.4,31.1,4.5,7,2,1,Mixed,2
202,144,72,0.78,21.0,27.5,3.9,2,0,0,Yoga,0
197,166,74,0.59,23.5,29.3,3.7,3,0,0,Mixed,0
193,155,67,1.18,13.6,22.1,4.0,5,3,1,Strength,3
177,142,75,1.09,24.2,20.0,3.3,5,1,0,Cardio,1
172,145,65,0.8,20.4,27.2,4.0,5,1,1,Mixed,1
184,133,71,0.99,16.9,23.9,4.0,7,2,1,Yoga,2
156,117,68,0.49,24.5,26.9,3.4,2,0,0,Yoga,0
181,152,62,0.81,18.6,20.5,4.1,4,1,1,Mixed,1
199,158,63,0.92,21.6,26.6,3.7,7,2,1,Strength,2
193,136,66,1.2,9.4,23.3,4.3,7,2,1,Yoga,2
174,122,59,1.39,14.3,22.2,4.4,7,3,1,Yoga,3
172,127,72,0.97,17.0,22.5,4.6,4,1,1,Yoga,1
165,139,63,1.03,16.5,26.0,4.2,7,2,1,Mixed,2
200,180,65,0.64,29.3,27.1,3.1,3,0,0,HIIT,0
171,147,74,0.75,22.7,22.5,4.6,2,0,0,Mixed,0
191,148,67,0.54,30.9,25.4,2.6,3,0,0,Cardio,0
181,133,75,0.79,36.2,25.4,3.4,2,0,0,Yoga,0
162,146,59,0.73,22.5,27.0,3.0,5,2,1,HIIT,2
181,135,78,0.4,22.5,27.9,3.2,3,0,0,Yoga,0
191,162,77,0.83,19.2,31.2,4.7,4,1,0,Mixed,1
205,140,61,0.87,18.2,22.1,3.3,5,1,1,Yoga,1
205,184,65,0.88,17.4,29.8,3.1,3,0,0,HIIT,0
167,136,63,1.24,8.0,24.5,4.3,7,2,1,Strength,2
169,140,71,1.46,13.0,19.6,4.3,4,2,1,Strength,2
172,135,66,0.85,24.3,21.4,2.8,5,2,1,Cardio,2
177,160,63,0.93,8.0,25.9,3.1,5,2,1,HIIT,2
189,153,70,0.78,25.2,26.9,3.4,3,0,0,Strength,0
171,155,64,1.07,16.9,19.9,3.7,7,3,1,HIIT,3
169,148,83,0.64,28.2,20.9,4.2,3,0,0,Mixed,0
170,121,61,0.69,18.2,21.9,4.0,5,1,1,Yoga,1
167,152,61,0.97,15.9,20.5,3.7,5,3,1,HIIT,3
172,133,85,0.37,20.4,18.0,3.2,2,0,0,Yoga,0
195,164,72,0.25,26.0,18.0,3.9,2,0,0,Mixed,0
193,149,69,0.91,20.6,22.5,3.0,5,1,0,Cardio,1
192,160,65,1.0,15.7,25.0,4.4,4,2,1,Mixed,2
197,141,73,0.6,18.9,26.6,3.7,3,0,0,Yoga,0
179,152,70,0.58,13.5,18.6,4.1,5,2,1,Mixed,2
195,156,84,0.66,27.5,18.6,2.9,3,0,0,Cardio,0
173,120,55,1.35,17.0,21.9,4.1,7,3,1,Yoga,3
198,153,70,0.49,23.2,24.0,2.7,2,0,0,Cardio,0
175,140,76,0.99,24.2,28.0,3.2,4,1,0,Cardio,1
195,177,73,0.58,21.0,26.9,3.4,5,1,0,HIIT,1
172,149,77,0.68,24.9,22.5,4.5,3,0,0,Mixed,0
164,150,73,0.37,26.2,25.4,3.0,4,1,0,HIIT,1
160,120,70,0.75,28.8,20.6,3.9,5,1,0,Yoga,1
201,161,67,1.05,22.3,24.3,3.7,6,2,1,Strength,2
183,129,63,0.91,17.9,23.8,3.7,7,2,1,Yoga,2
180,163,69,0.76,28.1,29.6,2.9,5,1,0,HIIT,1
201,170,75,0.88,30.0,26.0,4.4,3,0,0,Mixed,0
195,154,58,1.0,14.3,20.9,4.2,7,3,1,Strength,3
190,133,62,0.81,11.6,21.0,4.0,7,3,1,Yoga,3
167,133,71,0.94,14.8,22.7,3.3,5,1,1,Cardio,1
193,172,56,0.7,16.7,18.0,2.7,4,2,1,HIIT,2
188,158,69,0.73,21.2,23.1,3.5,4,1,0,Mixed,1
192,157,75,0.39,30.0,23.4,2.7,2,0,0,Strength,0
199,182,83,0.68,30.0,25.9,3.3,3,0,0,HIIT,0
196,163,64,1.19,21.1,26.4,4.4,7,2,1,Mixed,2
178,161,65,0.8,23.6,24.4,3.3,5,2,1,HIIT,2
170,121,60,1.42,20.0,18.0,4.1,7,3,1,Yoga,3
159,124,82,0.43,29.1,19.1,3.4,2,0,0,Yoga,0
189,145,64,0.88,17.0,21.6,3.1,3,1,0,Cardio,1
171,141,71,0.45,34.2,26.6,3.2,3,0,0,Strength,0
185,166,61,1.27,22.3,26.5,4.0,6,2,1,HIIT,2
197,155,75,0.25,26.9,23.0,3.0,2,0,0,Cardio,0
185,148,63,0.46,25.0,33.4,3.3,3,1,0,Strength,1
161,121,72,0.95,12.2,30.2,3.8,4,2,1,Yoga,2
172,156,67,0.72,18.0,29.0,2.6,5,2,1,HIIT,2
191,140,78,0.81,21.6,26.8,4.0,3,0,0,Yoga,0
172,133,85,0.25,22.3,25.8,3.4,3,0,0,Yoga,0
172,148,73,0.52,25.1,25.5,3.6,2,0,0,Mixed,0
201,163,74,1.57,15.2,18.0,4.5,3,1,1,Strength,1
180,155,78,0.77,24.6,19.8,3.9,2,0,0,Mixed,0
183,153,83,0.25,32.3,23.1,2.8,2,0,0,Strength,0
186,168,63,1.75,9.5,24.5,4.5,7,3,1,HIIT,3
189,147,67,1.17,24.7,23.5,3.3,3,1,0,Cardio,1
193,139,72,0.63,22.3,25.1,4.1,3,1,0,Yoga,1
176,150,72,0.67,30.4,18.0,3.6,2,0,0,Mixed,0
185,132,68,0.53,23.3,26.0,3.9,3,1,0,Yoga,1
180,148,75,0.63,24.0,24.2,3.5,3,0,0,Strength,0
187,134,69,0.85,24.2,23.3,3.7,4,1,0,Yoga,1
180,140,66,0.76,22.6,27.7,3.1,3,1,0,Cardio,1
173,155,55,1.27,12.8,19.8,3.7,7,3,1,HIIT,3
180,154,76,0.82,26.2,23.1,3.9,2,0,0,Mixed,0
205,145,72,0.76,19.3,25.1,3.0,3,1,0,Yoga,1
175,139,72,0.46,21.4,20.6,2.8,5,1,0,Cardio,1
181,146,80,0.64,22.5,18.0,2.9,4,1,0,Cardio,1
195,176,67,0.56,25.7,19.4,3.1,3,0,0,HIIT,0
165,137,73,0.91,12.1,23.7,3.7,4,2,1,Strength,2
172,146,85,0.69,33.3,23.0,3.5,2,0,0,Strength,0
172,144,79,0.92,19.2,23.9,4.3,3,1,0,Strength,1
168,153,68,0.62,18.7,21.4,2.8,5,1,0,HIIT,1
176,139,72,0.62,23.2,18.8,2.4,5,1,0,Cardio,1
188,146,66,1.37,32.3,24.5,3.7,3,1,0,Cardio,1
191,173,72,0.58,18.0,23.3,2.7,3,0,0,HIIT,0
180,165,79,1.06,21.1,26.6,3.9,4,1,0,HIIT,1
198,168,78,0.25,29.6,21.0,3.8,2,0,0,Mixed,0
199,169,79,1.07,31.1,18.0,4.5,2,0,0,Mixed,0
171,121,59,0.92,12.1,18.0,3.7,4,2,1,Yoga,2
175,145,58,0.7,15.4,22.4,4.2,6,2,1,Mixed,2
172,156,70,1.03,21.9,24.5,3.3,4,2,1,HIIT,2
193,175,72,1.25,30.9,23.1,4.0,5,1,0,HIIT,1
180,163,64,1.44,16.0,21.7,4.2,6,2,1,HIIT,2
167,138,84,0.59,21.1,18.0,2.7,3,0,0,Cardio,0
186,169,73,0.78,26.5,18.0,3.3,5,1,0,HIIT,1
193,150,71,0.31,21.9,25.5,2.1,3,0,0,Cardio,0
168,129,55,1.36,11.3,23.1,3.9,7,2,1,Cardio,2
165,132,73,1.07,29.2,22.5,3.3,5,1,0,Cardio,1
169,142,63,1.32,16.3,18.0,4.8,4,2,1,Mixed,2
164,134,64,0.85,20.7,20.1,3.6,6,2,1,Strength,2
183,166,69,1.02,27.8,24.2,3.1,5,1,0,HIIT,1
170,137,77,0.68,22.9,25.1,2.4,3,1,0,Cardio,1
172,158,79,1.01,32.9,23.3,3.0,2,0,0,HIIT,0
174,148,70,0.59,21.8,29.5,4.3,3,1,0,Mixed,1
200,180,64,0.91,19.2,21.7,3.6,5,2,1,HIIT,2
184,152,76,0.76,27.7,29.1,3.7,3,0,0,Strength,0
180,146,67,0.92,16.8,24.9,4.4,7,3,1,Strength,3
193,173,60,1.17,14.5,24.4,3.8,7,3,1,HIIT,3
175,160,72,0.36,33.1,27.7,2.9,2,0,0,HIIT,0
160,130,59,0.92,23.0,21.5,3.5,6,2,1,Strength,2
181,144,75,0.4,29.9,22.7,2.3,3,0,0,Cardio,0
188,143,59,1.08,23.2,19.1,3.0,5,2,1,Cardio,2
171,136,72,0.96,18.9,27.7,3.4,5,1,1,Cardio,1
178,139,67,0.97,10.0,25.3,2.8,4,2,1,Cardio,2
168,129,81,0.94,28.8,28.4,4.2,2,0,0,Yoga,0
205,154,59,1.13,16.9,24.8,3.3,6,3,1,Cardio,3
167,121,65,1.05,15.0,28.4,4.1,5,3,1,Yoga,3
159,129,73,0.94,19.5,21.0,2.8,6,2,1,Cardio,2
196,140,70,0.68,22.9,27.9,4.3,5,1,0,Yoga,1
183,147,81,0.4,15.4,22.4,2.5,4,1,0,Cardio,1
163,131,72,1.28,18.6,24.0,3.3,4,2,1,Cardio,2
160,130,58,0.96,12.2,26.9,3.7,5,3,1,Strength,3
180,156,85,0.56,25.3,33.3,3.6,3,0,0,Mixed,0
191,156,75,0.76,24.3,27.3,3.5,3,0,0,Strength,0
183,155,72,0.98,21.7,27.7,4.1,7,2,1,Mixed,2
187,170,73,0.84,22.9,21.8,3.3,5,1,0,HIIT,1
183,131,67,0.91,20.1,24.6,4.1,7,2,1,Yoga,2
181,156,82,0.83,23.0,23.6,4.3,3,0,0,Mixed,0
194,162,66,1.1,13.3,29.6,4.2,5,2,1,Mixed,2
158,130,65,0.69,20.5,23.4,3.4,6,2,1,Strength,2
199,160,70,1.11,23.6,29.3,3.9,3,1,0,Strength,1
160,145,59,0.89,10.6,18.8,3.1,5,2,1,HIIT,2
174,125,65,1.44,16.9,29.6,4.6,7,3,1,Yoga,3
191,133,62,1.05,18.2,20.6,4.0,7,2,1,Yoga,2
161,131,76,0.27,33.7,27.4,2.8,3,0,0,Cardio,0
186,150,65,1.01,28.6,20.5,3.4,4,2,0,Strength,2
204,145,73,0.93,23.6,26.5,3.6,5,1,0,Yoga,1
171,143,75,0.69,22.8,20.1,3.7,2,0,0,Strength,0
189,169,59,1.34,17.2,28.1,3.7,7,3,1,HIIT,3
178,146,72,0.75,24.8,27.4,3.7,5,1,0,Strength,1
199,180,72,0.36,19.6,21.6,2.8,5,1,0,HIIT,1
202,181,60,0.8,19.5,26.3,3.1,6,2,1,HIIT,2
180,153,69,1.01,19.3,27.8,4.5,3,1,1,Mixed,1
160,137,66,1.19,14.8,20.3,5.1,6,3,1,Mixed,3
191,175,85,0.83,28.4,19.9,4.3,3,0,0,HIIT,0
185,127,56,0.99,14.9,19.7,3.9,5,2,1,Yoga,2
172,149,79,1.01,19.8,19.1,4.5,2,0,0,Mixed,0
194,141,76,0.59,25.5,19.7,3.4,3,0,0,Yoga,0
201,156,72,0.7,24.9,27.7,3.1,2,0,0,Cardio,0
174,144,73,0.97,26.6,26.2,3.4,3,0,0,Strength,0
165,133,60,0.78,15.0,18.0,3.3,4,2,1,Strength,2
191,158,58,1.07,21.0,22.0,4.2,6,2,1,Mixed,2
183,151,77,0.47,32.1,19.4,3.1,2,0,0,Strength,0
182,138,84,0.25,30.3,27.4,2.8,2,0,0,Yoga,0
168,141,77,0.66,27.7,22.2,3.4,2,0,0,Strength,0
196,152,71,0.98,26.5,18.0,3.1,3,1,0,Cardio,1
164,150,67,0.62,24.2,24.7,2.9,4,1,0,HIIT,1
183,149,70,1.0,29.0,26.4,4.2,2,0,0,Strength,0
170,144,65,1.01,16.4,20.2,4.6,6,2,1,Mixed,2
186,166,55,1.18,21.8,22.9,3.5,7,3,1,HIIT,3
185,138,81,0.57,30.0,20.4,3.7,2,0,0,Yoga,0
179,163,72,0.59,26.8,29.0,3.3,3,0,0,HIIT,0
174,123,61,1.6,22.8,22.3,4.6,5,2,1,Yoga,2
195,164,71,1.32,14.4,21.1,4.8,7,3,1,Mixed,3
185,159,81,0.84,21.7,23.8,3.9,3,0,0,Mixed,0
187,154,55,1.01,17.5,23.2,5.0,5,3,1,Mixed,3
175,128,71,0.76,28.5,26.8,3.9,2,0,0,Yoga,0
193,149,69,0.97,27.1,28.9,3.3,4,1,0,Cardio,1
173,159,74,0.6,24.4,28.9,3.0,2,0,0,HIIT,0
201,179,58,0.9,20.9,22.5,3.6,7,3,1,HIIT,3
166,126,77,0.79,28.2,25.2,3.4,3,1,0,Yoga,1
172,157,71,0.58,25.1,30.0,3.4,4,1,0,HIIT,1
202,170,75,0.66,32.9,30.1,4.2,2,0,0,Mixed,0
181,148,72,0.5,23.6,20.5,3.4,2,0,0,Strength,0
185,166,60,1.4,17.8,26.4,4.0,7,2,1,HIIT,2
169,135,57,0.97,14.2,25.7,3.4,6,3,1,Strength,3
171,142,56,1.05,13.5,27.7,5.0,5,3,1,Mixed,3
193,173,59,0.75,15.1,29.0,2.8,5,2,1,HIIT,2
205,185,70,1.34,17.5,19.8,4.4,7,2,1,HIIT,2
192,154,65,1.04,12.2,21.2,4.2,7,3,1,Strength,3
176,140,73,0.55,29.8,27.6,3.0,2,0,0,Cardio,0
188,140,82,0.51,27.4,24.6,3.3,3,0,0,Yoga,0
174,140,78,0.78,25.2,18.0,2.7,2,0,0,Cardio,0
189,133,65,1.16,26.6,18.0,4.3,5,1,1,Yoga,1
205,182,55,1.47,13.7,26.7,4.6,6,3,1,HIIT,3
178,162,72,0.73,20.6,27.4,3.7,5,1,0,HIIT,1
193,151,72,0.44,16.0,18.6,2.6,5,1,0,Cardio,1
157,128,59,0.69,21.2,28.4,3.5,4,2,1,Strength,2
183,139,57,1.25,13.3,23.2,3.9,7,3,1,Cardio,3
204,164,69,0.77,12.7,19.9,3.7,5,2,1,Strength,2
190,159,68,1.18,11.0,21.8,4.3,7,3,1,Mixed,3
179,164,75,0.36,25.1,19.1,3.1,2,0,0,HIIT,0
191,149,70,1.06,23.5,21.5,3.3,4,1,0,Cardio,1
188,146,68,0.49,28.4,18.0,2.7,5,1,0,Cardio,1
183,168,82,0.47,24.4,23.7,3.0,2,0,0,HIIT,0
198,144,78,0.25,17.8,26.3,3.3,3,0,0,Yoga,0
200,157,56,0.97,14.1,18.6,3.8,6,3,1,Strength,3
158,129,74,1.0,24.5,24.1,2.8,3,1,0,Cardio,1
185,167,66,0.89,28.0,20.8,3.6,4,1,0,HIIT,1
181,142,70,0.64,29.3,26.7,2.1,2,0,0,Cardio,0
203,138,58,1.01,17.1,18.0,4.1,7,3,1,Yoga,3
167,137,66,0.56,12.7,26.8,3.4,4,1,0,Strength,1
165,137,70,0.33,29.0,18.0,3.6,3,0,0,Strength,0
195,157,68,0.72,23.0,23.2,3.2,3,0,0,Strength,0
199,135,57,1.22,10.4,21.2,4.4,7,3,1,Yoga,3
198,149,57,1.21,14.3,22.6,3.7,6,3,1,Cardio,3
169,153,63,1.29,19.0,18.0,4.0,3,1,1,HIIT,1
175,159,73,0.58,23.9,30.6,2.5,5,1,0,HIIT,1
170,135,55,1.33,14.6,18.9,4.2,7,3,1,Strength,3
180,139,63,0.73,20.9,19.2,2.5,4,2,0,Cardio,2
169,142,63,1.29,21.0,31.2,5.5,7,3,1,Mixed,3
160,147,76,1.29,24.9,25.3,3.9,4,1,0,HIIT,1
176,158,57,1.2,15.7,19.0,3.6,5,3,1,HIIT,3
181,144,75,1.17,29.7,23.5,3.2,3,1,0,Cardio,1
194,175,68,0.57,24.0,23.1,3.1,3,1,0,HIIT,1
194,167,85,0.64,32.5,18.0,4.0,2,0,0,Mixed,0
173,123,63,1.03,20.0,21.0,4.2,5,1,1,Yoga,1
168,136,60,1.18,23.0,23.9,4.8,6,2,1,Strength,2
178,130,71,0.93,22.6,29.1,4.3,3,1,0,Yoga,1
205,163,64,0.31,25.1,23.2,3.3,5,1,0,Strength,1
179,145,66,1.03,21.1,23.5,3.7,5,1,1,Strength,1
186,149,62,1.47,23.4,20.7,4.0,7,3,1,Strength,3
160,120,71,0.86,24.4,28.4,4.0,5,1,0,Yoga,1
182,155,75,0.94,27.5,27.6,4.4,2,0,0,Mixed,0
194,176,75,0.43,26.7,27.2,3.4,3,0,0,HIIT,0
187,167,55,1.31,22.2,24.4,4.4,6,2,1,HIIT,2
164,141,71,0.71,21.9,18.0,4.2,5,1,0,Mixed,1
178,162,72,0.59,24.2,28.3,3.1,3,0,0,HIIT,0
182,153,68,0.65,16.3,24.2,3.7,5,1,1,Mixed,1
177,122,55,0.9,16.2,22.8,3.5,5,3,1,Yoga,3
173,140,63,1.12,14.6,25.8,3.7,7,3,1,Strength,3
172,158,78,0.51,23.3,24.9,3.3,2,0,0,HIIT,0
166,132,69,0.64,25.4,19.7,3.5,3,0,0,Cardio,0
173,129,76,0.46,29.8,22.7,3.6,2,0,0,Yoga,0
188,158,68,1.24,16.5,18.0,4.9,5,3,1,Mixed,3
166,125,76,0.63,31.6,24.3,3.4,3,0,0,Yoga,0
172,140,65,0.79,32.4,29.3,3.5,3,0,0,Strength,0
199,161,72,0.9,30.0,18.0,3.2,2,0,0,Strength,0
197,156,61,1.27,15.6,24.5,4.1,7,3,1,Strength,3
186,147,76,1.04,23.5,26.7,3.7,7,2,1,Cardio,2
182,140,64,0.99,27.9,27.3,3.1,5,1,0,Cardio,1
193,148,64,1.1,20.1,21.0,3.2,6,2,1,Cardio,2
195,134,60,1.15,20.7,19.6,4.6,5,2,1,Yoga,2
189,153,69,0.9,22.4,21.7,3.7,5,2,1,Strength,2
164,150,73,0.39,26.9,28.8,2.6,2,0,0,HIIT,0
182,151,56,1.12,22.0,18.0,4.3,5,1,1,Mixed,1
169,153,63,0.89,23.1,19.1,3.4,7,2,1,HIIT,2
192,137,69,1.02,26.1,22.2,4.3,4,1,0,Yoga,1
174,150,77,0.51,23.7,20.1,4.0,2,0,0,Mixed,0
164,124,76,0.25,24.5,23.8,3.0,2,0,0,Yoga,0
161,132,63,1.16,20.9,29.7,4.3,6,3,1,Strength,3
164,139,64,0.93,19.7,19.2,3.8,4,2,1,Mixed,2
170,139,65,1.06,21.0,23.4,3.6,5,2,1,Strength,2
205,142,65,0.92,22.6,24.0,4.3,6,2,1,Yoga,2
203,164,73,0.61,29.6,22.7,3.6,3,0,0,Strength,0
169,156,78,0.73,31.5,18.0,3.1,3,0,0,HIIT,0
186,152,74,1.09,17.6,21.4,3.4,5,1,1,Strength,1
165,151,70,0.69,13.2,21.5,3.3,5,1,1,HIIT,1
171,155,63,1.16,17.4,26.5,3.9,5,2,1,HIIT,2
176,144,70,0.46,25.5,25.7,3.2,3,0,0,Strength,0
195,142,77,0.8,30.6,18.0,4.3,3,0,0,Yoga,0
192,155,70,0.7,26.4,22.5,3.4,2,0,0,Strength,0
188,135,71,0.77,11.7,22.0,4.0,4,1,1,Yoga,1
195,177,76,0.89,28.5,31.8,3.1,2,0,0,HIIT,0
163,142,80,0.25,23.9,25.2,3.6,3,0,0,Mixed,0
173,141,82,0.5,26.4,19.7,3.3,3,0,0,Cardio,0
185,141,60,0.25,22.2,20.9,1.8,2,0,0,Cardio,0
205,159,74,0.25,21.3,22.5,2.4,3,0,0,Cardio,0
174,157,59,0.86,15.1,25.4,2.8,4,1,1,HIIT,1
176,151,76,0.57,20.8,25.9,4.1,5,1,0,Mixed,1
178,147,75,0.77,30.8,24.8,3.4,3,0,0,Strength,0
185,136,76,1.01,24.8,23.2,3.7,4,1,0,Yoga,1
162,133,66,1.17,14.7,23.5,4.2,5,2,1,Strength,2
186,145,68,0.27,22.2,23.5,2.6,3,0,0,Cardio,0
173,143,55,1.22,15.2,18.0,4.4,6,3,1,Mixed,3
167,153,74,0.58,22.9,23.8,3.3,2,0,0,HIIT,0
165,135,78,0.65,20.0,21.7,2.4,2,0,0,Cardio,0
205,147,75,0.83,31.9,18.0,4.1,3,0,0,Yoga,0
205,160,76,0.68,25.5,33.7,3.2,2,0,0,Cardio,0
201,141,68,0.47,27.8,25.2,3.2,3,1,0,Yoga,1
181,146,81,0.59,24.0,24.1,2.8,3,0,0,Cardio,0
181,152,66,1.07,17.4,22.5,4.4,5,2,1,Mixed,2
189,152,65,1.06,25.8,26.9,4.4,7,2,1,Strength,2
180,164,71,0.75,19.7,19.4,2.8,3,1,0,HIIT,1
185,144,68,1.0,35.1,22.7,3.1,3,1,0,Cardio,1
185,167,68,0.89,24.4,20.2,3.0,4,1,0,HIIT,1
195,160,77,0.49,27.7,26.9,3.3,2,0,0,Strength,0
172,130,79,0.25,28.7,20.7,3.6,3,0,0,Yoga,0
205,166,74,0.82,17.9,28.4,3.4,4,1,0,Strength,1
177,146,74,0.64,21.6,23.6,3.6,3,0,0,Strength,0
194,164,76,0.8,20.6,27.1,4.4,2,0,0,Mixed,0
190,153,67,0.52,20.5,25.6,3.5,4,1,0,Strength,1
199,143,74,0.54,20.3,28.2,2.9,3,1,0,Yoga,1
158,132,70,0.81,30.1,20.3,3.6,2,0,0,Strength,0
203,159,76,0.67,18.8,27.6,2.9,2,0,0,Cardio,0
167,136,79,0.61,30.8,18.0,3.0,2,0,0,Cardio,0
192,175,76,0.42,26.0,24.2,2.8,2,0,0,HIIT,0
171,146,72,0.86,29.9,21.8,4.4,5,1,0,Mixed,1
171,156,69,1.11,25.5,18.4,3.6,5,1,0,HIIT,1
180,140,66,0.4,18.0,20.4,2.6,2,0,0,Cardio,0
201,162,72,0.37,27.5,21.4,3.2,3,0,0,Strength,0
200,142,70,0.25,19.7,23.2,3.5,5,1,0,Yoga,1
162,122,72,0.68,27.5,21.9,3.8,2,0,0,Yoga,0
173,149,77,0.55,32.3,24.3,3.5,3,0,0,Mixed,0
173,140,63,0.66,23.7,20.7,3.1,3,1,0,Strength,1
171,155,65,0.83,21.1,22.1,2.5,2,0,0,HIIT,0
204,183,68,1.05,22.5,22.8,3.6,5,2,1,HIIT,2
172,139,63,0.78,15.0,24.7,3.6,6,2,1,Strength,2
193,150,72,0.65,21.5,27.4,2.7,3,1,0,Cardio,1
180,164,72,0.45,27.2,27.4,3.2,2,0,0,HIIT,0
175,146,78,0.25,27.7,24.9,2.9,3,0,0,Strength,0
183,137,82,0.82,22.3,25.7,3.8,2,0,0,Yoga,0
181,156,82,0.66,24.8,25.2,4.2,2,0,0,Mixed,0
170,144,67,0.89,27.2,22.7,4.5,4,1,0,Mixed,1
164,141,73,0.45,29.6,27.6,3.6,2,0,0,Mixed,0
188,144,61,1.34,20.7,20.3,4.1,7,3,1,Cardio,3
198,166,69,1.43,8.0,18.0,4.8,5,3,1,Mixed,3
157,113,59,1.04,19.5,19.8,4.1,4,2,1,Yoga,2
196,175,59,1.13,20.0,29.6,4.0,4,2,1,HIIT,2
194,165,79,0.4,27.7,22.8,3.6,2,0,0,Mixed,0
181,145,62,1.42,20.4,25.1,4.2,4,2,1,Strength,2
205,160,78,0.73,30.9,22.9,2.7,3,0,0,Cardio,0
161,125,57,1.54,13.4,26.2,4.2,5,3,1,Cardio,3
189,159,67,1.12,25.8,24.3,4.7,7,2,1,Mixed,2
180,132,72,0.54,26.9,23.7,3.4,2,0,0,Yoga,0
184,141,60,0.93,12.6,26.5,3.4,4,2,1,Cardio,2
202,158,76,0.53,22.6,22.1,2.5,2,0,0,Cardio,0
170,122,64,0.79,30.1,25.5,4.0,4,1,0,Yoga,1
179,138,62,1.25,9.6,23.3,3.8,5,3,1,Cardio,3
180,132,74,0.72,24.1,23.6,4.1,2,0,0,Yoga,0
200,151,58,1.02,19.1,20.7,3.3,5,2,1,Cardio,2
192,150,71,0.48,22.2,23.1,2.8,4,1,0,Cardio,1
198,179,71,0.52,21.1,21.8,3.3,4,1,0,HIIT,1
190,150,55,1.02,22.3,28.5,4.2,4,2,1,Strength,2
184,140,60,1.06,11.5,18.0,2.8,7,3,1,Cardio,3
188,160,75,0.99,31.7,27.6,4.4,2,0,0,Mixed,0
178,162,75,0.78,23.5,18.0,3.6,2,0,0,HIIT,0
178,137,61,0.85,21.9,26.1,3.5,3,1,0,Cardio,1
199,142,72,0.59,19.5,20.6,3.7,5,1,0,Yoga,1
168,144,73,0.79,25.8,26.3,3.7,3,1,0,Mixed,1
165,134,60,0.93,19.3,23.5,4.2,7,2,1,Strength,2
182,138,58,0.71,13.8,18.3,2.3,6,2,1,Cardio,2
164,130,65,1.07,19.8,29.4,3.0,4,1,1,Cardio,1
179,148,76,0.52,21.7,27.1,3.0,3,0,0,Strength,0
195,151,69,0.67,24.3,26.0,2.5,3,0,0,Cardio,0
153,112,63,0.63,27.2,21.4,3.9,3,1,0,Yoga,1
168,124,70,1.34,9.1,27.2,4.1,7,3,1,Yoga,3
189,147,70,0.75,25.8,18.9,3.0,4,1,0,Cardio,1
176,144,68,0.73,18.8,18.0,4.0,4,1,0,Strength,1
175,135,62,0.86,13.3,18.0,2.9,4,2,1,Cardio,2
177,141,73,0.56,31.6,20.3,2.8,2,0,0,Cardio,0
199,182,84,0.44,26.9,21.0,2.8,2,0,0,HIIT,0
180,150,79,0.63,21.5,22.3,2.7,3,0,0,Strength,0
193,163,72,1.31,16.7,22.4,5.1,7,3,1,Mixed,3
170,138,62,1.26,18.2,21.4,3.7,5,3,1,Strength,3
166,118,60,0.77,16.4,18.0,3.7,7,2,1,Yoga,2
164,122,71,0.63,24.8,24.8,3.3,5,1,0,Yoga,1
170,136,73,0.9,29.6,22.9,3.1,4,1,0,Cardio,1
202,159,78,0.75,21.7,21.2,3.1,2,0,0,Cardio,0
188,132,63,0.9,21.8,29.6,3.7,7,2,1,Yoga,2
175,146,79,0.76,23.8,23.0,3.9,3,1,0,Strength,1
166,122,69,0.54,23.7,24.2,3.4,3,0,0,Yoga,0
197,143,77,0.69,22.5,27.2,4.0,3,0,0,Yoga,0
165,131,69,0.65,20.8,18.0,2.7,4,1,0,Cardio,1
190,132,61,1.1,20.1,23.9,3.8,7,2,1,Yoga,2
191,157,76,0.65,31.0,27.2,3.6,2,0,0,Strength,0
191,149,71,0.95,20.6,23.6,2.8,4,2,0,Cardio,2
184,155,67,1.05,19.9,18.8,4.5,7,2,1,Mixed,2
179,162,66,1.01,16.5,22.1,3.4,5,2,1,HIIT,2
170,130,55,0.89,12.5,24.8,2.8,5,2,1,Cardio,2
190,151,80,0.47,18.2,18.0,2.9,2,0,0,Cardio,0
185,128,58,1.25,8.0,18.6,4.4,7,3,1,Yoga,3
171,143,78,0.59,25.1,31.9,3.5,2,0,0,Strength,0
163,134,80,0.64,15.8,25.9,2.6,2,0,0,Cardio,0
175,128,71,0.7,24.0,29.9,3.9,5,1,0,Yoga,1
170,142,60,0.85,23.3,27.5,4.6,5,1,1,Mixed,1
200,153,67,1.24,20.3,25.6,3.1,6,3,1,Cardio,3
172,149,79,1.08,21.2,22.8,4.5,4,1,0,Mixed,1
178,148,79,0.37,34.2,25.5,3.2,2,0,0,Strength,0
172,131,56,1.24,10.8,29.8,3.5,7,3,1,Cardio,3
189,149,76,0.87,21.3,27.3,2.5,5,1,0,Cardio,1
165,131,69,1.07,25.6,24.7,3.2,3,1,0,Cardio,1
165,137,70,0.95,18.3,23.3,3.6,5,1,1,Strength,1
170,155,71,1.25,28.4,26.0,3.7,4,2,1,HIIT,2
204,185,78,0.42,25.7,21.9,2.1,3,0,0,HIIT,0
167,120,63,0.73,29.3,26.0,3.9,2,0,0,Yoga,0
173,127,71,1.06,23.0,21.2,4.7,3,1,1,Yoga,1
190,159,66,1.05,17.9,22.6,4.2,7,3,1,Mixed,3
191,148,68,0.57,28.4,19.9,2.3,3,0,0,Cardio,0
179,134,80,0.79,28.8,22.2,3.9,3,0,0,Yoga,0
200,165,57,0.91,22.3,21.3,4.6,6,2,1,Mixed,2
178,150,64,1.1,17.9,30.8,4.5,4,2,1,Mixed,2
158,132,73,0.78,19.3,20.4,3.9,3,1,0,Strength,1
185,155,64,1.21,12.8,25.5,4.8,4,2,1,Mixed,2
175,133,81,0.61,29.9,20.2,4.0,2,0,0,Yoga,0
186,130,63,0.71,26.3,24.2,3.5,3,1,0,Yoga,1
189,172,74,0.92,17.0,25.2,2.9,3,1,0,HIIT,1
183,151,75,0.41,27.9,18.0,2.8,3,0,0,Strength,0
173,157,71,0.47,33.9,18.4,2.2,3,0,0,HIIT,0
199,157,77,0.51,30.5,20.2,2.6,2,0,0,Cardio,0
184,167,75,0.49,23.0,18.8,2.7,2,0,0,HIIT,0
193,151,72,0.82,19.7,24.3,3.0,5,2,0,Cardio,2
182,142,68,1.17,17.8,25.0,3.4,5,2,1,Cardio,2
173,128,72,0.68,23.3,19.7,4.0,5,1,0,Yoga,1
184,133,72,0.6,29.4,24.5,3.4,2,0,0,Yoga,0
161,129,71,0.64,19.7,22.3,2.6,3,1,0,Cardio,1
181,150,57,1.29,10.9,23.6,5.1,6,3,1,Mixed,3
179,162,70,0.78,25.4,21.5,3.3,5,1,0,HIIT,1
172,142,71,1.01,16.2,26.0,4.3,7,2,1,Strength,2
191,162,74,0.48,25.9,30.5,3.7,2,0,0,Mixed,0
200,180,68,0.66,25.5,27.1,3.1,3,0,0,HIIT,0
196,154,77,0.74,27.0,29.6,2.2,3,0,0,Cardio,0
168,144,74,0.57,23.7,18.4,3.5,5,1,0,Mixed,1
188,159,73,1.23,17.9,21.3,4.6,6,2,1,Mixed,2
199,166,69,0.88,14.7,26.3,4.2,7,2,1,Mixed,2
188,132,64,0.68,17.8,30.0,3.8,6,2,1,Yoga,2
185,129,61,1.34,8.0,26.6,4.6,6,3,1,Yoga,3
166,144,77,0.49,22.0,19.9,3.5,3,0,0,Mixed,0
204,140,62,0.85,15.1,22.3,3.7,6,3,1,Yoga,3
194,152,55,0.98,16.1,25.3,3.6,7,2,1,Strength,2
198,142,72,0.57,30.8,23.3,3.9,2,0,0,Yoga,0
171,124,67,0.81,16.4,20.8,3.8,4,2,1,Yoga,2
197,154,75,0.82,27.1,22.8,2.9,4,1,0,Cardio,1
180,146,67,0.95,24.3,23.9,3.2,5,1,0,Strength,1
193,151,73,0.56,30.9,19.7,2.3,2,0,0,Cardio,0
176,128,69,1.28,14.3,27.9,5.0,5,1,1,Yoga,1
200,181,74,0.48,29.5,22.2,3.3,3,0,0,HIIT,0
179,154,79,0.69,26.4,23.7,4.2,2,0,0,Mixed,0
194,148,61,0.92,23.9,28.1,3.0,6,2,1,Cardio,2
199,168,74,0.89,27.9,23.5,4.1,3,1,0,Mixed,1
173,144,77,0.82,21.8,27.9,3.5,3,1,0,Strength,1
203,142,68,0.92,29.2,19.9,4.3,4,1,0,Yoga,1
162,115,58,0.9,11.7,25.7,4.2,6,3,1,Yoga,3
190,139,76,0.79,28.2,27.4,4.2,3,0,0,Yoga,0
179,146,67,0.84,23.7,20.7,3.9,4,1,0,Strength,1
167,131,65,0.86,17.3,23.3,3.1,7,2,1,Cardio,2
164,140,68,0.7,27.5,23.4,4.0,3,0,0,Mixed,0
188,146,69,0.8,25.2,24.8,3.2,6,2,1,Cardio,2
173,149,78,1.42,16.5,25.9,4.4,3,1,1,Mixed,1
185,156,67,0.68,24.9,20.4,4.1,5,1,0,Mixed,1
175,122,57,1.02,15.4,23.8,4.3,6,2,1,Yoga,2
167,152,65,1.06,8.0,30.4,3.7,7,3,1,HIIT,3
165,119,63,1.05,15.6,28.2,3.8,5,2,1,Yoga,2
191,161,72,0.69,32.8,27.2,3.9,2,0,0,Mixed,0
192,157,74,0.63,22.0,23.2,3.2,2,0,0,Strength,0
182,147,64,0.74,20.6,32.5,4.0,3,1,0,Strength,1
161,119,67,1.4,21.5,28.1,4.2,7,2,1,Yoga,2
171,133,64,1.03,19.2,24.1,2.7,5,1,1,Cardio,1
187,154,55,1.45,14.2,24.9,5.1,7,3,1,Mixed,3
185,151,69,0.89,37.0,22.2,3.8,2,0,0,Strength,0
177,152,76,0.62,22.2,25.6,4.2,3,0,0,Mixed,0
197,177,66,0.56,23.1,26.4,3.1,3,0,0,HIIT,0
188,137,75,1.15,19.4,26.8,3.6,7,2,1,Yoga,2
192,136,68,0.84,29.2,23.3,4.4,3,1,0,Yoga,1
167,136,64,0.63,25.9,18.1,3.3,3,0,0,Strength,0
170,143,60,1.03,9.9,25.0,4.7,5,2,1,Mixed,2
169,126,73,0.9,23.9,26.8,3.7,3,1,0,Yoga,1
194,154,82,0.57,20.7,20.1,2.7,3,0,0,Cardio,0
188,172,76,0.47,28.1,23.6,2.8,2,0,0,HIIT,0
203,160,60,1.31,8.2,29.4,4.4,7,3,1,Strength,3
180,143,55,1.07,11.3,19.2,3.8,7,3,1,Strength,3
163,139,82,0.65,23.5,22.9,3.4,2,0,0,Strength,0
198,180,78,0.25,29.6,29.9,2.8,2,0,0,HIIT,0
176,161,72,0.82,17.5,24.6,3.0,5,1,0,HIIT,1
171,134,65,1.18,16.5,21.9,3.6,4,2,1,Cardio,2
184,134,73,0.76,27.9,24.0,4.1,5,1,0,Yoga,1
192,148,66,0.78,25.9,27.3,3.1,4,1,0,Cardio,1
161,120,70,0.71,16.7,23.2,3.5,4,2,1,Yoga,2
190,159,64,1.39,11.8,26.4,5.3,7,3,1,Mixed,3
174,158,65,1.42,28.1,24.9,4.3,5,2,1,HIIT,2
159,121,74,0.38,23.6,25.3,2.9,2,0,0,Yoga,0
182,125,55,0.91,18.1,26.6,4.2,6,2,1,Yoga,2
175,143,66,0.47,24.9,22.8,3.7,2,0,0,Strength,0
194,139,73,0.84,25.3,20.2,3.9,5,1,0,Yoga,1
175,130,75,0.77,20.7,25.9,3.6,5,1,0,Yoga,1
199,179,70,1.34,18.3,23.5,3.6,4,2,1,HIIT,2
193,162,68,0.72,30.1,22.2,3.8,3,0,0,Mixed,0
183,144,71,1.28,17.4,26.1,3.2,7,3,1,Cardio,3
193,156,70,1.04,24.4,29.1,4.2,6,2,1,Strength,2
180,153,72,0.41,24.5,23.4,3.5,2,0,0,Mixed,0
173,158,76,0.25,26.8,24.0,3.2,2,0,0,HIIT,0
165,121,67,0.46,22.8,19.3,3.4,2,0,0,Yoga,0
180,139,62,0.78,24.3,23.1,2.5,5,2,1,Cardio,2
174,160,78,0.65,30.0,24.9,2.9,2,0,0,HIIT,0
187,137,75,0.4,26.0,23.9,3.3,3,0,0,Yoga,0
177,144,84,0.25,25.2,22.6,2.3,3,0,0,Cardio,0
196,163,63,0.61,21.2,26.9,4.0,4,1,0,Mixed,1
188,135,69,1.22,23.7,24.2,4.5,5,1,1,Yoga,1
165,141,69,0.87,21.8,34.4,4.0,2,0,0,Mixed,0
174,126,68,1.09,8.0,24.8,4.1,7,3,1,Yoga,3
168,152,61,1.51,8.0,18.0,3.7,7,3,1,HIIT,3
179,153,75,0.49,30.2,19.6,3.5,3,0,0,Mixed,0
187,157,69,0.7,27.1,26.1,4.3,3,1,0,Mixed,1
175,147,66,0.86,16.4,21.4,4.1,4,1,1,Mixed,1
167,124,71,0.67,22.7,21.7,3.9,6,2,1,Yoga,2
195,151,71,1.28,20.7,19.0,3.4,3,1,0,Cardio,1
205,185,71,0.85,21.5,22.1,3.0,4,1,0,HIIT,1
169,126,73,0.74,24.1,24.8,3.9,3,1,0,Yoga,1
179,126,61,1.06,14.4,25.5,4.1,6,2,1,Yoga,2
182,167,80,0.95,25.1,19.9,3.7,4,1,0,HIIT,1
198,154,73,1.01,20.6,27.2,3.7,7,2,1,Cardio,2
195,153,75,0.68,23.8,19.2,3.1,2,0,0,Cardio,0
184,165,58,1.1,14.9,25.8,3.5,6,3,1,HIIT,3
187,158,68,0.91,15.8,25.3,4.4,4,2,1,Mixed,2
203,157,71,0.97,19.6,20.3,3.1,5,2,1,Cardio,2
192,154,84,0.55,25.0,19.8,2.6,3,0,0,Cardio,0
176,161,78,0.72,25.2,25.5,2.6,2,0,0,HIIT,0
167,119,61,1.09,15.2,21.8,4.2,7,3,1,Yoga,3
193,160,61,1.15,11.7,23.2,4.0,5,3,1,Mixed,3
176,126,66,0.77,31.6,26.7,3.9,3,0,0,Yoga,0
171,135,68,0.63,27.2,25.9,2.8,5,1,0,Cardio,1
199,156,77,0.31,26.0,20.3,2.6,2,0,0,Cardio,0
194,155,64,0.49,28.6,23.8,2.9,3,0,0,Strength,0
188,138,76,0.28,33.8,20.3,2.8,2,0,0,Yoga,0
179,163,71,0.34,26.0,27.5,2.9,3,0,0,HIIT,0
199,144,78,0.72,21.5,30.1,3.7,4,1,0,Yoga,1
198,179,74,0.54,25.8,20.6,2.9,2,0,0,HIIT,0
178,136,59,1.31,8.0,23.9,3.3,7,3,1,Cardio,3
184,144,69,1.01,17.9,27.7,3.7,3,1,0,Cardio,1
198,166,70,0.75,21.3,24.1,4.7,5,1,1,Mixed,1
179,127,64,1.17,21.2,26.2,4.1,7,3,1,Yoga,3
201,155,68,0.61,21.1,24.2,2.9,4,1,0,Cardio,1
192,163,75,0.74,28.5,19.8,3.9,3,0,0,Mixed,0
183,145,74,0.62,21.7,24.5,2.6,3,1,0,Cardio,1
164,141,70,1.18,15.8,28.5,4.3,3,1,1,Mixed,1
188,134,68,0.79,24.3,25.3,3.5,7,2,1,Yoga,2
184,166,63,0.85,23.4,30.5,3.7,7,2,1,HIIT,2
198,167,72,0.74,21.9,18.0,3.9,4,1,0,Mixed,1
175,140,77,0.76,27.4,25.5,2.7,4,1,0,Cardio,1
200,162,73,0.77,21.9,21.4,3.6,5,1,0,Strength,1
184,147,61,0.88,29.9,20.5,3.4,3,1,0,Strength,1
165,126,78,0.59,28.7,29.3,3.0,2,0,0,Yoga,0
176,158,55,1.24,13.3,23.0,3.7,6,3,1,HIIT,3
190,151,60,1.0,26.6,22.6,4.3,7,2,1,Strength,2
178,147,72,0.85,21.8,25.4,3.6,4,1,0,Strength,1
177,149,65,0.77,24.0,18.0,4.1,3,1,0,Mixed,1
177,161,69,0.51,27.8,29.4,2.5,2,0,0,HIIT,0
205,164,70,0.73,16.4,31.6,3.2,5,1,0,Strength,1
202,181,62,1.08,15.9,27.7,3.2,6,2,1,HIIT,2
205,169,62,1.04,23.6,25.6,4.5,3,1,1,Mixed,1
178,162,73,0.8,23.1,23.1,3.4,4,1,0,HIIT,1
151,132,75,0.73,14.7,19.7,4.1,4,1,0,Mixed,1
204,143,70,1.14,22.5,28.8,4.0,4,2,1,Yoga,2
202,181,61,1.0,26.4,27.7,3.6,6,2,1,HIIT,2
197,177,67,0.97,13.6,25.8,3.8,7,2,1,HIIT,2
166,138,73,0.47,22.6,25.3,3.2,2,0,0,Strength,0
175,125,64,0.93,21.3,25.2,3.9,4,1,1,Yoga,1
180,162,61,0.93,13.3,21.9,3.0,6,2,1,HIIT,2
171,136,56,0.58,24.3,34.0,3.8,5,1,1,Strength,1
205,161,60,0.8,19.4,22.9,3.4,5,2,1,Strength,2
175,145,55,1.03,15.9,22.3,4.7,6,3,1,Mixed,3
174,145,76,0.59,31.1,28.5,3.0,3,0,0,Strength,0
158,130,76,0.61,24.0,23.9,2.5,3,0,0,Cardio,0
190,158,62,0.95,27.2,23.9,4.0,4,1,0,Mixed,1
198,169,79,0.6,27.3,29.7,4.1,2,0,0,Mixed,0
169,141,57,1.17,20.8,26.7,4.7,5,3,1,Mixed,3
157,118,70,0.79,34.4,26.9,3.9,2,0,0,Yoga,0
194,174,61,0.78,17.3,18.3,3.4,5,1,1,HIIT,1
173,138,56,1.33,11.7,25.6,4.2,7,3,1,Strength,3
193,158,74,0.72,28.4,20.0,3.4,2,0,0,Strength,0
180,164,75,0.69,21.1,22.2,3.3,5,1,0,HIIT,1
171,147,74,1.05,29.0,24.7,4.6,3,0,0,Mixed,0
189,158,63,1.42,20.4,23.9,4.7,4,2,1,Mixed,2
205,161,78,0.54,19.6,26.6,2.2,3,0,0,Cardio,0
169,137,76,0.61,37.1,27.1,2.3,2,0,0,Cardio,0
192,151,55,0.7,14.4,27.4,3.8,7,3,1,Strength,3
168,144,73,0.53,25.7,18.6,3.4,2,0,0,Mixed,0
156,114,62,0.82,18.1,33.5,4.6,6,2,1,Yoga,2
174,159,74,0.8,32.2,23.9,3.6,3,0,0,HIIT,0
183,155,73,0.42,27.8,28.9,4.2,2,0,0,Mixed,0
173,139,61,1.07,16.3,18.0,3.4,5,2,1,Strength,2
174,161,82,0.96,23.0,22.9,3.2,2,0,0,HIIT,0
173,143,75,0.57,22.5,18.2,3.6,3,0,0,Strength,0
191,154,67,1.1,17.7,20.6,4.2,7,2,1,Strength,2
161,147,69,0.91,24.4,24.2,3.2,4,1,0,HIIT,1
193,149,69,0.94,19.7,22.7,3.0,6,2,1,Cardio,2
170,127,75,0.41,25.1,29.3,3.9,3,0,0,Yoga,0
180,147,70,1.09,27.6,31.1,3.8,4,2,1,Strength,2
169,142,61,0.25,30.0,20.1,3.3,2,0,0,Mixed,0
175,126,65,0.92,17.0,22.0,4.2,4,2,1,Yoga,2
181,154,71,0.39,19.6,19.9,3.7,3,1,0,Mixed,1
156,129,67,0.78,21.1,28.6,4.2,6,2,1,Strength,2
199,154,70,0.42,28.5,24.6,2.7,3,0,0,Cardio,0
156,129,66,0.71,18.9,24.1,3.1,3,1,0,Strength,1
183,146,60,0.79,20.1,25.2,3.5,4,2,1,Strength,2
199,165,62,1.03,10.7,22.8,4.4,7,3,1,Mixed,3
177,143,80,0.39,24.0,20.6,2.8,2,0,0,Cardio,0
189,169,57,0.86,17.1,24.2,3.3,6,2,1,HIIT,2
165,134,76,0.54,28.2,22.9,2.9,2,0,0,Cardio,0
165,140,66,0.73,23.2,25.4,3.8,3,1,0,Mixed,1
187,152,69,1.12,17.2,18.0,4.5,7,3,1,Strength,3
194,174,63,0.83,16.3,24.7,3.5,5,3,1,HIIT,3
191,138,73,0.94,20.1,21.2,4.4,2,0,0,Yoga,0
191,150,74,0.45,30.4,24.6,2.9,2,0,0,Cardio,0
166,145,81,0.25,28.6,27.6,3.8,3,0,0,Mixed,0
167,123,70,0.69,27.2,21.8,4.0,4,1,0,Yoga,1
187,157,66,0.33,23.4,28.8,3.7,3,0,0,Mixed,0
183,146,78,0.46,23.3,18.0,2.6,5,1,0,Cardio,1
190,156,79,0.3,27.9,30.2,3.2,3,0,0,Strength,0
182,149,72,0.41,24.7,29.0,2.8,2,0,0,Strength,0
194,161,63,0.96,18.2,20.5,4.1,6,3,1,Mixed,3
188,134,67,1.26,28.2,20.5,3.9,3,1,0,Yoga,1
181,149,72,0.85,19.4,18.0,3.4,3,0,0,Strength,0
203,156,69,0.55,21.6,27.7,3.1,3,1,0,Cardio,1
158,134,63,1.23,20.3,22.7,4.5,7,3,1,Mixed,3
172,127,72,0.52,26.0,22.4,4.2,3,1,0,Yoga,1
176,130,75,0.7,21.7,19.5,3.6,4,1,0,Yoga,1
175,158,62,1.17,20.1,31.2,3.4,7,3,1,HIIT,3
194,159,77,0.76,26.4,20.1,3.3,4,1,0,Strength,1
161,148,74,0.71,20.4,24.1,2.5,7,2,1,HIIT,2
165,123,72,1.1,18.8,24.9,4.7,5,1,1,Yoga,1
191,171,58,1.25,20.2,22.4,3.9,7,3,1,HIIT,3
190,154,69,0.96,18.9,21.6,4.2,4,1,1,Strength,1
184,145,55,1.28,14.5,22.5,3.6,7,3,1,Strength,3
182,165,70,0.78,18.8,26.3,3.1,4,1,0,HIIT,1
195,155,62,0.96,29.8,22.6,4.1,4,2,1,Strength,2
195,137,66,1.01,22.9,30.5,4.1,4,1,1,Yoga,1
195,161,60,1.33,10.7,20.9,5.0,5,3,1,Mixed,3
199,178,60,1.02,21.2,27.0,3.3,3,1,0,HIIT,1
176,140,74,1.09,30.1,18.0,3.6,3,0,0,Cardio,0
205,166,76,0.5,33.5,20.9,3.1,2,0,0,Strength,0
188,142,57,0.7,18.5,20.7,2.9,5,2,1,Cardio,2
166,153,82,0.67,31.9,19.6,3.2,3,0,0,HIIT,0
193,174,67,1.11,22.2,25.1,3.5,5,2,1,HIIT,2
179,145,81,0.37,20.8,23.6,2.4,2,0,0,Cardio,0
178,130,72,0.71,17.8,18.0,4.0,5,1,1,Yoga,1
188,161,77,0.57,23.3,32.0,3.4,3,0,0,Mixed,0
178,149,83,0.44,27.5,24.7,3.3,2,0,0,Strength,0
198,162,77,0.99,21.4,24.0,3.2,4,1,0,Strength,1
185,169,75,0.73,20.9,29.2,2.9,6,2,0,HIIT,2
183,145,74,0.64,29.9,28.0,2.2,3,0,0,Cardio,0
167,143,71,0.25,28.9,22.8,3.5,3,0,0,Mixed,0
181,147,69,0.38,31.4,18.0,2.9,2,0,0,Strength,0
165,126,55,1.67,15.2,26.3,4.1,7,3,1,Cardio,3
173,158,73,0.62,27.9,20.1,3.2,3,1,0,HIIT,1
159,140,84,1.22,18.7,29.0,4.4,5,1,1,Mixed,1
195,176,68,1.09,20.3,20.9,3.7,7,3,1,HIIT,3
181,140,64,0.95,24.1,22.2,3.0,7,2,1,Cardio,2
199,179,64,0.91,19.9,18.6,3.8,6,3,1,HIIT,3
164,135,67,0.81,23.9,19.0,3.6,4,1,0,Strength,1
197,178,73,0.46,27.1,23.6,2.5,2,0,0,HIIT,0
177,124,60,1.37,19.6,23.2,4.1,6,2,1,Yoga,2
190,136,70,0.41,22.6,22.1,3.1,2,0,0,Yoga,0
192,140,78,0.48,24.1,32.2,3.2,3,0,0,Yoga,0
172,144,77,0.64,23.4,26.4,3.6,4,1,0,Strength,1
162,149,80,0.38,23.3,24.0,2.3,3,0,0,HIIT,0
191,158,82,0.87,28.8,18.0,3.7,2,0,0,Strength,0
171,129,79,0.45,23.7,27.3,3.2,2,0,0,Yoga,0
168,142,65,1.09,21.5,35.0,5.5,7,2,1,Mixed,2
161,121,72,0.42,19.1,23.2,3.6,3,0,0,Yoga,0
181,145,78,0.53,26.6,20.8,2.4,2,0,0,Cardio,0
173,144,57,1.39,26.4,24.7,4.9,5,2,1,Mixed,2
191,138,72,0.55,38.8,18.3,3.7,3,0,0,Yoga,0
195,174,56,1.39,8.9,25.8,3.6,7,3,1,HIIT,3
184,157,76,0.53,22.2,30.0,3.6,5,1,0,Mixed,1
188,149,58,0.76,23.0,21.3,3.6,5,2,1,Strength,2
183,157,80,0.4,26.5,21.4,4.0,3,0,0,Mixed,0
196,178,77,0.54,28.0,23.7,2.7,3,0,0,HIIT,0
187,150,62,0.87,11.1,22.0,3.6,6,3,1,Strength,3
194,132,58,1.18,17.8,18.0,4.1,7,3,1,Yoga,3
185,166,58,1.16,15.9,22.5,3.9,6,2,1,HIIT,2
167,142,68,0.89,20.7,21.7,4.2,5,2,1,Mixed,2
173,140,79,0.91,34.5,29.5,3.0,2,0,0,Cardio,0
191,160,67,0.76,24.3,28.6,4.2,6,2,1,Mixed,2
169,139,69,0.96,31.0,29.6,4.0,5,1,0,Strength,1
163,118,64,0.65,12.0,27.2,3.3,5,1,1,Yoga,1
181,153,67,0.86,19.5,24.8,3.7,5,1,1,Mixed,1
201,183,77,0.67,23.2,20.5,3.1,2,0,0,HIIT,0
175,124,61,0.81,20.6,29.3,4.2,5,2,1,Yoga,2
201,182,70,0.83,22.0,25.4,2.9,3,0,0,HIIT,0
158,134,63,0.85,21.5,19.0,3.9,4,1,1,Mixed,1
190,151,78,0.74,22.0,20.3,2.7,3,0,0,Cardio,0
182,153,68,0.72,16.7,18.9,4.3,6,2,1,Mixed,2
168,155,81,0.55,26.9,18.0,3.1,2,0,0,HIIT,0
197,177,64,0.25,24.5,25.6,2.7,2,0,0,HIIT,0
166,153,81,0.58,27.4,19.0,3.4,2,0,0,HIIT,0
190,152,81,0.66,23.9,21.0,2.6,3,0,0,Cardio,0
192,153,81,1.09,25.2,24.2,3.2,2,0,0,Cardio,0
196,166,76,0.87,29.4,23.2,4.1,3,0,0,Mixed,0
197,179,76,0.45,27.5,21.1,3.2,2,0,0,HIIT,0
184,136,76,0.63,22.4,30.1,3.3,3,0,0,Yoga,0
168,117,55,1.22,21.2,18.0,3.8,7,3,1,Yoga,3
185,156,71,0.62,24.0,18.1,3.8,3,0,0,Mixed,0
161,118,66,1.13,12.1,25.8,4.8,4,2,1,Yoga,2
205,171,69,0.97,20.6,21.5,4.3,5,1,1,Mixed,1
183,156,74,0.88,16.4,21.3,3.8,3,1,0,Mixed,1
191,156,73,0.47,21.1,19.7,3.2,3,0,0,Strength,0
183,154,68,0.68,26.7,25.4,4.1,2,0,0,Mixed,0
193,159,58,0.78,23.1,24.9,5.0,7,2,1,Mixed,2
183,142,66,0.88,17.9,24.5,3.6,5,1,1,Cardio,1
194,158,74,0.64,25.8,21.7,3.4,5,1,0,Strength,1
174,158,67,0.84,28.7,21.0,3.5,4,1,0,HIIT,1
169,125,71,0.86,15.8,23.3,4.0,4,1,1,Yoga,1
196,161,57,1.21,21.3,27.9,4.0,5,2,1,Mixed,2
158,135,66,0.81,19.2,30.3,4.4,7,2,1,Mixed,2
194,176,75,0.63,27.0,28.4,2.7,3,0,0,HIIT,0
182,154,71,0.79,20.5,26.0,4.1,7,2,1,Mixed,2
157,127,71,0.54,26.2,27.9,2.2,4,1,0,Cardio,1
163,123,74,0.73,14.7,19.3,4.0,5,1,1,Yoga,1
175,149,70,1.3,9.0,21.1,4.5,5,3,1,Mixed,3
202,163,70,0.7,14.7,26.1,3.2,4,1,0,Strength,1
201,163,73,0.92,20.6,23.5,3.5,6,2,1,Strength,2
177,161,71,0.56,19.2,25.4,2.9,5,1,0,HIIT,1
169,138,67,1.18,31.2,27.9,4.0,5,1,1,Strength,1
195,176,64,0.97,10.3,27.3,3.2,6,2,1,HIIT,2
185,157,72,0.46,31.3,19.6,4.1,2,0,0,Mixed,0
202,162,68,0.71,17.5,24.0,3.5,4,1,0,Strength,1
164,132,72,0.76,30.2,20.3,2.9,3,0,0,Cardio,0
162,148,73,1.03,31.9,20.9,4.1,3,0,0,HIIT,0
200,162,74,0.65,18.6,18.0,3.7,4,1,0,Strength,1
197,138,66,0.6,25.6,24.5,3.7,2,0,0,Yoga,0
199,156,76,0.31,27.9,18.0,2.1,2,0,0,Cardio,0
170,131,61,1.26,22.7,25.6,3.4,7,3,1,Cardio,3
171,157,77,0.44,28.1,29.4,2.3,4,1,0,HIIT,1
167,137,68,0.6,23.7,26.1,3.3,5,1,0,Strength,1
170,127,76,0.41,18.9,24.2,3.6,3,1,0,Yoga,1
171,141,71,0.79,26.5,30.1,3.6,2,0,0,Strength,0
182,146,63,1.22,14.1,25.3,4.0,5,2,1,Strength,2
172,142,72,0.81,23.9,20.5,3.4,4,1,0,Strength,1
165,151,73,0.86,24.0,24.5,3.3,5,1,0,HIIT,1
184,167,74,0.64,32.5,31.8,3.5,3,0,0,HIIT,0
173,159,76,0.51,29.4,19.6,3.0,2,0,0,HIIT,0
192,152,59,1.48,13.0,18.5,4.3,5,3,1,Strength,3
159,135,79,0.94,17.9,26.5,3.9,3,0,0,Strength,0
183,134,74,0.82,19.9,23.1,3.7,3,0,0,Yoga,0
176,140,74,0.93,25.9,21.9,3.3,3,0,0,Cardio,0
166,131,65,1.45,19.3,19.0,3.1,7,3,1,Cardio,3
199,159,66,1.29,18.8,18.0,4.4,6,2,1,Strength,2
168,132,63,1.41,9.7,18.2,3.2,7,3,1,Cardio,3
169,140,72,1.36,11.2,30.5,4.4,7,3,1,Strength,3
173,143,55,1.54,11.2,24.0,5.2,7,3,1,Mixed,3
191,147,65,0.82,20.4,18.0,2.7,4,1,0,Cardio,1
190,171,65,0.46,22.9,28.7,2.7,3,1,0,HIIT,1
176,159,61,1.37,17.1,28.9,3.4,5,2,1,HIIT,2
167,154,82,0.56,26.4,28.9,2.5,2,0,0,HIIT,0
190,158,62,0.57,23.9,22.3,3.9,3,0,0,Mixed,0
153,142,77,0.29,26.7,22.9,2.6,3,0,0,HIIT,0
171,143,57,1.05,19.0,24.6,4.4,5,2,1,Mixed,2
176,146,75,0.8,26.7,29.6,3.7,3,0,0,Strength,0
188,133,66,1.21,15.1,21.8,3.8,5,2,1,Yoga,2
169,144,70,1.17,14.1,21.0,4.1,6,2,1,Mixed,2
190,172,74,0.57,26.6,26.8,2.8,3,0,0,HIIT,0
197,178,74,0.45,26.6,28.8,3.2,3,0,0,HIIT,0
171,144,65,0.67,24.2,23.8,3.5,2,0,0,Mixed,0
171,140,81,0.8,28.9,26.7,3.0,3,1,0,Cardio,1
180,164,72,0.77,21.5,24.4,3.5,5,1,0,HIIT,1
174,138,72,1.17,22.6,23.0,3.4,4,1,0,Cardio,1
190,147,65,1.21,10.6,20.7,2.9,7,3,1,Cardio,3
168,126,75,0.62,23.0,19.4,3.8,2,0,0,Yoga,0
199,140,67,1.04,19.7,21.5,4.6,4,2,1,Yoga,2
195,140,74,0.8,17.3,20.1,3.5,5,1,0,Yoga,1
164,132,58,0.72,20.9,25.1,3.7,5,2,1,Strength,2
173,149,78,0.65,25.5,28.9,4.2,2,0,0,Mixed,0
185,148,80,0.97,23.5,24.8,3.1,3,1,0,Cardio,1
190,174,84,0.25,33.9,20.3,3.2,2,0,0,HIIT,0
162,138,83,0.59,28.6,27.4,3.2,2,0,0,Strength,0
170,129,80,1.05,20.4,25.2,4.2,5,1,0,Yoga,1
187,156,64,0.91,22.2,26.0,3.7,3,1,0,Mixed,1
172,142,72,0.64,20.7,21.9,3.7,3,0,0,Strength,0
202,181,60,1.02,11.3,28.5,4.0,4,2,1,HIIT,2
194,159,77,1.51,18.1,28.5,3.8,7,3,1,Strength,3
195,152,71,1.13,22.7,23.3,3.6,4,1,0,Cardio,1
177,128,68,0.35,25.9,26.9,3.5,3,0,0,Yoga,0
194,154,59,0.89,19.5,28.4,3.6,7,2,1,Strength,2
163,133,76,0.49,22.8,22.1,2.2,2,0,0,Cardio,0
173,138,58,0.94,22.0,23.7,3.8,7,2,1,Strength,2
176,161,79,0.92,15.8,24.3,3.0,3,1,0,HIIT,1
162,125,79,0.64,25.3,19.6,3.4,2,0,0,Yoga,0
168,127,77,0.52,24.4,25.8,3.6,2,0,0,Yoga,0
196,157,65,1.18,24.7,28.1,4.1,3,1,0,Strength,1
190,157,58,1.03,17.7,23.4,4.5,4,2,1,Mixed,2
161,148,77,0.68,21.6,25.4,3.1,2,0,0,HIIT,0
177,162,76,0.33,28.4,29.6,3.1,3,0,0,HIIT,0
170,155,69,0.82,33.2,22.4,3.4,2,0,0,HIIT,0
196,165,70,0.76,22.4,25.4,4.3,4,1,0,Mixed,1
165,141,70,0.35,21.0,21.7,3.5,4,1,0,Mixed,1
195,176,64,1.22,20.5,21.6,3.6,7,3,1,HIIT,3
152,117,76,0.68,19.5,25.4,3.5,4,2,0,Yoga,2
167,128,55,1.03,16.1,25.0,3.2,4,2,1,Cardio,2
173,145,79,0.73,27.8,26.2,3.5,2,0,0,Strength,0
182,149,72,0.25,23.2,24.3,2.6,2,0,0,Strength,0
152,132,72,0.63,24.8,25.9,4.3,5,1,0,Mixed,1
197,178,76,0.71,30.3,30.7,3.1,3,0,0,HIIT,0
174,157,63,1.15,11.8,28.2,3.8,5,3,1,HIIT,3
176,124,59,1.03,15.9,25.4,4.0,5,2,1,Yoga,2
193,159,80,1.2,19.7,26.0,3.9,3,0,0,Strength,0
180,162,65,0.81,24.4,22.8,3.7,4,2,1,HIIT,2
191,158,82,0.25,27.9,23.4,2.5,3,0,0,Strength,0
195,161,83,0.51,31.0,26.0,3.2,2,0,0,Strength,0
196,178,76,0.25,31.6,24.4,2.0,3,0,0,HIIT,0
202,164,75,0.78,19.9,27.2,3.8,4,1,0,Strength,1
194,156,70,0.88,22.6,29.1,3.7,4,2,0,Strength,2
164,127,82,0.4,29.8,23.6,3.2,3,0,0,Yoga,0
162,140,71,1.32,14.7,18.0,4.5,7,2,1,Mixed,2
186,157,69,0.42,33.2,32.1,3.1,2,0,0,Mixed,0
190,132,61,0.82,15.8,21.4,3.6,6,3,1,Yoga,3
199,177,55,1.29,12.5,24.8,3.8,5,3,1,HIIT,3
191,153,62,0.97,12.8,26.9,3.6,5,2,1,Strength,2
175,159,68,0.65,12.5,29.6,2.6,5,1,0,HIIT,1
176,142,78,0.68,24.6,31.2,2.2,3,0,0,Cardio,0
198,161,74,0.7,26.5,22.5,3.1,2,0,0,Strength,0
197,152,69,0.48,23.8,28.8,2.5,3,1,0,Cardio,1
166,125,75,1.25,27.0,24.8,4.7,5,1,1,Yoga,1
180,141,69,1.24,16.5,35.0,3.9,5,2,1,Cardio,2
192,163,76,0.75,20.9,28.4,4.2,3,0,0,Mixed,0
186,152,74,0.94,24.5,23.3,4.1,4,1,0,Strength,1
190,154,68,1.2,23.3,20.8,4.2,5,2,1,Strength,2
184,139,85,0.56,21.4,18.0,3.9,3,0,0,Yoga,0
179,145,64,0.99,20.5,26.7,3.7,5,2,1,Strength,2
168,122,66,0.57,27.5,28.0,3.4,4,1,0,Yoga,1
176,146,76,0.59,18.6,27.0,3.3,2,0,0,Strength,0
196,152,70,0.25,29.0,18.0,2.1,3,0,0,Cardio,0
169,140,73,0.25,20.7,19.0,2.9,2,0,0,Strength,0
192,141,77,0.74,25.0,25.9,3.9,2,0,0,Yoga,0
181,142,67,0.8,19.1,31.1,3.4,3,1,0,Cardio,1
190,131,59,1.12,8.0,23.8,4.4,7,3,1,Yoga,3
162,136,59,1.22,14.3,28.4,4.9,7,3,1,Mixed,3
155,127,73,0.78,34.1,19.9,2.8,2,0,0,Cardio,0
175,145,55,1.42,13.7,24.8,5.1,7,3,1,Mixed,3
169,122,65,1.09,9.6,22.9,3.9,5,3,1,Yoga,3
170,148,82,0.85,18.5,28.8,4.0,2,0,0,Mixed,0
181,146,65,1.25,17.8,21.8,4.0,5,3,1,Strength,3
161,127,65,1.32,14.7,30.7,3.7,6,3,1,Cardio,3
173,135,63,1.1,13.0,22.8,2.7,6,2,1,Cardio,2
202,169,71,0.63,18.8,19.7,4.3,4,1,0,Mixed,1
192,161,66,0.42,14.5,19.9,3.6,4,1,0,Mixed,1
184,144,69,0.52,27.2,21.5,3.0,3,1,0,Cardio,1
194,134,60,1.24,12.9,25.5,4.7,7,3,1,Yoga,3
177,149,68,0.49,24.2,21.6,3.6,2,0,0,Mixed,0
162,137,61,1.36,17.8,20.7,5.4,7,3,1,Mixed,3
163,122,72,0.25,29.8,27.6,3.4,3,0,0,Yoga,0
187,137,76,0.54,27.5,18.0,3.6,3,0,0,Yoga,0
177,136,59,1.37,15.0,22.3,3.7,6,3,1,Cardio,3
194,161,62,1.25,16.2,18.7,4.6,7,3,1,Mixed,3
203,158,73,0.52,24.7,20.5,2.4,4,1,0,Cardio,1
166,149,55,1.2,15.3,25.0,3.7,5,3,1,HIIT,3
173,133,58,1.22,19.7,23.2,3.6,7,3,1,Cardio,3
183,139,57,1.12,17.9,22.8,3.0,7,3,1,Cardio,3
186,137,76,0.8,32.0,28.8,4.1,5,1,0,Yoga,1
177,139,68,1.22,21.5,23.9,3.3,6,3,1,Cardio,3
164,134,65,0.99,9.9,31.2,3.8,6,2,1,Strength,2
186,143,62,1.05,10.9,26.8,3.0,5,3,1,Cardio,3
164,120,68,0.58,26.2,20.1,3.5,2,0,0,Yoga,0
200,181,72,0.89,20.3,31.7,3.5,5,1,0,HIIT,1
205,139,59,1.27,16.1,25.1,4.7,7,3,1,Yoga,3
181,134,77,0.59,19.2,31.5,3.1,3,1,0,Yoga,1
204,162,64,1.21,14.1,22.9,3.6,7,2,1,Strength,2
200,178,56,1.41,16.2,25.1,3.5,6,3,1,HIIT,3
201,158,58,0.7,19.7,25.7,3.9,6,2,1,Strength,2
172,157,76,0.8,32.0,23.3,3.9,3,0,0,HIIT,0
200,161,72,0.77,26.2,29.1,3.6,3,0,0,Strength,0
175,142,81,0.67,26.8,31.7,2.9,2,0,0,Cardio,0
180,164,68,1.18,23.8,18.0,3.5,5,2,1,HIIT,2
187,148,74,0.35,28.4,27.3,2.3,2,0,0,Cardio,0
172,144,78,1.06,36.5,20.4,4.0,3,0,0,Strength,0
169,148,84,0.54,22.9,18.0,4.1,2,0,0,Mixed,0
168,128,55,1.37,21.8,26.1,3.7,7,3,1,Cardio,3
201,169,72,0.76,19.1,26.1,3.3,3,0,0,Mixed,0
188,162,85,0.5,28.8,26.7,4.2,3,0,0,Mixed,0
174,126,66,0.97,18.9,25.5,4.0,5,1,1,Yoga,1
170,156,78,0.55,24.8,27.5,3.0,2,0,0,HIIT,0
186,154,81,0.7,23.4,21.6,3.4,2,0,0,Strength,0
182,155,75,0.64,28.8,25.1,3.6,3,0,0,Mixed,0
166,133,73,0.75,23.4,26.8,2.8,5,1,0,Cardio,1
200,156,74,0.55,22.0,29.4,2.6,3,0,0,Cardio,0
197,139,69,1.43,17.7,24.2,4.0,5,3,1,Yoga,3
173,128,73,0.64,33.3,23.1,3.6,3,0,0,Yoga,0
155,125,55,1.17,9.4,23.8,3.7,7,3,1,Strength,3
172,141,69,1.37,15.8,19.2,3.9,7,2,1,Strength,2
187,146,69,0.86,20.7,27.1,2.4,7,2,1,Cardio,2
182,155,76,0.93,21.0,18.2,4.1,2,0,0,Mixed,0
161,128,65,1.0,19.1,25.6,3.1,7,2,1,Cardio,2
193,161,63,1.12,18.3,24.3,4.5,5,2,1,Mixed,2
174,136,66,0.73,20.8,18.0,2.5,5,1,0,Cardio,1
190,153,67,0.61,24.4,18.0,2.9,3,1,0,Strength,1
194,164,77,0.32,32.8,20.6,3.5,3,0,0,Mixed,0
171,141,69,1.15,16.7,22.6,3.9,5,1,1,Strength,1
180,146,68,0.99,24.8,29.9,3.7,3,0,0,Strength,0
188,143,58,1.02,16.0,23.6,3.0,5,3,1,Cardio,3
179,139,64,0.99,22.0,26.2,3.2,4,2,1,Cardio,2
191,140,78,0.62,25.5,29.1,4.0,2,0,0,Yoga,0
185,151,71,0.85,21.5,28.3,3.6,4,1,0,Strength,1
189,139,79,0.69,24.1,24.0,3.9,4,1,0,Yoga,1
177,161,70,0.7,24.9,21.2,2.8,2,0,0,HIIT,0
181,147,68,0.93,16.5,26.0,3.3,6,2,1,Strength,2
193,141,78,0.63,25.1,21.3,3.2,3,0,0,Yoga,0
154,142,71,1.02,24.2,31.3,3.6,3,1,0,HIIT,1
169,139,69,0.68,18.8,27.5,3.4,3,1,0,Strength,1
186,150,67,0.8,20.9,24.8,3.2,3,1,0,Strength,1
181,164,70,1.14,17.2,26.1,4.0,4,1,1,HIIT,1
195,146,56,0.72,18.8,24.7,2.6,7,2,1,Cardio,2
191,173,70,0.85,25.9,22.5,3.6,2,0,0,HIIT,0
179,149,60,0.93,22.0,26.0,4.2,5,2,1,Mixed,2
205,164,68,1.01,15.2,23.0,3.8,4,2,1,Strength,2
166,144,78,0.59,27.2,31.7,3.9,3,0,0,Mixed,0
193,174,70,0.74,29.9,21.2,3.7,2,0,0,HIIT,0
194,146,58,0.78,23.0,26.0,2.7,7,2,1,Cardio,2
179,150,63,0.92,29.3,20.9,4.0,5,1,0,Mixed,1
192,137,70,1.11,22.8,20.8,4.0,6,2,1,Yoga,2
181,135,80,0.87,26.1,18.0,3.3,3,0,0,Yoga,0
205,164,68,1.14,19.5,25.6,4.1,7,2,1,Strength,2
162,138,83,0.28,24.5,21.9,2.4,3,0,0,Strength,0
188,147,69,1.37,9.1,28.3,4.2,7,3,1,Cardio,3
194,147,60,1.43,21.3,25.7,3.5,6,2,1,Cardio,2
179,129,68,0.72,25.3,24.6,3.6,4,1,0,Yoga,1
159,129,74,0.85,23.4,18.4,3.2,4,1,0,Cardio,1
195,135,61,0.72,24.2,26.3,3.7,2,0,0,Yoga,0
184,156,74,0.26,17.8,21.4,3.2,3,0,0,Mixed,0
200,144,75,0.52,23.3,18.3,3.5,4,1,0,Yoga,1
169,132,63,1.19,17.6,25.7,2.9,4,2,1,Cardio,2
168,132,64,0.9,18.8,19.0,3.0,5,3,1,Cardio,3
186,127,55,1.11,19.2,18.0,4.6,6,2,1,Yoga,2
159,146,71,0.84,22.4,29.2,3.0,5,1,0,HIIT,1
194,175,63,1.41,18.5,21.8,4.5,6,2,1,HIIT,2
181,143,74,0.63,33.8,18.0,2.6,2,0,0,Cardio,0
193,136,65,0.62,24.2,20.1,4.0,5,1,0,Yoga,1
167,153,78,0.9,20.6,21.1,3.2,5,1,0,HIIT,1
168,136,60,1.0,12.1,28.6,3.9,7,3,1,Strength,3
175,149,71,0.93,20.6,18.0,4.4,4,1,1,Mixed,1
174,152,85,0.77,26.8,18.6,3.8,3,0,0,Mixed,0
193,138,70,0.53,24.2,27.9,3.3,2,0,0,Yoga,0
177,160,66,1.1,17.2,22.2,3.6,7,2,1,HIIT,2
160,120,72,0.77,20.8,24.9,4.0,2,0,0,Yoga,0
167,128,56,1.11,12.1,22.0,3.1,6,3,1,Cardio,3
178,140,72,0.7,22.9,32.1,2.6,4,1,0,Cardio,1
175,144,74,0.36,33.8,18.8,3.1,3,0,0,Strength,0
203,158,75,1.19,19.0,25.1,3.6,5,2,1,Cardio,2
194,142,79,0.62,23.8,30.0,3.7,5,1,0,Yoga,1
195,162,64,0.88,14.7,22.5,4.2,6,2,1,Mixed,2
168,140,57,0.81,24.5,21.0,4.3,7,2,1,Mixed,2
161,146,64,0.95,12.7,27.1,3.7,6,2,1,HIIT,2
184,143,65,1.24,9.7,28.0,3.3,6,3,1,Cardio,3
192,172,61,0.96,21.0,20.8,3.3,7,2,1,HIIT,2
196,153,73,0.49,18.8,29.8,2.4,6,2,0,Cardio,2
179,150,63,1.14,18.6,24.2,5.0,7,3,1,Mixed,3
168,143,69,0.67,26.8,26.0,4.4,3,0,0,Mixed,0
180,143,57,1.2,10.3,30.0,3.7,7,3,1,Strength,3
179,152,72,0.39,26.8,27.1,3.6,2,0,0,Mixed,0
201,156,71,0.67,16.1,24.0,3.1,2,0,0,Cardio,0
176,147,59,1.11,16.6,21.3,4.4,6,2,1,Mixed,2
176,149,67,0.68,25.8,34.8,4.1,5,1,0,Mixed,1
184,155,68,1.01,19.5,20.8,4.1,5,1,1,Mixed,1
190,141,81,0.29,26.7,25.3,3.8,2,0,0,Yoga,0
177,162,77,0.44,20.9,26.0,2.4,3,0,0,HIIT,0
164,125,77,0.57,30.3,26.2,3.7,2,0,0,Yoga,0
197,161,77,0.64,28.9,32.5,2.8,2,0,0,Strength,0
176,138,66,0.75,18.4,24.2,2.8,5,1,0,Cardio,1
172,126,71,0.79,21.7,23.6,3.7,7,2,1,Yoga,2
159,125,63,0.99,20.5,30.2,3.7,6,2,1,Cardio,2
168,138,68,1.11,19.9,23.5,4.2,4,1,1,Strength,1
193,174,62,1.3,9.0,27.5,3.6,6,3,1,HIIT,3
171,141,85,0.61,30.3,24.8,2.8,2,0,0,Cardio,0
185,168,72,0.25,28.2,27.7,3.3,2,0,0,HIIT,0
205,160,55,1.14,13.5,26.9,4.1,6,3,1,Strength,3
196,177,71,0.98,25.2,22.4,3.3,5,1,0,HIIT,1
159,130,63,1.17,13.4,18.0,3.5,7,3,1,Strength,3
204,170,68,0.85,23.7,18.0,4.7,5,1,1,Mixed,1
171,139,62,1.31,16.1,18.0,3.8,5,2,1,Strength,2
202,162,69,0.58,22.0,23.6,3.8,2,0,0,Strength,0
194,175,62,0.98,12.5,18.0,3.7,7,3,1,HIIT,3
194,156,85,0.34,31.3,23.4,2.5,2,0,0,Cardio,0
181,157,84,0.57,23.3,24.5,4.0,2,0,0,Mixed,0
183,135,77,1.03,23.0,27.4,4.2,3,0,0,Yoga,0
174,126,68,0.75,19.2,26.0,3.9,5,1,1,Yoga,1
174,140,77,0.25,26.5,27.6,2.7,3,0,0,Cardio,0
188,143,58,1.03,22.9,25.7,3.2,6,3,1,Cardio,3
164,137,57,0.93,17.4,22.7,4.2,7,3,1,Mixed,3
197,158,66,1.03,25.2,23.6,3.7,4,2,1,Strength,2
174,138,71,1.26,8.0,20.6,4.0,7,2,1,Cardio,2
181,150,59,0.85,18.6,24.9,4.1,7,3,1,Mixed,3
170,131,59,1.08,18.4,18.0,3.2,7,3,1,Cardio,3
178,142,59,1.32,16.8,28.3,3.7,6,3,1,Strength,3
176,137,64,1.29,13.1,20.2,3.7,7,3,1,Cardio,3
197,168,79,0.78,38.4,24.6,4.1,3,0,0,Mixed,0
173,142,70,0.66,28.1,25.3,3.5,2,0,0,Strength,0
169,139,69,1.17,18.8,28.7,4.4,3,1,1,Strength,1
185,148,81,0.56,17.0,18.0,3.3,3,0,0,Cardio,0
200,181,73,0.74,26.4,22.7,2.8,3,0,0,HIIT,0
197,178,72,0.83,16.0,26.2,3.1,4,2,0,HIIT,2
201,182,73,0.92,27.8,31.0,3.1,3,1,0,HIIT,1
187,147,74,1.11,14.4,23.8,3.9,7,2,1,Cardio,2
166,129,58,1.22,17.3,21.6,3.4,7,3,1,Cardio,3
160,128,69,1.04,28.3,32.1,2.9,5,2,1,Cardio,2
193,139,74,1.02,22.0,27.2,4.3,3,1,0,Yoga,1
194,143,80,0.35,27.2,29.5,3.3,3,0,0,Yoga,0
200,169,77,0.94,28.0,19.2,4.0,3,0,0,Mixed,0
170,148,81,0.65,28.5,26.1,3.0,3,0,0,Mixed,0
191,156,72,0.67,24.2,19.7,4.0,2,0,0,Strength,0
180,154,75,0.27,30.7,18.8,3.6,2,0,0,Mixed,0
165,139,58,1.19,25.1,26.3,4.6,5,2,1,Mixed,2
189,132,64,0.81,18.0,26.6,3.5,7,2,1,Yoga,2
175,159,66,0.7,24.2,22.1,3.0,4,1,0,HIIT,1
202,167,62,1.3,19.6,29.7,4.9,7,3,1,Mixed,3
176,152,80,0.61,24.4,22.5,4.2,3,0,0,Mixed,0
185,157,73,0.91,23.7,22.9,4.3,5,1,0,Mixed,1
204,173,79,0.53,28.8,23.9,3.9,3,0,0,Mixed,0
169,120,60,1.3,18.5,23.0,4.1,5,3,1,Yoga,3
151,139,69,1.14,24.1,29.1,3.8,4,1,1,HIIT,1
171,125,69,0.7,26.1,19.8,3.7,2,0,0,Yoga,0
165,120,65,0.4,20.0,21.0,3.2,3,0,0,Yoga,0
185,166,57,0.65,18.0,19.2,3.5,4,2,1,HIIT,2
199,155,72,0.45,23.7,31.5,2.5,3,0,0,Cardio,0
188,157,65,1.2,9.5,22.7,4.2,7,3,1,Mixed,3
196,163,64,0.44,23.8,20.9,3.8,3,1,0,Mixed,1
195,139,71,0.86,30.6,22.9,3.7,3,0,0,Yoga,0
186,152,73,0.42,22.8,27.4,3.6,3,0,0,Strength,0
160,139,76,0.96,24.2,26.7,4.2,3,1,0,Mixed,1
178,140,70,0.9,21.7,21.7,2.9,3,1,0,Cardio,1
183,132,71,0.43,16.5,22.4,3.5,3,1,0,Yoga,1
172,157,72,0.72,23.0,18.2,3.2,3,1,0,HIIT,1
205,160,77,0.7,24.3,24.6,2.9,3,1,0,Cardio,1
179,148,75,0.93,28.9,29.1,4.2,3,0,0,Strength,0
182,146,61,0.68,29.4,21.7,3.6,3,1,0,Strength,1
163,136,71,1.15,23.4,26.5,3.3,4,1,0,Strength,1
199,181,77,1.07,22.5,21.7,4.0,4,1,0,HIIT,1
180,144,78,0.56,21.5,19.6,1.8,2,0,0,Cardio,0
194,156,66,1.1,18.8,26.7,3.7,6,2,1,Strength,2
197,158,67,0.91,26.5,33.4,4.0,5,2,1,Strength,2
183,130,66,0.27,21.9,26.2,3.5,3,0,0,Yoga,0
197,177,60,0.98,18.3,22.3,3.8,4,1,1,HIIT,1
170,138,64,1.18,11.5,22.6,3.8,7,3,1,Strength,3
185,169,81,0.55,28.0,31.6,2.7,2,0,0,HIIT,0
175,141,62,1.21,24.1,25.2,4.1,6,2,1,Strength,2
161,138,71,0.79,31.7,20.9,4.8,5,1,0,Mixed,1
178,152,73,1.1,16.7,23.8,4.4,5,1,1,Mixed,1
163,132,73,0.98,14.9,24.9,3.1,6,2,1,Cardio,2
201,155,70,0.82,30.8,25.9,3.0,5,1,0,Cardio,1
197,179,79,0.82,28.0,30.0,2.9,3,0,0,HIIT,0
196,177,70,1.06,14.5,29.1,3.3,7,3,1,HIIT,3
182,129,64,1.12,8.9,24.8,4.6,6,2,1,Yoga,2
180,164,70,0.83,27.3,23.8,3.3,3,1,0,HIIT,1
172,134,64,0.8,19.9,25.6,2.9,4,1,0,Cardio,1
190,133,65,1.03,23.2,21.6,4.3,4,1,1,Yoga,1
185,150,69,1.17,14.7,27.9,3.9,4,2,1,Strength,2
177,144,81,0.61,22.9,23.2,3.0,2,0,0,Cardio,0
202,161,66,1.16,13.4,26.0,3.5,7,3,1,Strength,3
195,151,70,0.8,28.2,30.9,3.0,2,0,0,Cardio,0
196,164,69,0.92,19.7,26.2,4.5,5,1,1,Mixed,1
202,171,77,0.49,25.5,24.9,3.6,2,0,0,Mixed,0
190,129,55,1.03,23.7,21.9,4.2,4,2,1,Yoga,2
175,161,77,0.82,18.6,23.7,3.2,2,0,0,HIIT,0
176,133,79,0.83,20.5,19.5,3.8,5,1,0,Yoga,1
171,155,66,1.08,16.0,26.1,3.8,5,3,1,HIIT,3
160,114,58,0.73,25.4,18.0,3.9,3,1,0,Yoga,1
185,153,77,0.8,28.6,27.9,3.8,2,0,0,Strength,0
201,145,76,0.57,27.3,26.9,3.5,3,0,0,Yoga,0
194,175,71,0.58,21.2,24.4,3.0,5,1,0,HIIT,1
183,151,76,0.84,26.3,21.9,3.9,2,0,0,Strength,0
168,140,73,0.67,34.9,23.9,3.6,2,0,0,Strength,0
160,114,58,0.85,24.1,18.0,4.0,3,1,1,Yoga,1
195,153,77,0.77,20.0,27.3,3.0,3,0,0,Cardio,0
191,162,78,0.29,25.4,23.3,3.4,3,0,0,Mixed,0
179,151,67,1.08,28.5,30.1,4.3,3,1,0,Mixed,1
197,145,81,0.53,25.5,25.6,3.0,2,0,0,Yoga,0
174,137,67,0.36,27.9,24.9,2.5,3,0,0,Cardio,0
174,140,61,1.23,28.9,25.6,3.6,5,1,1,Strength,1
169,141,75,0.62,19.6,20.1,3.4,3,0,0,Strength,0
183,166,72,0.84,21.7,22.2,3.1,3,0,0,HIIT,0
163,149,70,0.75,16.8,24.5,3.1,6,2,1,HIIT,2
171,135,68,0.99,22.2,22.8,3.0,5,1,0,Cardio,1
178,135,82,0.25,23.3,21.7,3.1,3,0,0,Yoga,0
203,142,66,0.8,27.1,22.9,3.6,5,1,0,Yoga,1
184,165,61,1.44,18.4,24.2,4.0,6,3,1,HIIT,3
162,135,55,1.2,14.6,33.3,5.1,5,3,1,Mixed,3
178,140,70,0.91,17.9,22.7,3.4,3,1,0,Cardio,1
171,128,75,0.5,25.1,21.3,3.7,3,0,0,Yoga,0
195,159,76,0.82,24.7,23.4,3.8,4,1,0,Strength,1
196,157,67,0.29,25.6,30.0,3.4,2,0,0,Strength,0
184,132,69,0.57,15.3,30.3,3.5,3,1,0,Yoga,1
164,130,67,1.15,15.3,31.8,3.7,7,3,1,Cardio,3
177,152,78,0.84,19.6,24.2,4.6,3,1,0,Mixed,1
174,147,66,0.4,17.1,26.6,4.1,5,1,0,Mixed,1
185,134,72,0.83,33.7,19.8,3.7,3,0,0,Yoga,0
197,151,67,0.61,20.7,22.6,2.2,3,0,0,Cardio,0
173,143,55,1.13,14.3,19.5,4.1,5,3,1,Mixed,3
191,138,73,0.86,27.9,25.9,4.2,3,0,0,Yoga,0
180,164,72,0.6,23.6,24.2,2.4,2,0,0,HIIT,0
170,156,80,0.89,30.4,24.9,3.4,5,1,0,HIIT,1
169,143,67,0.96,14.4,20.6,4.2,7,2,1,Mixed,2
173,138,74,0.33,28.5,27.4,1.8,3,0,0,Cardio,0
198,167,73,0.66,25.4,18.0,4.1,5,1,0,Mixed,1
194,154,80,0.68,27.9,23.0,2.7,3,0,0,Cardio,0
185,158,76,0.84,24.6,23.6,3.6,3,1,0,Mixed,1
204,165,76,0.38,24.3,18.0,2.8,2,0,0,Strength,0
177,161,70,0.82,23.2,25.5,3.4,3,1,0,HIIT,1
191,174,76,0.53,20.9,23.3,2.6,3,0,0,HIIT,0
189,145,65,1.62,17.8,26.2,3.7,5,2,1,Cardio,2
173,147,67,0.88,15.6,32.0,4.7,5,1,1,Mixed,1
201,181,65,1.14,21.4,25.3,3.5,7,3,1,HIIT,3
175,127,69,0.98,24.0,27.9,4.3,3,1,0,Yoga,1
203,170,70,0.6,32.2,29.5,4.1,3,0,0,Mixed,0
180,142,70,0.72,27.1,26.0,3.1,5,1,0,Cardio,1
180,141,69,0.71,11.9,20.5,3.1,5,2,1,Cardio,2
204,141,63,0.69,25.9,18.0,3.4,3,1,0,Yoga,1
200,161,69,0.79,21.9,25.5,3.8,5,1,0,Strength,1
202,183,71,0.56,27.6,22.4,3.4,2,0,0,HIIT,0
183,151,76,1.37,20.4,29.1,4.0,6,2,1,Strength,2
198,150,60,1.36,12.5,22.1,3.4,7,3,1,Cardio,3
190,153,83,0.85,35.4,23.9,3.0,3,0,0,Cardio,0
175,147,66,1.09,15.1,19.4,4.8,5,2,1,Mixed,2
204,160,77,0.62,28.6,22.6,3.4,3,0,0,Cardio,0
199,180,75,0.67,24.4,20.2,3.8,3,0,0,HIIT,0
175,159,69,0.74,27.3,20.6,2.9,3,1,0,HIIT,1
197,153,70,0.78,28.4,23.8,2.7,5,1,0,Cardio,1
189,152,67,1.13,31.7,21.6,4.1,3,1,0,Strength,1
169,144,70,0.66,19.2,34.5,4.5,3,1,0,Mixed,1
203,155,67,0.45,20.7,27.3,3.0,3,0,0,Cardio,0
177,152,76,0.59,26.6,28.3,3.8,2,0,0,Mixed,0
189,135,69,0.4,18.4,23.6,3.3,3,0,0,Yoga,0
186,129,60,1.29,10.2,24.4,4.5,7,3,1,Yoga,3
159,120,72,0.85,21.3,22.3,3.6,3,1,0,Yoga,1
190,134,67,1.46,11.8,34.5,4.6,7,3,1,Yoga,3
182,133,72,0.94,21.3,23.6,3.6,4,1,0,Yoga,1
204,165,74,0.6,26.2,21.6,3.3,2,0,0,Strength,0
181,147,67,0.81,24.3,21.0,3.9,5,1,0,Strength,1
205,166,74,0.93,24.4,25.3,3.6,3,1,0,Strength,1
168,134,70,0.7,21.5,29.7,2.8,5,1,0,Cardio,1
193,136,66,0.5,18.8,28.3,4.3,4,1,0,Yoga,1
181,152,66,0.89,12.7,21.0,4.6,6,2,1,Mixed,2
190,132,61,0.51,18.5,20.9,3.9,3,1,0,Yoga,1
170,137,75,0.5,24.2,29.0,2.2,3,0,0,Cardio,0
183,140,61,0.63,15.6,32.4,2.6,7,2,1,Cardio,2
181,142,68,0.61,36.1,23.4,2.9,5,1,0,Cardio,1
181,151,80,0.92,30.0,28.8,3.8,3,1,0,Strength,1
187,156,63,0.9,22.2,18.1,4.4,6,2,1,Mixed,2
164,126,79,0.86,20.2,20.6,3.9,3,0,0,Yoga,0
157,125,65,1.19,12.6,20.0,3.8,7,3,1,Cardio,3
200,146,79,0.72,31.1,25.6,3.7,3,0,0,Yoga,0
176,131,77,1.07,25.0,23.3,4.4,2,0,0,Yoga,0
170,137,59,0.73,21.0,25.0,2.8,4,2,1,Strength,2
169,125,72,0.31,28.0,28.9,3.4,3,0,0,Yoga,0
181,163,59,0.86,18.2,21.4,3.3,7,2,1,HIIT,2
166,143,73,0.34,26.4,24.4,3.5,3,0,0,Mixed,0
165,151,68,0.88,17.2,18.6,2.7,4,1,0,HIIT,1
193,157,70,0.4,24.4,28.7,3.2,3,0,0,Strength,0
200,140,68,1.03,16.1,28.4,4.0,6,2,1,Yoga,2
203,170,73,0.58,21.3,25.4,3.7,2,0,0,Mixed,0
170,142,58,1.52,13.0,24.5,5.2,5,3,1,Mixed,3
190,132,62,0.71,22.4,22.0,3.9,3,1,0,Yoga,1
197,153,70,0.64,26.0,18.4,3.2,5,1,0,Cardio,1
176,130,75,0.75,26.6,25.2,3.3,2,0,0,Yoga,0
195,175,57,1.45,15.5,27.0,3.7,7,3,1,HIIT,3
195,163,67,1.31,17.7,32.1,5.0,6,2,1,Mixed,2
200,142,71,0.92,29.2,22.4,4.0,3,1,0,Yoga,1
178,160,63,1.39,16.6,25.1,3.9,7,3,1,HIIT,3
177,137,63,1.28,14.4,28.5,3.6,7,3,1,Cardio,3
174,139,74,0.83,21.9,28.6,2.9,5,1,0,Cardio,1
195,156,83,0.89,25.6,21.5,3.1,2,0,0,Cardio,0
191,149,71,1.16,22.4,22.9,4.2,3,1,0,Cardio,1
166,137,70,0.53,29.7,21.9,2.9,2,0,0,Strength,0
164,135,68,0.74,32.2,20.4,3.4,5,1,0,Strength,1
202,159,58,1.36,14.7,29.9,4.7,5,3,1,Strength,3
199,154,70,0.69,27.8,24.3,2.9,3,0,0,Cardio,0
196,147,55,1.35,21.4,23.7,3.6,5,2,1,Cardio,2
193,160,61,1.29,19.4,25.0,4.6,6,3,1,Mixed,3
173,124,65,1.12,16.5,24.2,4.1,4,2,1,Yoga,2
193,142,80,0.48,18.0,23.1,3.5,3,1,0,Yoga,1
166,140,79,0.72,20.8,21.0,3.1,4,1,0,Strength,1
179,129,68,1.18,10.2,30.3,4.9,4,2,1,Yoga,2
169,141,78,0.5,28.6,21.7,3.5,3,0,0,Strength,0
202,139,61,1.13,15.8,20.3,3.8,7,2,1,Yoga,2
169,145,71,0.63,25.3,23.7,4.4,3,1,0,Mixed,1
170,135,69,0.77,21.0,32.6,3.1,5,1,0,Cardio,1
189,171,66,1.36,18.1,20.7,3.8,6,2,1,HIIT,2
191,161,71,0.49,26.4,26.8,3.9,2,0,0,Mixed,0
181,127,62,1.16,8.0,23.0,4.0,6,3,1,Yoga,3
173,156,58,1.26,18.8,25.0,4.0,5,2,1,HIIT,2
184,170,85,0.6,24.0,27.7,2.9,5,1,0,HIIT,1
174,159,77,1.02,16.8,18.0,3.5,4,1,0,HIIT,1
164,135,82,0.82,25.2,20.4,2.6,3,0,0,Cardio,0
187,156,64,1.08,24.4,27.6,4.1,5,1,1,Mixed,1
176,140,57,1.14,12.9,24.4,4.4,5,2,1,Strength,2
173,139,76,0.34,31.9,24.8,1.9,3,0,0,Cardio,0
172,136,68,1.24,20.4,26.8,3.2,3,1,0,Cardio,1
185,152,74,1.25,18.3,20.4,4.0,4,2,1,Strength,2
159,146,73,1.11,28.4,28.2,3.7,4,1,0,HIIT,1
176,160,70,0.29,30.5,27.3,2.6,5,1,0,HIIT,1
198,146,82,0.47,33.6,25.0,3.3,3,0,0,Yoga,0
198,179,71,1.07,24.4,25.9,3.7,4,1,0,HIIT,1
177,127,66,0.91,15.5,28.7,4.1,7,2,1,Yoga,2
177,146,75,0.86,23.2,21.6,3.4,3,1,0,Strength,1
179,163,72,0.57,32.4,26.6,3.0,3,0,0,HIIT,0
164,135,80,1.13,28.8,31.0,3.0,2,0,0,Cardio,0
188,136,73,0.71,25.1,26.6,3.1,4,1,0,Yoga,1
194,160,60,1.35,21.9,23.1,4.7,6,2,1,Mixed,2
205,163,85,0.78,27.6,33.3,2.9,3,0,0,Cardio,0
197,177,68,0.91,30.3,24.9,3.0,3,1,0,HIIT,1
166,151,62,0.65,20.8,29.6,3.3,3,1,0,HIIT,1
175,128,71,0.29,24.6,22.3,3.2,3,0,0,Yoga,0
176,150,70,0.41,27.3,28.3,3.8,2,0,0,Mixed,0
182,155,71,0.66,17.8,21.8,4.0,4,1,0,Mixed,1
186,152,73,1.05,15.5,25.3,4.0,6,2,1,Strength,2
163,149,71,0.81,18.1,21.6,3.1,3,1,0,HIIT,1
191,156,73,0.88,9.1,31.6,3.6,4,2,1,Strength,2
192,139,75,0.9,17.2,23.1,3.9,5,1,1,Yoga,1
180,161,55,1.02,12.6,19.6,3.6,6,2,1,HIIT,2
202,163,69,0.78,16.1,24.4,3.9,7,2,1,Strength,2
185,148,62,1.28,14.6,26.1,3.8,4,2,1,Strength,2
194,139,73,0.57,27.3,23.9,3.8,4,1,0,Yoga,1
165,118,60,0.9,17.6,20.7,4.1,5,3,1,Yoga,3
184,159,85,0.83,24.7,28.1,4.6,2,0,0,Mixed,0
184,147,77,1.18,29.6,29.0,3.2,2,0,0,Cardio,0
171,125,68,1.27,24.7,18.0,4.6,5,2,1,Yoga,2
186,134,70,1.21,18.8,20.5,4.2,5,2,1,Yoga,2
173,156,58,1.12,18.9,23.4,3.7,4,2,1,HIIT,2
192,160,65,1.27,15.2,21.9,5.0,7,3,1,Mixed,3
204,143,69,0.99,24.4,26.1,3.9,4,1,0,Yoga,1
172,137,57,1.38,10.7,31.4,4.2,7,3,1,Strength,3
190,157,79,0.55,22.8,22.5,3.2,3,0,0,Strength,0
171,142,55,1.05,10.4,30.3,4.5,5,3,1,Mixed,3
171,147,75,0.87,28.5,18.1,4.4,3,1,0,Mixed,1
177,161,74,0.53,20.2,25.8,3.1,3,0,0,HIIT,0
201,140,64,1.04,14.7,21.6,4.2,4,2,1,Yoga,2
191,134,64,0.43,32.3,25.9,3.7,2,0,0,Yoga,0
173,145,80,0.68,28.0,18.0,3.7,2,0,0,Strength,0
198,161,76,0.34,23.8,18.9,3.2,2,0,0,Strength,0
162,131,73,0.56,26.9,25.9,2.5,2,0,0,Cardio,0
171,143,60,1.26,10.4,21.5,4.9,6,2,1,Mixed,2
178,152,74,1.07,20.7,22.7,4.7,3,1,0,Mixed,1
175,124,62,1.14,10.2,31.3,4.9,7,3,1,Yoga,3
195,151,70,0.65,28.7,24.6,3.0,3,1,0,Cardio,1
190,171,60,1.1,20.7,27.6,3.4,4,2,1,HIIT,2
165,139,62,1.08,9.8,21.0,5.0,7,3,1,Mixed,3
182,134,76,0.99,28.7,18.6,4.1,3,0,0,Yoga,0
187,140,82,0.61,25.6,23.7,4.0,3,0,0,Yoga,0
194,138,69,0.38,19.3,18.0,3.2,3,0,0,Yoga,0
179,142,56,1.3,8.0,21.2,4.5,5,3,1,Strength,3
174,130,75,1.16,18.1,25.0,4.4,7,2,1,Yoga,2
152,124,71,0.56,24.8,23.6,2.7,5,1,0,Cardio,1
194,153,76,0.6,26.7,25.3,2.5,2,0,0,Cardio,0
179,162,70,0.88,18.9,26.4,3.2,6,2,1,HIIT,2
202,165,79,0.59,19.1,19.2,3.6,5,1,0,Strength,1
185,144,69,0.67,29.7,20.2,3.0,2,0,0,Cardio,0
163,124,76,1.47,13.7,18.0,4.3,5,2,1,Yoga,2
178,160,60,1.21,8.0,22.5,3.6,7,3,1,HIIT,3
187,153,76,0.79,31.3,26.9,3.2,2,0,0,Strength,0
186,148,75,0.69,31.1,30.0,3.1,2,0,0,Cardio,0
184,156,72,1.09,9.4,24.8,4.4,6,2,1,Mixed,2
176,161,75,0.79,21.2,29.5,3.3,4,1,0,HIIT,1
177,160,59,1.23,10.7,25.5,4.0,5,3,1,HIIT,3
187,147,55,1.3,14.3,24.4,4.2,5,3,1,Strength,3
181,165,74,0.25,21.8,21.6,2.4,2,0,0,HIIT,0
152,124,58,0.95,18.1,18.0,4.0,4,2,1,Strength,2
169,144,69,1.05,18.2,28.9,5.0,7,2,1,Mixed,2
195,158,72,0.25,25.0,23.8,2.1,2,0,0,Strength,0
171,156,74,0.28,31.3,29.6,3.0,2,0,0,HIIT,0
191,151,76,1.01,24.0,20.2,2.7,4,1,0,Cardio,1
196,178,74,0.39,13.8,33.7,2.2,5,1,0,HIIT,1
174,159,72,0.79,26.2,23.0,3.4,4,1,0,HIIT,1
163,136,71,0.47,25.2,21.2,3.0,3,0,0,Strength,0
175,144,72,0.4,16.6,23.1,3.3,5,1,0,Strength,1
160,146,66,1.07,19.2,24.7,3.8,3,1,1,HIIT,1
194,148,62,1.0,13.1,23.7,2.7,7,3,1,Cardio,3
178,162,68,0.98,27.1,21.9,3.3,3,0,0,HIIT,0
201,181,66,1.14,17.3,18.0,3.3,7,3,1,HIIT,3
189,136,71,0.69,19.5,20.8,3.2,3,1,0,Yoga,1
186,145,70,0.87,21.3,28.3,3.0,3,1,0,Cardio,1
180,165,77,0.25,19.9,20.5,2.9,3,0,0,HIIT,0
192,160,64,0.9,18.1,18.0,4.4,6,2,1,Mixed,2
175,136,65,0.89,22.2,19.8,2.8,5,2,1,Cardio,2
163,131,71,0.85,11.6,23.6,3.3,7,2,1,Cardio,2
172,138,75,0.51,23.4,21.0,2.8,4,1,0,Cardio,1
201,158,79,0.55,30.1,22.9,2.5,2,0,0,Cardio,0
204,165,71,0.75,16.8,20.8,4.0,3,1,0,Strength,1
183,139,58,1.06,17.8,28.0,3.6,7,3,1,Cardio,3
184,152,75,0.72,22.1,26.0,3.7,5,1,0,Strength,1
178,135,55,1.1,17.5,32.9,3.6,7,3,1,Cardio,3
186,160,84,0.5,33.4,22.5,3.6,3,0,0,Mixed,0
174,126,69,1.18,24.2,22.9,4.6,4,2,1,Yoga,2
201,162,71,0.98,15.6,28.7,4.1,6,2,1,Strength,2
183,131,67,0.84,19.3,25.6,4.0,4,2,1,Yoga,2
182,147,64,1.13,15.7,20.2,3.9,5,2,1,Strength,2
199,162,75,0.58,16.2,26.2,2.6,3,1,0,Strength,1
193,146,58,1.07,19.9,25.6,3.7,7,2,1,Cardio,2
163,147,57,1.03,12.6,18.0,4.1,6,3,1,HIIT,3
160,128,69,0.92,22.2,21.4,2.8,4,1,0,Cardio,1
167,150,55,0.75,8.0,24.8,3.3,6,3,1,HIIT,3
196,155,78,0.79,27.2,29.8,3.5,3,0,0,Cardio,0
171,139,81,0.53,25.1,26.8,2.9,2,0,0,Cardio,0
182,152,61,0.54,22.8,21.7,4.3,4,1,0,Mixed,1
168,142,63,0.75,22.5,21.2,4.6,7,2,1,Mixed,2
178,152,74,0.25,27.9,27.2,4.0,2,0,0,Mixed,0
184,131,67,0.82,8.0,18.0,3.9,7,2,1,Yoga,2
161,135,74,0.83,23.5,20.8,3.7,4,1,0,Strength,1
172,142,74,0.33,32.6,29.6,2.8,3,0,0,Strength,0
186,149,80,0.48,28.6,25.2,2.2,3,0,0,Cardio,0
162,136,75,0.42,28.5,21.0,3.7,2,0,0,Strength,0
178,150,67,0.66,26.3,19.2,3.8,5,1,0,Mixed,1
168,143,71,0.93,22.4,27.4,4.4,4,1,0,Mixed,1
204,184,69,0.71,22.5,24.3,3.3,2,0,0,HIIT,0
190,170,59,1.29,13.5,23.1,2.9,7,3,1,HIIT,3
168,121,64,1.12,19.8,25.5,4.0,5,2,1,Yoga,2
191,154,67,0.89,20.8,24.7,4.1,3,1,0,Strength,1
162,150,83,0.76,19.0,24.4,2.9,4,1,0,HIIT,1
194,161,82,0.62,34.3,18.7,3.1,3,0,0,Strength,0
193,174,71,0.53,10.7,19.9,3.1,5,1,0,HIIT,1
164,118,62,1.15,8.0,27.0,4.2,7,3,1,Yoga,3
193,160,63,1.53,8.0,26.2,5.9,5,3,1,Mixed,3
182,145,78,0.75,25.3,25.5,2.6,3,0,0,Cardio,0
163,135,83,0.8,28.2,21.7,2.8,2,0,0,Cardio,0
157,125,65,1.18,16.0,27.1,3.5,7,3,1,Cardio,3
190,146,65,0.52,27.9,22.5,2.7,2,0,0,Cardio,0
191,162,74,0.71,22.4,29.2,4.1,4,1,0,Mixed,1
199,180,71,0.42,28.9,21.0,3.2,2,0,0,HIIT,0
201,138,62,0.83,18.7,21.9,3.9,5,2,1,Yoga,2
173,131,80,0.9,27.0,23.4,3.2,3,0,0,Yoga,0
192,146,61,0.65,21.5,27.4,3.0,3,1,0,Cardio,1
182,148,84,0.37,20.7,23.9,2.2,3,0,0,Cardio,0
190,151,79,0.73,25.9,24.2,3.8,2,0,0,Cardio,0
159,128,72,0.74,20.1,22.4,3.1,3,1,0,Cardio,1
194,160,79,0.92,24.5,25.1,3.7,2,0,0,Strength,0
188,172,81,0.8,24.1,23.7,3.3,2,0,0,HIIT,0
160,130,76,0.65,24.9,20.9,2.6,2,0,0,Cardio,0
188,172,79,0.53,27.5,24.5,3.5,2,0,0,HIIT,0
188,128,55,0.91,24.4,24.6,3.9,7,3,1,Yoga,3
163,150,74,0.85,22.0,33.4,3.0,4,1,0,HIIT,1
168,136,63,1.13,9.1,21.6,4.1,7,3,1,Strength,3
173,130,77,0.41,23.3,20.6,3.0,4,1,0,Yoga,1
185,147,76,0.7,26.2,25.1,2.8,3,0,0,Cardio,0
197,151,67,0.92,20.2,20.0,2.9,4,2,1,Cardio,2
187,134,70,0.47,28.8,19.7,3.1,2,0,0,Yoga,0
175,139,70,0.72,12.7,18.3,3.1,5,1,1,Cardio,1
157,129,78,0.6,22.9,20.9,2.5,2,0,0,Cardio,0
199,154,69,1.08,23.9,21.0,3.2,6,2,1,Cardio,2
195,138,69,0.97,14.2,18.9,4.3,7,3,1,Yoga,3
178,143,62,0.95,18.4,23.0,3.6,7,3,1,Strength,3
155,129,70,1.23,19.7,18.0,4.4,4,1,1,Strength,1
190,172,73,0.8,19.9,26.0,3.2,5,1,0,HIIT,1
193,157,72,0.56,28.0,21.8,2.8,2,0,0,Strength,0
184,150,72,0.96,24.0,22.4,3.7,7,2,1,Strength,2
196,147,57,1.36,14.9,26.3,3.6,7,3,1,Cardio,3
179,163,68,0.9,18.7,25.5,3.1,5,1,0,HIIT,1
168,135,60,1.44,19.1,21.5,4.5,6,2,1,Strength,2
173,157,65,1.23,17.6,25.8,4.0,7,2,1,HIIT,2
176,128,68,0.98,17.0,30.2,3.7,5,2,1,Yoga,2
190,155,73,1.16,25.0,20.0,4.1,6,2,1,Strength,2
167,135,75,0.81,32.1,27.0,3.4,2,0,0,Cardio,0
183,153,64,0.55,25.0,19.5,3.7,4,2,0,Mixed,2
162,127,62,0.5,23.3,28.7,2.4,2,0,0,Cardio,0
166,141,66,1.19,18.8,21.2,4.5,4,2,1,Mixed,2
200,169,75,0.57,26.5,21.0,3.9,2,0,0,Mixed,0
167,119,60,1.12,17.1,28.6,4.0,6,3,1,Yoga,3
162,135,73,1.13,25.7,26.9,4.3,5,2,1,Strength,2
158,136,68,1.22,13.0,21.3,4.6,5,2,1,Mixed,2
200,168,73,0.63,25.4,24.5,3.9,3,0,0,Mixed,0
179,149,60,0.92,18.2,21.2,4.5,4,2,1,Mixed,2
199,178,55,1.22,8.0,18.0,3.3,7,3,1,HIIT,3
190,152,63,0.88,23.2,24.8,3.6,4,2,1,Strength,2
203,167,62,1.46,13.3,22.6,4.3,6,3,1,Mixed,3
180,145,64,0.68,25.9,20.2,3.1,2,0,0,Strength,0
169,154,64,0.75,13.0,29.2,2.5,7,2,1,HIIT,2
184,146,74,0.44,28.4,20.4,2.2,5,1,0,Cardio,1
185,145,70,0.51,31.5,24.6,2.2,3,0,0,Cardio,0
173,146,64,0.64,17.4,28.3,4.1,4,2,1,Mixed,2
192,172,60,1.07,26.4,23.0,3.6,7,2,1,HIIT,2
185,142,61,0.61,25.4,21.1,2.6,3,0,0,Cardio,0
153,112,61,0.92,13.8,25.2,3.5,6,2,1,Yoga,2
182,131,70,0.47,24.6,25.8,3.1,2,0,0,Yoga,0
175,129,74,0.86,20.9,27.5,3.7,5,1,0,Yoga,1
191,160,67,1.26,18.9,31.5,4.9,5,2,1,Mixed,2
193,162,70,0.58,31.5,22.2,4.0,3,0,0,Mixed,0
205,160,76,0.84,17.6,24.8,2.7,5,1,0,Cardio,1
173,148,74,1.25,24.9,18.9,5.0,4,1,1,Mixed,1
196,151,69,0.86,28.5,26.7,3.1,5,1,0,Cardio,1
171,146,72,0.85,27.1,24.7,4.4,5,1,0,Mixed,1
170,155,70,0.8,22.6,23.3,3.2,2,0,0,HIIT,0
173,140,63,0.62,33.1,21.5,3.4,3,0,0,Strength,0
171,121,60,1.65,15.0,22.6,4.7,5,3,1,Yoga,3
177,128,68,0.76,23.1,24.9,4.0,2,0,0,Yoga,0
178,163,74,0.31,28.2,20.1,2.7,3,0,0,HIIT,0
196,166,77,0.49,31.3,22.8,3.9,2,0,0,Mixed,0
189,146,65,0.47,27.2,24.1,2.6,3,0,0,Cardio,0
166,139,76,0.85,30.4,18.0,3.7,3,0,0,Strength,0
174,141,79,0.4,32.0,19.8,2.2,3,0,0,Cardio,0
196,157,65,0.53,17.9,21.4,3.0,3,0,0,Strength,0
192,152,79,0.36,21.0,30.3,2.4,3,0,0,Cardio,0
187,156,84,0.54,32.3,20.7,3.0,2,0,0,Strength,0
182,166,74,0.43,27.0,23.8,2.4,2,0,0,HIIT,0
170,155,74,1.11,20.8,19.8,3.6,4,1,0,HIIT,1
164,149,60,0.98,23.1,20.9,3.1,7,2,1,HIIT,2
155,135,75,1.13,19.5,18.2,4.6,4,1,1,Mixed,1
185,151,73,0.75,21.3,26.7,3.2,5,1,0,Strength,1
192,150,71,0.94,21.5,18.7,3.0,3,1,0,Cardio,1
195,164,71,0.45,26.0,27.6,4.0,3,1,0,Mixed,1
159,130,62,1.19,14.6,25.9,4.3,7,3,1,Strength,3
203,170,70,0.43,17.7,23.7,3.7,4,1,0,Mixed,1
202,142,70,0.38,31.2,27.8,3.7,3,0,0,Yoga,0
173,147,69,0.86,18.8,35.0,4.7,3,1,0,Mixed,1
199,141,70,1.03,22.0,25.9,4.5,3,1,0,Yoga,1
180,151,64,0.83,17.5,19.5,4.1,5,1,1,Mixed,1
181,142,69,0.9,25.0,30.0,2.7,4,1,0,Cardio,1
172,123,65,0.67,13.3,24.7,3.7,6,2,1,Yoga,2
177,130,72,0.29,22.3,32.4,3.3,3,0,0,Yoga,0
186,135,72,0.62,23.8,22.0,4.2,3,1,0,Yoga,1
181,164,68,1.24,17.3,29.1,4.2,5,2,1,HIIT,2
175,143,67,0.63,20.5,24.0,3.1,5,1,0,Strength,1
180,149,76,0.25,24.2,34.6,3.1,2,0,0,Strength,0
201,168,70,1.21,23.4,22.9,3.9,4,2,1,Mixed,2
199,156,55,1.2,14.1,35.0,4.4,7,3,1,Strength,3
194,159,55,1.36,12.5,25.8,4.7,7,3,1,Mixed,3
168,122,65,0.6,21.7,27.4,3.2,5,1,0,Yoga,1
191,155,73,0.6,19.8,30.8,3.7,5,1,0,Strength,1
181,153,68,0.77,24.3,20.8,4.0,5,1,0,Mixed,1
200,136,59,0.83,18.3,27.9,4.0,7,2,1,Yoga,2
192,174,71,0.45,14.6,22.8,3.3,7,2,1,HIIT,2
187,146,69,0.42,29.6,24.6,2.7,3,0,0,Cardio,0
183,148,64,0.78,22.0,24.3,3.8,4,2,1,Strength,2
195,138,69,0.57,15.7,26.3,4.0,5,2,1,Yoga,2
188,148,73,0.69,21.0,26.1,3.2,3,1,0,Cardio,1
164,134,77,0.33,28.0,21.7,2.7,3,0,0,Cardio,0
178,150,67,0.69,23.8,24.5,3.5,3,1,0,Mixed,1
195,177,73,0.69,25.7,18.0,3.7,5,1,0,HIIT,1
179,150,65,0.94,26.2,28.0,4.3,7,2,1,Mixed,2
178,163,77,0.34,25.4,30.8,2.7,3,0,0,HIIT,0
181,147,82,0.71,25.5,24.8,2.7,3,0,0,Cardio,0
188,142,55,1.2,15.0,18.0,3.0,7,3,1,Cardio,3
185,151,72,0.67,23.2,27.0,3.7,3,1,0,Strength,1
184,146,76,0.51,27.3,20.9,2.8,3,0,0,Cardio,0
167,143,70,1.14,26.9,24.7,4.3,4,2,1,Mixed,2
174,149,74,1.26,23.8,26.7,4.9,4,2,1,Mixed,2
202,161,84,0.44,30.5,26.2,2.3,3,0,0,Cardio,0
173,135,64,1.28,16.5,28.3,3.7,7,3,1,Cardio,3
164,149,67,0.63,19.7,24.6,3.0,4,1,0,HIIT,1
166,128,58,1.27,14.9,24.7,2.8,7,3,1,Cardio,3
163,134,79,0.45,30.4,26.9,3.0,3,0,0,Cardio,0
177,149,64,0.36,16.5,23.7,4.1,3,1,0,Mixed,1
180,152,69,0.95,28.1,21.2,3.7,5,1,0,Mixed,1
191,158,56,1.35,13.4,25.8,4.7,6,3,1,Mixed,3
190,152,64,0.9,25.8,19.5,3.5,4,1,0,Strength,1
184,168,76,0.61,29.7,23.7,3.5,2,0,0,HIIT,0
204,184,69,1.26,15.7,18.5,4.2,5,2,1,HIIT,2
172,139,78,0.96,26.4,21.8,3.2,2,0,0,Cardio,0
174,134,61,1.08,8.0,21.9,3.3,7,3,1,Cardio,3
168,126,73,0.74,32.5,20.1,4.0,3,0,0,Yoga,0
185,156,67,0.91,26.3,28.4,4.3,3,1,0,Mixed,1
191,173,69,1.29,17.4,28.1,3.7,5,2,1,HIIT,2
174,128,72,0.55,32.7,29.3,3.9,3,0,0,Yoga,0
168,136,62,0.71,23.5,23.2,3.9,5,2,1,Strength,2
166,138,72,0.7,24.8,22.3,3.3,3,1,0,Strength,1
158,135,65,0.92,24.7,27.2,4.8,4,1,1,Mixed,1
192,175,75,0.53,21.0,24.5,3.1,3,0,0,HIIT,0
175,129,72,0.3,28.5,24.5,3.5,2,0,0,Yoga,0
185,144,67,1.0,8.0,18.0,3.3,4,1,1,Cardio,1
176,149,69,0.5,22.6,27.0,3.8,4,1,0,Mixed,1
173,149,79,0.5,26.7,26.5,3.6,2,0,0,Mixed,0
205,169,61,1.06,13.7,24.0,5.1,7,3,1,Mixed,3
177,142,76,0.62,24.8,27.3,2.2,3,0,0,Cardio,0
189,158,64,1.16,15.3,26.4,4.5,7,3,1,Mixed,3
176,125,63,1.31,11.2,21.2,4.4,6,3,1,Yoga,3
176,137,64,1.2,21.5,23.1,3.1,4,2,1,Cardio,2
198,162,78,0.6,26.6,20.0,3.2,2,0,0,Strength,0
175,140,59,1.23,16.1,29.8,3.0,6,3,1,Strength,3
164,142,77,0.91,31.0,27.9,4.3,3,0,0,Mixed,0
188,149,75,0.7,21.7,20.7,3.1,4,1,0,Cardio,1
172,123,63,1.24,14.8,26.5,4.4,5,3,1,Yoga,3
173,157,64,0.59,24.5,25.1,2.3,5,1,0,HIIT,1
190,133,63,1.18,14.7,21.3,4.4,4,2,1,Yoga,2
172,139,78,0.58,22.8,24.5,3.1,2,0,0,Cardio,0
199,150,59,1.11,27.1,27.4,3.4,3,1,0,Cardio,1
194,139,72,0.89,24.8,27.8,4.2,4,1,0,Yoga,1
183,140,61,1.0,12.9,33.3,3.1,5,3,1,Cardio,3
186,161,85,0.56,27.6,24.4,4.2,3,0,0,Mixed,0
171,148,77,0.92,18.5,23.0,4.6,3,0,0,Mixed,0
159,138,74,1.22,30.4,26.2,4.8,2,0,0,Mixed,0
198,163,81,0.77,31.7,23.3,3.8,3,0,0,Strength,0
169,136,73,0.25,18.8,21.7,2.3,3,0,0,Cardio,0
160,139,75,0.74,23.9,20.3,4.7,3,0,0,Mixed,0
160,128,70,1.13,21.9,18.0,3.2,3,1,0,Cardio,1
174,159,78,0.69,33.2,26.9,3.3,2,0,0,HIIT,0
169,143,65,1.36,20.2,18.0,5.0,3,1,1,Mixed,1
205,186,79,0.53,30.8,20.5,2.9,2,0,0,HIIT,0
156,141,57,1.27,18.7,25.2,3.8,7,3,1,HIIT,3
177,163,85,0.25,22.6,22.7,3.1,2,0,0,HIIT,0
197,158,67,0.58,29.7,32.6,3.0,3,0,0,Strength,0
163,133,61,0.81,12.4,18.0,3.7,6,2,1,Strength,2
176,124,60,0.7,18.4,33.0,4.0,3,1,1,Yoga,1
192,158,80,1.26,22.0,29.5,4.5,6,2,1,Strength,2
193,156,69,0.69,29.3,27.6,3.8,2,0,0,Strength,0
161,135,74,0.9,21.5,29.8,3.8,5,1,0,Strength,1
191,174,74,0.83,27.6,25.6,2.9,3,1,0,HIIT,1
177,160,65,0.79,26.7,18.0,3.1,4,1,0,HIIT,1
161,148,74,0.93,17.6,26.1,3.3,5,1,0,HIIT,1
198,178,65,0.79,17.7,18.1,2.7,4,1,0,HIIT,1
201,152,61,1.14,21.6,21.9,3.6,4,2,1,Cardio,2
171,122,62,0.75,19.9,23.7,3.3,5,1,1,Yoga,1
170,155,68,1.11,23.7,20.4,3.2,4,2,1,HIIT,2
176,122,55,1.01,15.9,27.8,4.1,5,2,1,Yoga,2
179,145,67,1.04,23.6,23.1,3.3,4,2,1,Strength,2
202,142,69,0.46,16.4,25.6,2.9,4,1,0,Yoga,1
181,152,84,0.25,24.9,24.0,3.8,3,0,0,Strength,0
156,143,65,1.13,15.8,24.5,3.7,4,2,1,HIIT,2
203,162,64,1.24,16.6,20.5,3.8,6,3,1,Strength,3
171,155,68,0.95,12.3,19.3,3.5,6,2,1,HIIT,2
205,185,69,0.6,17.3,23.4,2.8,5,1,0,HIIT,1
189,138,76,0.91,27.6,20.1,3.6,5,1,0,Yoga,1
190,161,72,0.63,15.1,29.6,4.4,4,1,0,Mixed,1
171,155,64,1.08,17.6,18.5,3.5,7,3,1,HIIT,3
176,150,70,0.46,32.3,33.3,3.3,3,0,0,Mixed,0
197,179,78,0.33,31.8,25.2,2.6,3,0,0,HIIT,0
167,152,64,1.37,12.7,24.3,3.7,7,3,1,HIIT,3
170,123,65,0.77,16.7,21.8,4.2,5,1,1,Yoga,1
188,146,70,0.8,17.1,26.6,3.3,3,1,0,Cardio,1
188,168,56,0.48,13.4,23.2,2.8,6,2,1,HIIT,2
172,132,57,1.08,20.7,25.2,3.2,4,2,1,Cardio,2
184,150,70,0.75,23.4,27.4,3.8,5,1,0,Strength,1
201,170,79,0.83,21.7,26.7,4.3,3,1,0,Mixed,1
188,155,79,0.59,22.5,29.0,3.2,4,1,0,Strength,1
199,178,63,1.2,20.6,26.2,3.1,5,2,1,HIIT,2
193,131,55,1.23,19.3,20.2,4.5,6,3,1,Yoga,3
174,146,80,0.61,20.9,18.0,3.1,3,0,0,Strength,0
167,131,65,0.75,30.1,24.8,3.1,3,0,0,Cardio,0
168,138,68,0.52,21.9,24.9,3.1,3,1,0,Strength,1
178,161,61,1.34,23.1,31.7,4.1,6,2,1,HIIT,2
169,135,70,0.78,19.9,23.5,3.3,4,1,0,Cardio,1
187,140,82,0.32,27.8,25.5,2.7,2,0,0,Yoga,0
200,165,62,0.25,22.7,27.1,3.4,3,0,0,Mixed,0
161,128,67,1.13,13.0,26.1,3.1,6,2,1,Cardio,2
175,144,72,0.96,21.8,27.4,3.8,3,1,0,Strength,1
186,136,75,0.81,23.0,20.7,4.1,2,0,0,Yoga,0
178,141,71,0.75,29.0,20.1,2.9,3,1,0,Cardio,1
173,130,78,0.3,19.7,22.9,3.0,3,0,0,Yoga,0
175,144,71,0.84,30.6,18.0,3.6,3,1,0,Strength,1
174,138,55,1.19,17.1,23.8,4.5,5,2,1,Strength,2
184,128,61,0.85,18.9,21.4,4.3,6,2,1,Yoga,2
161,134,73,0.83,10.5,25.3,3.6,7,2,1,Strength,2
168,132,64,1.05,16.4,22.9,3.2,5,1,1,Cardio,1
194,138,70,0.79,21.9,19.9,3.7,3,1,0,Yoga,1
201,166,61,0.88,16.4,29.2,4.5,7,2,1,Mixed,2
185,169,78,0.5,20.9,24.3,2.6,2,0,0,HIIT,0
197,177,64,0.9,16.1,27.5,3.6,4,2,1,HIIT,2
180,128,63,1.17,18.4,24.7,4.1,5,3,1,Yoga,3
181,150,77,0.59,22.3,25.9,3.5,2,0,0,Strength,0
202,157,73,0.79,27.2,18.6,3.2,2,0,0,Cardio,0
188,156,59,0.85,18.4,29.1,4.1,4,1,1,Mixed,1
185,145,71,0.78,32.0,27.5,3.2,2,0,0,Cardio,0
185,146,55,1.04,15.8,23.9,4.3,7,3,1,Strength,3
189,159,69,0.74,23.5,25.2,4.1,2,0,0,Mixed,0
186,170,78,0.59,28.0,28.0,3.1,3,0,0,HIIT,0
169,135,70,1.07,11.7,22.5,4.0,7,3,1,Cardio,3
178,138,63,0.4,29.4,18.0,2.3,3,0,0,Cardio,0
173,156,55,1.29,16.0,22.6,3.5,7,3,1,HIIT,3
189,150,76,0.67,30.3,24.6,2.8,2,0,0,Cardio,0
197,177,59,1.07,12.0,23.9,3.5,7,3,1,HIIT,3
177,132,77,0.59,20.6,29.3,3.3,3,0,0,Yoga,0
185,169,75,0.4,24.7,20.2,2.3,3,0,0,HIIT,0
160,147,77,0.89,20.1,20.7,3.3,5,1,0,HIIT,1
163,122,73,1.01,20.6,19.8,4.6,4,1,1,Yoga,1
193,142,79,0.36,27.4,25.7,3.4,2,0,0,Yoga,0
186,154,80,0.48,23.4,18.0,3.3,3,0,0,Strength,0
163,132,59,1.4,16.6,27.0,4.4,6,2,1,Strength,2
165,141,68,1.04,19.0,20.3,4.5,5,2,1,Mixed,2
194,175,68,1.49,24.9,20.9,4.1,4,2,1,HIIT,2
191,159,63,1.26,22.4,31.1,4.4,6,2,1,Mixed,2
172,128,73,0.4,21.8,28.9,3.4,3,0,0,Yoga,0
188,170,68,0.62,26.0,24.5,3.1,3,1,0,HIIT,1
188,170,71,0.51,25.7,18.8,2.5,3,0,0,HIIT,0
180,163,68,0.25,32.5,32.1,2.7,2,0,0,HIIT,0
181,134,76,1.14,15.9,23.2,4.0,4,2,1,Yoga,2
155,125,70,0.7,18.8,25.0,2.4,4,2,0,Cardio,2
176,148,65,1.05,22.1,27.6,4.9,6,2,1,Mixed,2
169,135,55,1.29,9.4,18.0,3.9,7,3,1,Strength,3
166,138,73,1.07,17.7,21.4,3.5,5,1,1,Strength,1
185,140,58,1.45,8.0,23.7,3.7,5,3,1,Cardio,3
164,149,69,0.64,21.9,24.5,2.8,4,1,0,HIIT,1
165,137,71,1.25,14.4,18.8,4.4,7,3,1,Strength,3
170,132,84,0.39,32.1,25.3,3.6,2,0,0,Yoga,0
185,167,63,0.51,25.5,24.1,3.0,2,0,0,HIIT,0
194,139,72,0.6,22.3,30.7,3.5,4,1,0,Yoga,1
195,165,76,0.25,32.1,28.0,3.7,2,0,0,Mixed,0
178,163,77,0.76,24.5,22.9,2.8,3,0,0,HIIT,0
186,135,72,0.64,18.2,23.2,3.8,2,0,0,Yoga,0
161,127,65,1.04,28.0,28.1,3.6,6,2,1,Cardio,2
187,141,55,1.46,17.4,25.1,3.4,5,3,1,Cardio,3
178,149,80,0.31,26.1,18.5,2.9,2,0,0,Strength,0
176,148,65,1.56,8.9,32.4,5.3,6,3,1,Mixed,3
199,180,73,0.7,18.6,20.0,3.0,4,2,0,HIIT,2
199,167,71,0.47,28.0,33.9,4.0,3,0,0,Mixed,0
165,142,71,1.11,22.9,25.7,4.8,4,1,1,Mixed,1
165,141,70,1.49,8.0,21.5,4.3,7,3,1,Mixed,3
178,161,62,0.82,17.8,18.0,3.2,5,2,1,HIIT,2
187,157,65,0.57,24.0,27.1,4.1,5,1,0,Mixed,1
171,142,77,0.26,25.5,18.0,3.0,2,0,0,Strength,0
167,133,71,0.94,18.8,25.4,3.4,4,2,1,Cardio,2
183,166,67,1.13,23.4,31.7,3.9,4,1,1,HIIT,1
156,135,85,0.88,20.5,19.4,3.9,3,0,0,Strength,0
174,143,70,0.77,27.5,27.0,3.5,3,0,0,Strength,0
174,126,68,0.76,15.2,20.8,4.3,5,2,1,Yoga,2
205,165,72,0.35,26.3,28.5,3.1,3,0,0,Strength,0
173,145,63,0.79,17.4,24.3,4.4,6,2,1,Mixed,2
205,157,69,0.72,17.0,23.9,2.7,5,2,1,Cardio,2
185,157,74,0.77,21.7,28.8,4.2,3,0,0,Mixed,0
181,151,62,0.91,18.7,26.5,4.1,4,1,1,Mixed,1
172,137,56,1.13,14.4,20.8,3.6,7,3,1,Strength,3
205,185,69,1.01,16.4,31.1,3.3,6,2,1,HIIT,2
200,180,67,0.58,19.7,18.0,3.5,4,2,0,HIIT,2
163,132,74,0.49,24.2,25.1,2.5,3,1,0,Cardio,1
200,142,72,0.97,23.7,20.7,3.4,3,0,0,Yoga,0
188,157,65,0.87,25.0,18.1,4.2,5,1,1,Mixed,1
168,152,61,1.19,23.6,19.5,3.7,4,2,1,HIIT,2
194,157,71,0.73,28.6,23.8,3.1,3,0,0,Strength,0
188,160,75,0.52,30.6,25.4,3.5,3,0,0,Mixed,0
183,153,64,1.01,13.7,28.2,3.8,4,1,1,Mixed,1
205,147,75,0.58,17.2,29.9,4.0,5,1,0,Yoga,1
175,147,63,1.35,14.9,25.1,4.8,7,3,1,Mixed,3
186,134,71,0.6,21.3,22.2,3.5,2,0,0,Yoga,0
177,162,74,0.85,27.3,28.2,3.8,3,0,0,HIIT,0
179,162,61,0.79,12.1,21.5,3.0,4,2,1,HIIT,2
191,161,69,0.81,19.9,18.0,4.2,5,1,1,Mixed,1
179,150,66,0.76,26.8,27.8,4.0,3,1,0,Mixed,1
199,144,76,1.22,14.6,29.3,4.5,6,2,1,Yoga,2
201,161,67,0.55,27.1,20.7,3.0,2,0,0,Strength,0
160,134,55,1.51,14.3,31.8,4.3,7,3,1,Mixed,3
168,126,74,0.79,28.8,26.3,3.6,2,0,0,Yoga,0
193,152,75,0.71,35.5,25.7,3.5,2,0,0,Cardio,0
181,134,76,0.49,35.9,21.9,3.6,3,0,0,Yoga,0
196,164,70,0.73,27.1,28.1,4.3,4,2,0,Mixed,2
174,150,77,0.53,33.1,18.0,3.5,2,0,0,Mixed,0
185,145,70,0.53,31.3,22.6,2.9,3,0,0,Cardio,0
188,172,80,0.54,28.8,21.1,2.8,3,0,0,HIIT,0
198,180,78,0.47,21.4,18.8,3.0,2,0,0,HIIT,0
190,152,82,0.58,31.0,27.5,2.9,3,0,0,Cardio,0
187,158,70,0.48,23.3,25.4,3.5,3,1,0,Mixed,1
185,138,80,0.68,27.4,27.2,3.5,2,0,0,Yoga,0
171,138,61,0.65,27.5,22.9,3.1,2,0,0,Strength,0
196,151,68,0.69,20.1,27.9,2.3,3,1,0,Cardio,1
198,150,60,0.98,15.0,24.3,3.3,7,2,1,Cardio,2
173,131,79,0.88,28.6,22.1,3.8,2,0,0,Yoga,0
161,132,66,0.94,19.6,21.4,3.7,4,1,1,Strength,1
191,155,70,0.98,19.3,18.0,4.0,5,2,1,Strength,2
193,161,64,1.29,20.0,28.7,5.0,7,3,1,Mixed,3
177,138,67,0.6,17.9,28.2,2.7,4,1,0,Cardio,1
202,143,71,0.62,21.7,35.0,3.6,5,1,0,Yoga,1
179,162,69,0.77,14.5,22.7,2.7,3,1,0,HIIT,1
174,159,71,1.13,23.2,21.3,3.8,3,1,0,HIIT,1
177,162,79,0.66,29.9,18.0,3.4,3,0,0,HIIT,0
165,121,68,1.31,30.6,27.8,4.4,3,1,0,Yoga,1
189,169,55,1.08,13.1,26.9,3.7,7,3,1,HIIT,3
162,140,73,0.79,23.4,30.2,4.4,4,1,0,Mixed,1
181,151,80,0.31,29.8,20.3,2.8,3,0,0,Strength,0
172,155,55,0.8,23.6,26.9,3.4,6,3,1,HIIT,3
163,121,70,0.48,24.6,21.9,3.1,4,1,0,Yoga,1
168,122,65,0.98,21.8,29.4,3.8,5,1,1,Yoga,1
167,154,76,0.97,20.6,26.1,3.9,3,1,0,HIIT,1
171,143,76,0.86,28.5,18.0,3.5,3,1,0,Strength,1
186,151,71,0.62,29.4,23.5,3.4,2,0,0,Strength,0
202,167,63,0.85,15.1,18.0,4.7,5,1,1,Mixed,1
188,160,76,0.3,27.3,19.3,3.4,3,0,0,Mixed,0
170,154,59,1.0,24.6,19.6,4.1,6,2,1,HIIT,2
191,163,79,0.6,24.7,21.4,4.0,3,0,0,Mixed,0
172,156,64,1.23,19.4,22.9,3.2,5,2,1,HIIT,2
183,158,83,0.44,25.8,24.7,3.9,3,0,0,Mixed,0
176,153,83,0.65,30.7,24.5,3.9,3,0,0,Mixed,0
193,143,83,0.4,27.2,23.9,2.8,3,0,0,Yoga,0
165,129,62,1.36,14.1,25.3,3.5,6,3,1,Cardio,3
176,160,65,0.95,20.8,19.0,2.9,3,1,0,HIIT,1
190,170,58,1.1,17.1,24.3,3.3,6,2,1,HIIT,2
162,149,73,0.8,17.0,29.7,3.1,5,1,0,HIIT,1
197,137,63,1.13,8.0,23.3,4.0,7,3,1,Yoga,3
164,142,76,1.03,34.3,26.0,4.6,2,0,0,Mixed,0
168,153,63,1.07,27.2,25.6,3.6,4,1,0,HIIT,1
182,163,61,1.06,22.2,27.4,3.7,6,2,1,HIIT,2
188,159,70,0.66,20.4,25.1,4.2,3,1,0,Mixed,1
175,140,57,1.23,11.7,27.4,3.8,7,3,1,Strength,3
180,163,66,0.98,24.7,26.0,3.0,4,1,0,HIIT,1
187,168,60,1.16,10.0,26.6,3.8,4,2,1,HIIT,2
192,151,74,0.55,26.1,25.8,2.7,3,0,0,Cardio,0
178,162,74,0.48,31.1,20.0,2.7,2,0,0,HIIT,0
187,132,66,0.76,12.0,19.3,3.8,4,1,1,Yoga,1
195,155,60,1.04,15.5,22.6,3.8,7,3,1,Strength,3
190,154,71,0.55,19.9,30.2,3.2,3,1,0,Strength,1
165,142,72,0.83,25.7,23.3,4.4,3,1,0,Mixed,1
184,167,65,1.08,20.0,25.2,3.7,5,1,1,HIIT,1
187,150,63,1.11,12.2,18.0,3.4,6,2,1,Strength,2
153,118,75,0.85,32.6,24.8,4.0,3,0,0,Yoga,0
200,155,71,1.02,18.1,24.3,3.4,3,1,0,Cardio,1
173,135,63,0.75,21.3,18.0,2.8,5,1,0,Cardio,1
179,140,68,0.73,28.7,25.2,3.4,5,1,0,Cardio,1
178,145,68,0.94,21.6,18.0,3.7,6,2,1,Strength,2
164,122,72,0.62,22.7,21.1,3.1,3,0,0,Yoga,0
199,153,67,1.36,24.7,28.0,3.6,5,2,1,Cardio,2
193,158,75,0.91,22.9,24.6,3.3,3,0,0,Strength,0
163,118,63,1.12,21.4,22.2,4.3,6,2,1,Yoga,2
196,167,81,0.55,30.9,21.9,4.0,2,0,0,Mixed,0
197,160,73,0.9,30.8,22.3,3.8,3,0,0,Strength,0
196,158,69,0.83,30.1,24.6,3.4,3,1,0,Strength,1
187,143,63,1.03,12.9,19.2,3.3,6,2,1,Cardio,2
160,138,72,0.8,19.2,28.5,4.4,7,2,1,Mixed,2
178,143,77,0.7,24.5,19.4,2.6,4,1,0,Cardio,1
182,165,66,0.92,14.8,18.0,3.6,7,3,1,HIIT,3
159,138,74,0.76,18.9,28.0,3.9,4,1,0,Mixed,1
179,128,66,0.91,25.4,22.3,4.2,5,1,1,Yoga,1
205,145,73,0.36,25.8,24.3,3.3,2,0,0,Yoga,0
205,185,71,0.69,27.9,26.6,3.4,2,0,0,HIIT,0
205,168,80,0.47,20.0,21.1,2.6,3,0,0,Strength,0
189,158,85,0.59,24.9,24.5,3.2,3,0,0,Strength,0
197,166,73,1.1,20.4,26.6,5.0,4,1,1,Mixed,1
195,151,68,1.26,14.5,30.6,3.6,7,3,1,Cardio,3
205,159,72,0.51,25.9,22.0,2.3,5,1,0,Cardio,1
194,151,72,0.76,23.8,22.1,2.6,3,1,0,Cardio,1
184,134,72,0.3,32.3,26.3,3.2,2,0,0,Yoga,0
172,158,78,0.68,31.2,24.8,3.4,3,0,0,HIIT,0
177,143,80,0.68,27.8,23.5,3.1,2,0,0,Cardio,0
177,152,75,0.9,23.4,30.4,4.0,5,1,0,Mixed,1
181,164,71,0.46,26.9,18.0,3.0,3,1,0,HIIT,1
204,166,76,0.94,28.1,18.3,4.1,2,0,0,Strength,0
189,159,70,0.89,24.6,18.0,4.1,4,1,0,Mixed,1
165,131,67,0.98,19.8,28.8,3.0,5,1,1,Cardio,1
175,159,69,1.24,17.1,26.1,3.6,4,2,1,HIIT,2
185,167,66,0.82,23.9,18.5,3.8,2,0,0,HIIT,0
186,150,67,0.64,27.3,23.5,3.1,3,0,0,Strength,0
175,158,62,0.8,21.6,23.9,3.3,5,2,1,HIIT,2
159,130,64,0.57,27.2,18.0,3.4,5,1,0,Strength,1
160,117,65,0.86,8.0,24.8,3.8,7,3,1,Yoga,3
198,154,73,0.62,26.2,19.3,2.8,3,0,0,Cardio,0
185,156,69,1.0,14.6,26.8,4.5,5,2,1,Mixed,2
205,168,82,0.55,25.1,19.4,3.4,2,0,0,Strength,0
182,154,70,0.84,15.6,24.9,4.4,3,1,0,Mixed,1
180,149,77,0.51,33.1,29.2,3.7,2,0,0,Strength,0
193,165,81,0.49,23.9,27.9,3.5,3,0,0,Mixed,0
161,135,75,0.8,25.5,26.0,3.4,4,1,0,Strength,1
194,147,60,0.82,17.1,23.7,2.6,3,1,0,Cardio,1
173,157,68,0.94,20.5,18.0,3.4,5,1,1,HIIT,1
169,155,73,0.95,17.6,22.2,3.6,5,1,1,HIIT,1
194,175,71,0.84,20.0,23.1,3.3,5,1,0,HIIT,1
174,140,60,0.94,16.8,22.8,4.1,6,2,1,Strength,2
201,161,66,0.26,20.0,18.0,2.6,3,0,0,Strength,0
194,157,68,1.02,13.6,25.7,4.1,5,2,1,Strength,2
188,133,66,0.84,26.7,19.3,4.0,3,1,0,Yoga,1
198,140,69,0.88,18.6,30.2,4.2,3,1,0,Yoga,1
200,144,76,0.8,27.3,24.6,3.8,3,0,0,Yoga,0
187,136,74,0.42,25.3,27.9,3.4,3,0,0,Yoga,0
174,148,70,0.67,30.8,27.8,3.2,2,0,0,Mixed,0
187,159,75,0.25,27.6,32.3,3.6,3,0,0,Mixed,0
180,137,57,1.11,14.2,24.7,3.4,7,3,1,Cardio,3
170,124,68,1.51,12.2,22.4,4.5,7,3,1,Yoga,3
198,166,71,0.72,20.6,22.5,3.2,3,1,0,Mixed,1
201,166,85,0.67,24.7,30.0,3.3,3,0,0,Strength,0
176,139,55,1.1,17.2,18.7,3.7,6,3,1,Strength,3
183,129,63,1.0,18.9,20.5,4.4,4,2,1,Yoga,2
188,171,73,0.56,31.0,24.9,2.9,2,0,0,HIIT,0
155,115,66,0.56,23.6,23.4,3.7,5,1,0,Yoga,1
186,133,68,0.9,24.1,27.9,3.8,4,1,0,Yoga,1
182,166,73,0.37,25.4,18.6,2.5,3,0,0,HIIT,0
168,153,70,0.6,26.3,23.7,3.4,3,0,0,HIIT,0
184,168,79,1.1,17.2,23.3,3.5,3,1,0,HIIT,1
197,154,75,0.59,30.0,19.7,2.5,2,0,0,Cardio,0
195,178,80,0.58,27.6,27.5,3.6,2,0,0,HIIT,0
180,155,80,0.28,20.3,23.6,3.0,3,0,0,Mixed,0
184,143,67,1.47,14.7,23.5,4.1,7,3,1,Cardio,3
191,132,60,1.04,16.2,20.7,4.4,4,2,1,Yoga,2
155,143,76,1.24,25.4,22.5,3.5,5,1,0,HIIT,1
179,151,70,0.47,13.3,19.9,3.9,3,1,0,Mixed,1
164,151,75,0.97,16.7,27.5,3.7,7,2,1,HIIT,2
168,154,73,0.82,25.7,28.1,3.0,5,1,0,HIIT,1
180,141,69,0.72,26.5,30.7,2.2,3,0,0,Cardio,0
205,172,71,0.88,23.2,25.7,4.4,5,2,1,Mixed,2
205,174,81,0.35,24.0,22.6,3.1,3,0,0,Mixed,0
176,126,64,0.84,20.5,22.1,4.1,5,1,1,Yoga,1
196,137,64,1.14,10.4,26.0,4.3,6,3,1,Yoga,3
183,158,83,0.87,32.5,24.8,4.3,2,0,0,Mixed,0
170,139,67,1.09,16.4,23.3,3.4,4,2,1,Strength,2
181,142,70,0.63,18.2,23.0,2.7,3,0,0,Cardio,0
169,133,65,1.21,11.0,28.7,3.4,6,3,1,Cardio,3
178,129,68,1.17,18.3,22.3,4.4,6,2,1,Yoga,2
177,148,59,1.43,13.2,29.4,4.8,6,3,1,Mixed,3
164,148,63,0.86,17.2,24.7,3.7,4,2,1,HIIT,2
185,153,78,0.63,32.5,22.5,3.3,3,0,0,Strength,0
183,144,55,1.01,18.9,20.9,4.0,7,3,1,Strength,3
154,117,71,0.96,21.0,23.4,3.8,4,1,0,Yoga,1
192,175,76,0.81,21.3,26.0,3.6,4,1,0,HIIT,1
177,162,78,0.8,21.5,22.5,2.9,4,1,0,HIIT,1
176,139,72,0.6,39.0,27.4,2.4,3,0,0,Cardio,0
161,136,62,0.45,22.9,22.3,3.8,3,1,0,Mixed,1
166,151,66,0.56,26.0,23.5,3.5,4,1,0,HIIT,1
205,170,64,1.2,13.4,18.9,4.6,7,3,1,Mixed,3
189,160,71,0.87,25.8,26.2,4.3,3,0,0,Mixed,0
195,141,75,0.97,29.2,22.9,4.1,4,1,0,Yoga,1
183,152,61,1.0,22.8,30.3,5.0,5,2,1,Mixed,2
198,160,72,0.27,33.8,26.8,3.2,3,0,0,Strength,0
200,162,74,0.4,27.7,24.3,3.4,2,0,0,Strength,0
182,167,80,0.6,26.9,28.9,3.3,2,0,0,HIIT,0
185,154,62,1.0,23.9,25.6,4.5,5,1,1,Mixed,1
188,172,76,0.88,23.2,28.0,3.3,2,0,0,HIIT,0
172,133,61,1.07,20.6,20.6,2.9,7,3,1,Cardio,3
169,143,65,0.76,20.2,25.8,4.0,5,1,1,Mixed,1
201,156,72,0.44,22.6,26.0,2.3,3,1,0,Cardio,1
193,152,59,0.87,18.4,18.0,4.2,7,3,1,Strength,3
193,175,69,0.25,26.1,30.0,2.5,3,0,0,HIIT,0
155,125,70,0.74,25.5,19.4,2.8,4,1,0,Cardio,1
169,143,65,0.84,33.9,18.8,4.2,5,1,0,Mixed,1
197,140,72,0.83,28.8,18.0,4.3,2,0,0,Yoga,0
203,182,64,1.41,8.0,25.9,4.1,7,3,1,HIIT,3
202,181,63,1.01,24.9,18.0,3.1,5,2,1,HIIT,2
184,166,64,1.08,14.6,21.9,3.7,7,3,1,HIIT,3
188,143,59,1.1,14.0,27.4,3.4,7,3,1,Cardio,3
192,173,65,0.72,21.0,24.8,3.5,5,1,0,HIIT,1
169,124,67,0.95,19.6,21.5,4.2,5,2,1,Yoga,2
175,139,73,0.82,20.3,18.0,2.6,5,1,0,Cardio,1
175,139,55,1.27,16.1,23.6,4.2,7,3,1,Strength,3
195,178,81,0.64,32.6,27.4,3.1,3,0,0,HIIT,0
174,147,83,0.48,26.3,26.8,3.7,3,0,0,Strength,0
178,148,78,0.93,22.6,31.1,3.9,3,0,0,Strength,0
191,173,75,0.39,26.9,21.4,2.8,3,0,0,HIIT,0
205,168,80,0.34,17.8,18.7,3.0,3,1,0,Strength,1
164,125,78,1.01,26.2,25.2,4.2,2,0,0,Yoga,0
177,132,76,0.84,29.6,24.8,3.3,2,0,0,Yoga,0
194,167,83,1.13,22.4,24.0,3.6,3,0,0,Mixed,0
185,153,78,1.09,19.8,21.0,3.7,5,1,0,Strength,1
191,136,68,1.05,25.2,18.0,4.4,2,0,0,Yoga,0
189,159,67,0.72,20.2,20.0,3.7,4,1,0,Mixed,1
194,154,78,0.47,26.3,26.2,2.3,2,0,0,Cardio,0
200,163,76,0.7,27.1,25.1,3.5,4,1,0,Strength,1
165,136,69,0.44,28.9,27.9,2.6,2,0,0,Strength,0
183,167,80,0.47,21.9,25.4,2.6,3,0,0,HIIT,0
189,160,73,0.37,31.1,26.9,3.8,3,0,0,Mixed,0
176,137,64,1.14,9.3,27.1,3.7,7,3,1,Cardio,3
184,129,62,1.54,18.0,24.1,5.0,6,2,1,Yoga,2
185,152,55,0.92,21.4,24.1,3.9,5,3,1,Mixed,3
184,166,61,1.05,19.5,18.0,3.6,4,1,1,HIIT,1
180,152,69,0.57,34.4,21.4,4.3,3,0,0,Mixed,0
184,146,57,1.08,19.3,21.5,3.8,7,3,1,Strength,3
187,152,70,0.72,12.8,23.6,3.7,4,1,0,Strength,1
205,145,72,0.25,24.9,20.3,2.8,3,0,0,Yoga,0
201,160,65,1.3,14.8,27.8,4.0,5,2,1,Strength,2
200,142,73,0.52,32.2,20.5,3.4,2,0,0,Yoga,0
191,153,65,0.76,19.0,28.4,3.9,5,2,1,Strength,2
191,163,80,0.65,29.2,20.2,4.2,2,0,0,Mixed,0
165,124,75,0.76,32.1,21.6,3.9,3,0,0,Yoga,0
196,165,73,0.8,20.2,21.3,4.5,4,1,0,Mixed,1
192,152,79,0.7,23.6,22.0,3.1,2,0,0,Cardio,0
173,145,59,0.93,16.4,28.7,4.2,6,3,1,Mixed,3
191,144,56,0.94,12.3,22.7,3.1,7,2,1,Cardio,2
175,161,76,0.33,29.0,22.8,2.4,2,0,0,HIIT,0
177,149,67,0.8,20.5,21.0,4.2,5,1,1,Mixed,1
167,137,69,1.02,27.9,23.0,4.2,6,2,1,Strength,2
179,147,72,0.88,18.1,24.9,2.9,6,2,1,Strength,2
187,158,69,1.16,23.4,23.1,4.9,3,1,1,Mixed,1
188,156,61,1.14,20.6,23.4,3.9,6,3,1,Mixed,3
192,147,63,1.29,11.2,28.1,3.5,7,3,1,Cardio,3
187,152,71,0.86,23.3,25.1,4.0,2,0,0,Strength,0
190,171,60,1.02,20.0,19.4,3.6,7,3,1,HIIT,3
186,167,57,1.17,17.0,23.7,3.2,5,2,1,HIIT,2
174,147,65,1.34,18.9,21.8,4.4,5,3,1,Mixed,3
184,147,78,0.85,16.5,26.1,3.1,3,1,0,Cardio,1
198,138,65,1.17,23.7,24.4,4.2,4,2,1,Yoga,2
182,149,71,0.43,30.7,28.5,3.3,3,0,0,Strength,0
180,146,66,1.19,18.2,21.0,4.0,7,2,1,Strength,2
161,147,64,0.89,29.4,23.2,3.3,5,1,0,HIIT,1
158,144,68,0.94,15.9,19.7,3.6,3,1,0,HIIT,1
167,151,63,0.95,11.8,23.8,3.6,7,2,1,HIIT,2
168,143,67,0.68,11.6,18.0,4.4,5,1,1,Mixed,1
150,112,66,0.77,21.1,25.3,3.6,6,2,1,Yoga,2
163,118,62,1.16,16.0,23.8,4.6,6,3,1,Yoga,3
181,164,65,0.92,12.1,24.6,3.4,6,2,1,HIIT,2
194,166,80,0.44,35.4,27.2,3.9,2,0,0,Mixed,0
200,152,62,1.47,14.3,24.9,4.6,7,3,1,Cardio,3
171,145,68,0.96,21.2,18.9,4.2,5,1,1,Mixed,1
185,151,74,0.84,24.1,21.8,3.4,2,0,0,Strength,0
185,152,75,0.44,24.0,23.7,3.9,2,0,0,Strength,0
188,169,58,1.35,8.0,22.7,3.5,5,3,1,HIIT,3
171,127,73,0.67,19.9,23.2,4.1,5,1,0,Yoga,1
205,142,64,0.49,27.0,30.5,3.6,2,0,0,Yoga,0
200,161,70,0.86,24.9,24.4,3.7,5,1,0,Strength,1
192,156,72,0.9,25.2,25.5,3.6,4,1,0,Strength,1
182,164,63,1.06,12.3,18.0,4.0,6,3,1,HIIT,3
192,140,76,0.77,25.8,27.0,3.8,5,1,0,Yoga,1
171,140,69,0.58,18.0,35.0,2.4,3,1,0,Strength,1
181,164,69,1.06,13.0,29.4,3.6,6,2,1,HIIT,2
178,141,73,0.49,23.8,22.2,2.6,4,1,0,Cardio,1
162,141,76,0.68,27.7,33.1,3.9,2,0,0,Mixed,0
199,149,58,1.15,17.4,24.1,3.1,4,2,1,Cardio,2
185,143,65,1.05,23.2,25.2,3.3,7,3,1,Cardio,3
165,138,75,0.54,24.3,22.9,3.3,3,0,0,Strength,0
175,122,59,1.15,16.4,22.8,4.3,7,3,1,Yoga,3
173,141,64,0.92,24.5,18.0,3.3,3,1,0,Strength,1
164,129,63,0.32,26.1,27.1,2.6,2,0,0,Cardio,0
185,160,85,0.31,20.9,22.8,3.9,3,0,0,Mixed,0
173,139,77,0.51,25.0,23.2,1.5,2,0,0,Cardio,0
185,150,69,1.19,31.9,25.1,3.7,2,0,0,Strength,0
175,159,69,0.76,24.8,22.3,3.6,3,0,0,HIIT,0
178,147,74,0.81,20.4,25.1,3.7,3,0,0,Strength,0
167,137,69,0.89,16.6,28.8,3.4,4,2,1,Strength,2
163,135,68,1.01,8.0,25.6,3.9,4,2,1,Strength,2
157,117,68,1.03,16.4,23.4,4.3,7,2,1,Yoga,2
166,152,71,1.12,27.3,23.5,4.1,2,0,0,HIIT,0
168,126,74,0.63,23.7,24.8,3.5,3,0,0,Yoga,0
168,143,71,0.92,27.6,20.7,4.3,3,1,0,Mixed,1
181,133,75,0.61,22.7,24.8,3.0,3,0,0,Yoga,0
200,154,68,0.9,14.0,26.7,2.8,5,2,1,Cardio,2
161,132,78,0.99,28.4,24.4,3.4,4,1,0,Cardio,1
173,145,61,1.04,19.4,22.3,5.0,5,3,1,Mixed,3
179,142,72,0.64,32.7,22.9,3.0,3,0,0,Cardio,0
169,132,63,0.93,15.7,26.6,2.8,4,1,1,Cardio,1
173,148,71,0.58,23.1,19.6,3.9,4,1,0,Mixed,1
165,137,72,0.81,26.0,20.7,3.9,3,0,0,Strength,0
189,160,72,1.09,26.5,18.0,4.3,5,1,0,Mixed,1
171,148,77,0.59,27.3,24.1,4.1,3,0,0,Mixed,0
186,169,73,1.13,24.5,27.4,3.4,5,2,1,HIIT,2
195,177,76,0.74,25.2,29.3,3.1,2,0,0,HIIT,0
165,119,62,1.02,18.0,30.2,4.0,7,3,1,Yoga,3
167,143,72,0.95,28.5,21.2,4.3,3,0,0,Mixed,0
170,154,63,0.73,21.9,25.0,3.5,4,1,0,HIIT,1
192,153,80,0.58,25.3,22.4,2.2,2,0,0,Cardio,0
192,142,81,0.66,25.1,30.6,4.0,3,0,0,Yoga,0
179,150,63,1.1,19.2,29.2,4.8,6,2,1,Mixed,2
174,144,55,0.89,15.2,24.7,4.5,5,2,1,Mixed,2
198,141,72,0.97,17.9,21.5,4.1,4,2,1,Yoga,2
190,150,76,0.96,27.0,18.0,3.0,4,1,0,Cardio,1
181,150,59,0.97,12.8,18.3,4.1,5,3,1,Mixed,3
184,158,80,0.76,19.6,18.0,3.9,3,0,0,Mixed,0
196,153,75,0.85,24.4,18.2,2.6,3,0,0,Cardio,0
192,133,61,1.16,13.2,31.5,4.7,7,3,1,Yoga,3
187,141,55,1.33,16.0,18.8,3.5,6,3,1,Cardio,3
204,146,76,0.89,20.7,19.8,3.8,4,1,0,Yoga,1
188,145,66,0.74,25.2,20.3,3.1,3,0,0,Cardio,0
200,183,84,0.96,31.4,34.4,3.4,2,0,0,HIIT,0
186,154,79,0.46,20.5,23.8,2.8,5,1,0,Strength,1
166,138,55,0.8,18.3,28.0,4.3,7,2,1,Mixed,2
205,174,83,0.37,24.5,24.7,4.2,3,0,0,Mixed,0
204,169,64,0.78,26.5,18.0,4.5,6,2,1,Mixed,2
201,145,77,0.63,28.7,30.1,4.0,3,0,0,Yoga,0
184,146,58,0.99,17.3,25.6,3.7,6,2,1,Strength,2
168,153,68,0.83,14.8,23.5,3.5,4,1,1,HIIT,1
167,133,55,0.83,16.5,31.0,3.5,7,3,1,Strength,3
179,162,61,0.9,18.0,22.6,3.0,4,2,1,HIIT,2
193,164,76,1.09,24.0,23.4,4.8,3,1,0,Mixed,1
201,146,80,0.61,26.6,22.6,3.1,2,0,0,Yoga,0
181,149,74,0.86,24.6,28.3,3.6,3,1,0,Strength,1
170,136,72,0.72,23.5,27.3,2.9,3,0,0,Cardio,0
200,136,57,1.14,11.0,25.1,4.9,5,3,1,Yoga,3
203,162,67,0.46,25.6,19.8,3.4,2,0,0,Strength,0
201,153,63,1.18,17.2,22.5,3.1,7,3,1,Cardio,3
187,162,85,0.72,25.5,19.8,4.6,2,0,0,Mixed,0
201,148,82,0.66,25.8,28.6,3.4,2,0,0,Yoga,0
167,140,75,0.72,32.8,18.0,3.4,2,0,0,Strength,0
181,153,67,0.86,23.3,30.4,4.0,4,2,1,Mixed,2
191,173,71,0.86,19.8,29.2,3.1,5,1,0,HIIT,1
174,150,80,0.73,27.2,20.3,3.9,3,0,0,Mixed,0
178,150,84,0.57,28.1,22.3,3.8,2,0,0,Strength,0
187,157,67,0.64,18.5,21.2,4.1,3,1,0,Mixed,1
205,165,72,0.82,33.6,25.7,3.9,2,0,0,Strength,0
168,119,59,1.02,12.5,29.6,4.5,7,3,1,Yoga,3
169,139,70,1.07,27.5,28.7,3.8,3,1,0,Strength,1
178,133,79,0.59,21.8,22.3,3.7,2,0,0,Yoga,0
184,151,75,0.42,18.8,29.0,3.2,3,0,0,Strength,0
153,132,71,0.53,26.3,28.7,3.6,3,0,0,Mixed,0
172,133,61,0.79,21.9,23.2,2.7,6,2,1,Cardio,2
178,142,59,0.59,15.7,24.0,3.3,6,2,1,Strength,2
171,145,64,0.7,17.9,30.2,4.1,6,2,1,Mixed,2
180,164,70,0.78,14.3,28.2,3.3,5,2,1,HIIT,2
164,125,77,1.09,18.7,28.9,4.3,3,0,0,Yoga,0
181,163,63,1.27,20.4,34.3,3.7,7,3,1,HIIT,3
183,155,70,0.46,28.1,26.2,3.9,3,0,0,Mixed,0
188,130,59,1.36,22.3,25.3,4.4,5,2,1,Yoga,2
192,163,76,0.36,24.7,29.4,3.9,2,0,0,Mixed,0
169,143,81,0.71,19.2,32.0,3.0,3,0,0,Strength,0
191,139,74,0.74,28.7,21.6,3.7,5,1,0,Yoga,1
182,165,72,0.62,33.0,23.2,2.9,3,0,0,HIIT,0
201,183,81,0.76,24.7,19.9,3.3,5,1,0,HIIT,1
175,158,60,0.76,14.5,25.4,3.4,3,1,1,HIIT,1
183,149,70,0.57,16.6,27.6,3.4,3,1,0,Strength,1
177,138,66,1.19,17.0,20.2,3.0,6,2,1,Cardio,2
156,144,74,0.42,24.9,28.5,2.5,3,0,0,HIIT,0
184,157,78,0.57,34.4,22.2,4.1,3,0,0,Mixed,0
193,160,64,0.93,19.4,21.9,4.1,7,2,1,Mixed,2
186,143,63,0.86,22.3,28.5,3.4,3,1,0,Cardio,1
192,137,70,0.52,15.4,21.5,3.3,3,1,0,Yoga,1
173,156,61,1.27,17.7,18.4,4.0,7,3,1,HIIT,3
205,146,75,0.61,18.3,27.0,3.4,3,1,0,Yoga,1
197,180,82,0.38,21.7,23.5,2.7,2,0,0,HIIT,0
164,118,61,0.64,20.6,28.8,3.2,4,2,1,Yoga,2
194,176,73,1.25,18.0,27.3,4.0,6,2,1,HIIT,2
165,131,68,0.79,24.2,18.0,2.7,4,1,0,Cardio,1
163,133,62,1.22,18.4,29.3,4.5,6,2,1,Strength,2
168,153,68,0.84,16.6,31.6,3.2,4,1,0,HIIT,1
173,145,60,0.81,27.0,28.1,4.2,4,1,0,Mixed,1
179,163,73,0.64,23.6,28.3,3.4,2,0,0,HIIT,0
203,173,82,0.5,31.8,23.0,4.1,3,0,0,Mixed,0
175,160,72,1.15,17.1,22.1,3.9,5,1,1,HIIT,1
161,130,71,0.95,18.4,24.8,3.4,5,1,1,Cardio,1
171,155,67,1.0,16.0,27.7,3.9,7,2,1,HIIT,2
184,153,81,0.59,26.6,27.6,3.4,3,0,0,Strength,0
174,127,71,0.87,33.4,22.2,4.2,3,0,0,Yoga,0
168,146,80,0.39,18.9,21.8,3.6,3,0,0,Mixed,0
201,140,65,1.47,13.1,18.0,4.5,6,2,1,Yoga,2
190,159,66,0.83,19.3,26.6,4.6,5,1,1,Mixed,1
189,154,72,1.22,24.9,22.4,4.1,3,1,0,Strength,1
166,134,75,1.03,35.9,22.8,3.5,2,0,0,Cardio,0
175,137,66,0.81,20.2,30.9,2.9,5,1,0,Cardio,1
165,139,60,0.87,17.3,26.4,3.7,5,2,1,Mixed,2
186,168,63,0.96,13.2,25.3,3.6,6,2,1,HIIT,2
197,158,67,0.49,17.6,27.3,3.2,3,1,0,Strength,1
185,154,81,0.59,25.0,29.7,3.6,3,0,0,Strength,0
184,146,59,1.28,16.8,18.0,4.0,7,3,1,Strength,3
195,138,68,0.92,26.4,21.7,3.9,5,1,0,Yoga,1
162,118,66,1.22,10.5,23.1,4.4,7,3,1,Yoga,3
178,148,77,1.12,18.4,20.1,3.9,3,1,0,Strength,1
181,148,71,0.3,21.7,22.9,2.6,2,0,0,Strength,0
164,121,69,0.64,40.0,18.0,3.3,2,0,0,Yoga,0
205,172,73,1.04,16.2,27.7,4.1,3,1,0,Mixed,1
167,123,69,1.05,16.4,21.9,4.6,4,1,1,Yoga,1
181,163,62,1.4,15.6,24.8,3.8,5,2,1,HIIT,2
173,145,80,0.71,20.9,24.2,2.8,3,0,0,Strength,0
174,149,74,0.51,19.1,26.2,4.5,3,0,0,Mixed,0
185,160,85,0.76,23.4,18.0,4.7,2,0,0,Mixed,0
197,135,60,0.97,15.5,25.8,4.6,5,3,1,Yoga,3
175,150,76,0.55,29.1,22.9,3.9,3,0,0,Mixed,0
168,139,85,0.55,34.4,25.6,3.0,2,0,0,Cardio,0
171,126,72,0.81,20.5,19.3,3.9,3,1,0,Yoga,1
189,134,66,0.64,16.4,25.7,3.7,4,1,0,Yoga,1
198,134,55,1.31,11.9,29.2,4.3,7,3,1,Yoga,3
178,162,73,0.45,32.8,24.8,2.8,3,0,0,HIIT,0
189,149,76,0.83,21.8,21.1,3.0,3,0,0,Cardio,0
178,154,80,0.5,21.6,21.3,4.3,3,0,0,Mixed,0
189,151,62,0.91,22.6,26.3,3.4,5,1,1,Strength,1
191,148,70,1.18,24.9,26.3,3.5,3,1,0,Cardio,1
178,132,76,0.83,21.1,25.4,4.0,5,1,0,Yoga,1
167,135,61,1.53,20.7,23.8,4.6,6,3,1,Strength,3
181,132,72,1.03,19.3,24.8,3.6,6,2,1,Yoga,2
168,152,57,1.28,22.7,23.7,3.4,7,2,1,HIIT,2
187,132,64,1.25,22.7,22.5,4.1,7,2,1,Yoga,2
164,133,76,0.64,21.3,27.0,2.9,3,0,0,Cardio,0
205,186,78,0.56,28.5,25.2,3.2,3,0,0,HIIT,0
163,117,61,0.98,24.7,29.2,4.0,7,2,1,Yoga,2
172,137,72,0.75,23.4,28.5,2.8,4,1,0,Cardio,1
180,152,67,0.82,15.1,25.1,4.0,6,2,1,Mixed,2
173,124,65,1.08,17.0,26.4,4.3,4,2,1,Yoga,2
195,175,62,0.89,15.4,20.2,3.5,7,3,1,HIIT,3
176,150,72,1.04,21.2,23.7,4.0,3,1,0,Mixed,1
165,123,72,0.74,28.0,25.4,3.3,2,0,0,Yoga,0
169,146,74,0.68,33.2,18.0,4.0,2,0,0,Mixed,0
161,132,64,0.88,31.0,25.7,3.5,4,1,0,Strength,1
191,151,58,0.61,14.3,20.2,3.7,6,2,1,Strength,2
185,168,76,0.55,22.8,20.6,2.9,3,0,0,HIIT,0
197,138,66,0.68,23.8,21.9,4.1,2,0,0,Yoga,0
167,129,59,1.62,16.9,23.9,4.0,7,3,1,Cardio,3
205,172,72,1.01,24.7,18.7,4.7,4,1,0,Mixed,1
183,145,75,0.56,26.9,27.4,3.4,3,0,0,Cardio,0
168,155,85,0.25,26.9,24.7,2.9,2,0,0,HIIT,0
194,161,62,1.33,14.7,31.7,4.8,6,3,1,Mixed,3
180,127,64,1.02,22.6,25.2,4.2,7,2,1,Yoga,2
163,123,73,0.91,28.1,26.3,3.7,3,1,0,Yoga,1
191,146,63,1.0,20.3,20.6,3.4,5,1,1,Cardio,1
159,126,65,1.33,11.8,19.3,3.6,7,3,1,Cardio,3
193,175,72,0.59,32.8,26.5,3.2,2,0,0,HIIT,0
162,149,76,1.06,8.0,19.6,3.9,3,1,1,HIIT,1
174,150,77,0.32,19.9,26.6,3.4,3,0,0,Mixed,0
163,136,73,0.69,22.8,30.8,3.5,5,1,0,Strength,1
190,135,67,0.97,14.6,27.8,4.0,3,1,1,Yoga,1
179,148,55,1.26,8.8,26.3,4.7,7,3,1,Mixed,3
164,134,64,0.26,18.1,25.1,2.8,4,1,0,Strength,1
169,118,56,0.55,20.5,22.5,3.3,4,2,1,Yoga,2
178,137,63,1.04,18.5,23.5,3.3,4,2,1,Cardio,2
205,172,72,0.33,25.0,21.7,3.2,2,0,0,Mixed,0
167,152,65,1.16,14.4,18.7,4.3,7,3,1,HIIT,3
185,167,65,0.76,20.5,24.1,2.7,5,1,0,HIIT,1
195,167,81,0.53,17.9,28.4,3.8,5,1,0,Mixed,1
182,131,70,0.47,22.6,18.8,4.1,3,0,0,Yoga,0
166,129,60,0.89,15.4,29.6,3.4,6,2,1,Cardio,2
185,155,68,0.55,31.5,28.9,4.2,3,0,0,Mixed,0
172,143,75,0.38,29.4,25.6,3.0,3,0,0,Strength,0
179,142,73,0.31,27.5,25.6,2.3,3,0,0,Cardio,0
197,178,69,1.15,31.0,23.3,3.7,5,1,0,HIIT,1
172,135,67,1.05,16.2,24.2,3.0,5,2,1,Cardio,2
176,128,70,1.13,11.9,22.1,3.8,5,2,1,Yoga,2
185,133,69,0.29,20.1,24.1,3.2,2,0,0,Yoga,0
182,141,65,0.73,18.0,24.6,2.5,7,2,1,Cardio,2
199,180,74,0.61,20.0,31.5,3.0,3,1,0,HIIT,1
174,138,70,0.35,18.8,26.3,2.0,2,0,0,Cardio,0
187,172,85,0.32,24.8,23.2,3.0,3,0,0,HIIT,0
190,162,77,0.82,18.1,23.6,3.7,5,2,1,Mixed,2
174,125,65,0.99,18.6,21.1,4.5,7,2,1,Yoga,2
181,142,69,0.41,19.1,21.8,2.5,3,0,0,Cardio,0
183,144,70,0.94,17.8,27.6,2.8,2,0,0,Cardio,0
162,149,76,0.53,26.5,22.0,2.6,2,0,0,HIIT,0
171,140,68,1.04,11.1,21.5,3.7,6,2,1,Strength,2
200,178,55,1.35,19.7,21.6,4.0,7,3,1,HIIT,3
177,143,65,0.82,22.4,21.1,3.6,3,1,0,Strength,1
170,137,76,0.95,24.8,28.5,3.1,3,0,0,Cardio,0
191,133,63,0.69,19.9,24.6,3.3,5,1,1,Yoga,1
187,155,59,1.18,11.8,22.9,4.7,7,3,1,Mixed,3
180,127,62,1.25,18.9,24.1,4.0,7,3,1,Yoga,3
201,137,59,0.73,26.2,24.9,3.9,7,3,1,Yoga,3
201,166,61,0.81,18.1,21.0,4.4,4,2,1,Mixed,2
171,136,70,0.51,23.4,18.4,2.8,5,1,0,Cardio,1
167,151,63,1.33,17.9,29.4,4.3,7,3,1,HIIT,3
181,125,55,0.79,16.2,28.0,3.5,7,3,1,Yoga,3
180,165,77,0.86,25.8,25.5,3.5,2,0,0,HIIT,0
159,118,67,0.9,26.0,27.7,4.5,7,2,1,Yoga,2
195,149,63,1.17,12.9,31.7,4.0,7,3,1,Cardio,3
185,166,61,0.7,14.4,21.9,3.3,5,3,1,HIIT,3
189,158,66,1.06,20.5,19.5,4.9,4,2,1,Mixed,2
163,130,69,1.1,22.9,26.6,3.1,4,1,0,Cardio,1
191,159,64,0.78,15.2,18.1,3.7,7,2,1,Mixed,2
188,136,74,0.78,26.2,24.2,3.9,3,1,0,Yoga,1
162,123,75,1.03,26.6,22.8,4.1,3,0,0,Yoga,0
171,147,78,0.43,24.0,26.7,3.7,2,0,0,Mixed,0
183,133,73,0.91,25.0,22.1,4.3,4,1,0,Yoga,1
189,133,65,1.03,25.2,28.8,4.0,4,1,1,Yoga,1
183,154,68,1.14,18.4,21.0,4.6,5,1,1,Mixed,1
163,149,75,0.32,22.2,26.8,2.6,3,0,0,HIIT,0
180,163,70,1.09,14.0,21.3,3.6,4,1,1,HIIT,1
168,133,67,0.51,19.3,26.2,2.1,6,2,0,Cardio,2
162,138,66,0.89,23.7,19.9,4.1,7,2,1,Mixed,2
196,152,70,0.78,23.0,23.9,3.0,5,1,0,Cardio,1
181,145,63,1.0,19.3,29.3,4.4,4,2,1,Strength,2
169,129,80,0.25,24.5,24.5,2.8,3,0,0,Yoga,0
203,172,77,0.45,30.7,28.7,3.7,3,0,0,Mixed,0
176,146,74,0.6,31.3,23.9,3.8,3,0,0,Strength,0
192,160,63,0.89,19.0,22.0,4.0,7,2,1,Mixed,2
204,171,71,1.06,24.8,24.7,4.4,5,1,1,Mixed,1
194,138,70,0.75,21.0,26.5,3.6,4,1,0,Yoga,1
180,150,57,1.21,26.7,18.0,4.7,6,2,1,Mixed,2
171,140,70,0.49,28.0,26.1,3.2,2,0,0,Strength,0
165,140,82,0.75,22.7,20.2,3.2,3,0,0,Strength,0
173,159,77,0.49,21.9,19.2,2.7,3,0,0,HIIT,0
168,125,72,0.46,21.7,26.2,3.5,3,0,0,Yoga,0
166,143,73,0.68,31.1,29.4,4.4,3,0,0,Mixed,0
191,144,56,1.1,12.6,24.9,3.4,7,3,1,Cardio,3
159,127,67,0.48,21.1,18.6,2.8,4,1,0,Cardio,1
190,138,75,0.96,16.0,21.3,4.1,4,1,1,Yoga,1
190,159,64,1.05,17.8,22.3,4.5,7,2,1,Mixed,2
173,128,74,0.83,30.2,24.8,3.6,4,1,0,Yoga,1
180,130,68,1.36,14.3,23.7,4.8,7,3,1,Yoga,3
181,162,58,1.19,14.5,26.0,3.5,7,3,1,HIIT,3
191,172,59,0.55,20.6,28.0,2.6,7,2,1,HIIT,2
205,160,77,0.78,25.4,25.4,3.0,3,0,0,Cardio,0
185,140,56,1.64,14.2,27.6,3.8,7,3,1,Cardio,3
192,157,75,0.57,26.4,22.9,3.9,2,0,0,Strength,0
177,145,71,0.43,30.6,35.0,3.5,4,1,0,Strength,1
181,166,79,1.05,23.1,26.2,3.4,3,1,0,HIIT,1
168,141,77,0.53,21.0,26.7,3.3,2,0,0,Strength,0
180,125,58,1.42,14.1,31.0,4.5,7,3,1,Yoga,3
187,149,63,1.15,23.0,24.4,3.9,7,3,1,Strength,3
190,152,64,1.14,10.6,21.4,4.3,7,3,1,Strength,3
165,127,81,0.25,20.4,29.2,3.2,2,0,0,Yoga,0
165,151,70,0.49,26.3,29.5,2.5,3,0,0,HIIT,0
181,141,66,0.91,16.0,24.6,3.1,7,3,1,Cardio,3
198,181,85,0.5,23.2,31.0,3.1,3,0,0,HIIT,0
161,131,76,0.94,31.2,23.7,2.9,5,1,0,Cardio,1
187,138,77,0.66,20.9,27.7,3.6,4,1,0,Yoga,1
200,181,73,0.4,28.2,30.1,2.8,2,0,0,HIIT,0
175,137,68,1.16,11.5,24.4,3.3,6,3,1,Cardio,3
163,140,73,0.6,28.9,25.8,3.5,3,0,0,Mixed,0
171,156,70,0.58,25.4,28.1,2.7,5,1,0,HIIT,1
181,149,73,0.25,29.8,22.5,2.4,3,0,0,Strength,0
187,145,67,0.56,22.7,20.7,2.4,4,1,0,Cardio,1
169,146,75,0.7,33.9,29.3,4.1,3,0,0,Mixed,0
188,145,64,0.86,22.6,25.2,3.6,4,1,0,Cardio,1
189,169,57,1.42,14.4,22.0,3.6,7,3,1,HIIT,3
193,160,60,1.38,15.5,24.4,5.3,5,2,1,Mixed,2
175,144,73,1.43,19.3,26.0,4.1,4,2,1,Strength,2
172,147,73,0.88,20.1,18.0,4.1,5,2,1,Mixed,2
153,127,78,0.95,25.6,26.9,3.0,4,2,0,Cardio,2
183,155,70,0.88,18.2,25.6,3.3,4,1,0,Mixed,1
186,145,70,0.68,20.4,30.6,2.9,3,1,0,Cardio,1
170,122,64,1.18,23.4,23.1,4.6,7,3,1,Yoga,3
183,140,59,0.78,21.6,29.5,3.0,4,2,1,Cardio,2
190,154,70,0.69,28.1,23.8,3.5,2,0,0,Strength,0
195,147,57,0.97,16.7,24.6,2.7,7,2,1,Cardio,2
178,163,79,0.51,26.1,25.1,3.2,3,0,0,HIIT,0
173,156,61,1.18,16.1,32.4,4.1,4,2,1,HIIT,2
192,155,70,0.63,14.6,19.0,3.0,7,2,1,Strength,2
193,154,63,1.03,17.1,26.0,3.7,6,2,1,Strength,2
167,126,75,0.65,28.6,24.2,3.4,3,0,0,Yoga,0
164,148,59,1.02,9.3,23.9,3.7,6,3,1,HIIT,3
166,152,71,0.45,24.5,26.3,2.9,5,1,0,HIIT,1
196,163,63,0.96,18.1,28.4,4.2,4,2,1,Mixed,2
160,147,75,0.89,24.0,26.1,3.9,4,1,0,HIIT,1
160,147,74,0.71,23.2,28.9,3.3,2,0,0,HIIT,0
205,173,77,0.53,31.6,23.0,3.3,3,0,0,Mixed,0
195,141,76,0.89,26.1,23.8,3.7,2,0,0,Yoga,0
165,135,65,1.27,20.7,20.0,4.0,5,1,1,Strength,1
170,130,82,0.96,34.3,31.9,4.2,3,0,0,Yoga,0
169,139,67,0.63,24.2,23.3,3.4,5,1,0,Strength,1
189,154,74,0.54,28.3,22.8,3.2,5,1,0,Strength,1
166,143,74,0.72,29.1,26.4,3.6,3,1,0,Mixed,1
171,140,68,0.63,35.1,28.4,3.3,2,0,0,Strength,0
177,140,69,0.67,20.1,21.2,2.8,5,1,0,Cardio,1
173,134,63,0.99,9.6,28.7,3.4,7,3,1,Cardio,3
164,131,69,1.14,15.2,22.8,3.6,4,1,1,Cardio,1
187,147,74,0.93,24.0,29.7,3.4,2,0,0,Cardio,0
195,164,71,0.85,19.9,21.8,4.6,3,1,0,Mixed,1
176,149,68,1.21,17.2,26.9,5.1,3,1,1,Mixed,1
193,153,77,0.46,26.3,24.2,2.5,3,0,0,Cardio,0
183,167,75,0.71,34.9,19.5,2.7,3,0,0,HIIT,0
192,155,69,0.95,19.3,18.3,3.8,5,1,1,Strength,1
173,124,65,0.93,28.3,21.0,3.3,4,1,0,Yoga,1
186,148,77,0.61,24.4,28.0,2.7,3,0,0,Cardio,0
166,128,58,0.76,13.3,18.0,2.4,5,1,1,Cardio,1
185,169,76,0.53,29.8,25.3,2.6,2,0,0,HIIT,0
185,157,75,0.52,28.7,25.0,3.2,2,0,0,Mixed,0
168,152,61,1.29,9.6,18.0,3.8,5,2,1,HIIT,2
198,151,63,0.72,23.3,20.8,3.1,3,1,0,Cardio,1
160,145,62,1.22,11.1,20.8,3.9,7,3,1,HIIT,3
163,132,59,1.19,22.2,24.2,4.2,7,3,1,Strength,3
192,133,61,1.24,14.2,29.9,4.4,7,3,1,Yoga,3
170,155,66,0.75,29.6,28.3,2.9,2,0,0,HIIT,0
159,129,72,0.96,15.7,22.6,3.2,4,1,0,Cardio,1
187,153,75,1.07,17.9,20.7,4.0,3,1,0,Strength,1
199,157,59,1.18,12.1,18.0,3.9,7,3,1,Strength,3
163,148,66,0.71,20.9,22.5,2.7,3,1,0,HIIT,1
180,144,77,0.57,26.0,20.4,2.5,3,0,0,Cardio,0
196,139,69,1.05,18.8,23.9,4.2,5,1,1,Yoga,1
179,164,79,0.25,21.5,24.0,2.2,3,0,0,HIIT,0
193,161,65,1.03,14.7,22.1,4.5,6,2,1,Mixed,2
179,143,59,0.73,19.1,22.2,3.6,5,1,1,Strength,1
185,153,55,0.89,17.4,21.2,4.3,4,2,1,Mixed,2
176,145,71,0.41,28.6,22.0,3.0,2,0,0,Strength,0
196,177,72,0.51,21.4,29.7,3.1,5,1,0,HIIT,1
163,135,68,0.93,26.1,26.1,4.5,4,1,0,Strength,1
188,148,72,0.94,17.5,26.1,3.2,5,1,0,Cardio,1
183,152,62,0.98,14.0,28.0,4.6,4,2,1,Mixed,2
190,173,75,0.71,19.2,27.7,3.2,6,2,0,HIIT,2
172,136,69,0.96,11.9,29.7,3.3,3,1,1,Cardio,1
195,148,61,1.38,15.3,26.4,3.5,5,3,1,Cardio,3
205,156,65,1.08,19.9,24.8,3.4,5,1,1,Cardio,1
168,138,68,0.87,31.4,21.6,3.2,4,1,0,Strength,1
169,135,72,0.92,19.1,20.7,2.9,3,1,0,Cardio,1
183,144,70,0.46,18.4,27.5,3.2,4,1,0,Cardio,1
170,136,56,0.84,21.1,23.6,3.7,4,1,1,Strength,1
161,148,77,0.5,31.7,18.6,2.7,3,0,0,HIIT,0
165,137,73,0.37,15.4,18.0,3.6,4,1,0,Strength,1
178,163,79,0.58,30.3,32.6,2.4,2,0,0,HIIT,0
201,183,80,0.47,30.3,20.1,3.1,3,0,0,HIIT,0
194,153,76,0.47,22.4,21.3,2.5,3,0,0,Cardio,0
192,140,77,1.39,10.7,28.9,4.3,6,2,1,Yoga,2
178,152,76,0.36,21.7,19.2,3.9,3,0,0,Mixed,0
193,131,55,1.07,24.9,26.1,4.0,7,3,1,Yoga,3
173,136,66,0.97,18.4,31.3,3.4,6,2,1,Cardio,2
186,169,76,0.72,21.3,32.5,3.5,5,1,0,HIIT,1
193,154,63,0.46,22.0,22.2,3.3,5,1,0,Strength,1
194,152,74,0.71,31.8,24.0,2.8,2,0,0,Cardio,0
174,158,71,0.88,18.9,22.4,3.4,6,2,1,HIIT,2
186,152,72,0.93,32.1,23.9,3.9,2,0,0,Strength,0
175,140,74,0.25,25.9,29.2,2.5,3,0,0,Cardio,0
193,175,69,0.87,20.4,18.4,3.5,6,2,1,HIIT,2
166,122,69,0.45,32.0,26.6,4.4,2,0,0,Yoga,0
182,132,70,1.05,20.4,23.2,3.5,3,1,0,Yoga,1
167,140,60,1.22,17.9,29.5,4.8,7,2,1,Mixed,2
203,154,64,0.87,18.0,29.3,3.1,5,2,1,Cardio,2
175,160,76,0.39,24.7,22.4,2.9,2,0,0,HIIT,0
199,179,65,1.19,18.2,23.6,3.4,6,3,1,HIIT,3
173,127,72,0.86,21.8,27.6,3.9,3,1,0,Yoga,1
180,146,67,0.91,22.7,27.9,3.7,5,1,1,Strength,1
182,150,76,0.71,26.9,18.0,3.6,4,1,0,Strength,1
198,162,78,0.48,27.3,27.6,3.2,2,0,0,Strength,0
188,150,60,0.88,23.7,30.6,3.9,4,1,1,Strength,1
180,164,74,1.01,23.0,25.0,4.0,3,1,0,HIIT,1
165,118,60,1.45,15.4,27.8,4.9,7,3,1,Yoga,3
197,159,70,0.73,27.4,29.1,4.1,3,1,0,Strength,1
174,146,81,0.4,27.8,24.9,2.9,3,0,0,Strength,0
158,135,69,0.44,25.9,27.3,4.1,3,1,0,Mixed,1
188,146,69,0.91,18.2,24.1,3.3,4,2,1,Cardio,2
195,165,76,0.71,26.9,23.8,4.2,3,1,0,Mixed,1
196,178,75,0.63,26.6,21.4,2.9,3,0,0,HIIT,0
168,136,77,0.49,29.7,24.7,2.0,2,0,0,Cardio,0
189,150,78,0.4,19.1,31.5,2.6,2,0,0,Cardio,0
197,158,67,0.83,24.7,20.4,3.4,4,2,0,Strength,2
182,141,64,1.34,8.0,26.5,3.3,7,3,1,Cardio,3
201,182,70,0.25,24.9,25.3,2.1,3,0,0,HIIT,0
197,164,67,0.8,12.6,29.9,4.0,4,1,1,Mixed,1
183,147,64,0.95,18.0,30.7,4.0,3,1,1,Strength,1
167,127,78,0.55,15.7,20.3,3.6,4,1,0,Yoga,1
162,137,62,0.86,20.1,21.7,4.2,5,1,1,Mixed,1
198,160,72,1.24,23.9,21.9,3.9,7,2,1,Strength,2
191,155,72,0.63,27.1,22.1,3.6,5,1,0,Strength,1
184,139,56,1.19,11.7,22.4,3.9,7,3,1,Cardio,3
175,141,64,0.69,14.7,25.4,3.0,3,1,0,Strength,1
199,161,75,0.59,22.3,20.6,3.3,2,0,0,Strength,0
190,144,59,0.94,9.7,21.2,2.3,7,3,1,Cardio,3
177,152,77,0.4,20.9,20.8,4.0,2,0,0,Mixed,0
193,131,55,1.19,11.9,26.0,4.6,4,2,1,Yoga,2
193,137,69,0.66,23.3,23.7,3.3,5,1,0,Yoga,1
161,116,61,0.96,19.0,23.0,3.2,4,2,1,Yoga,2
168,154,76,0.71,31.4,20.6,3.3,5,1,0,HIIT,1
177,152,77,0.96,18.7,18.0,4.3,3,0,0,Mixed,0
171,135,67,0.43,20.2,30.5,2.8,5,1,0,Cardio,1
193,141,77,0.87,21.3,22.8,4.0,4,1,0,Yoga,1
185,150,68,0.58,26.8,34.8,3.4,5,1,0,Strength,1
174,139,59,1.13,15.6,27.1,3.9,7,3,1,Strength,3
184,150,71,0.82,24.3,31.3,4.1,3,1,0,Strength,1
198,162,80,0.52,30.1,28.0,2.8,3,0,0,Strength,0
188,148,75,0.61,18.3,24.6,3.0,3,0,0,Cardio,0
187,135,72,0.87,22.0,21.6,3.8,4,2,1,Yoga,2
154,125,58,0.86,8.0,20.1,3.2,5,3,1,Strength,3
182,153,65,0.74,14.9,28.5,4.4,4,1,1,Mixed,1
167,145,78,0.8,25.7,25.1,4.2,3,1,0,Mixed,1
190,144,58,0.95,13.5,26.5,3.2,7,3,1,Cardio,3
167,136,78,0.49,25.3,27.3,2.6,2,0,0,Cardio,0
195,164,74,0.82,25.2,25.4,4.3,4,1,0,Mixed,1
204,186,80,0.77,25.1,22.1,3.4,3,1,0,HIIT,1
182,166,74,0.73,30.2,28.1,3.3,3,0,0,HIIT,0
172,125,68,0.88,21.9,23.2,4.1,4,2,1,Yoga,2
189,136,71,0.84,30.1,24.4,3.9,2,0,0,Yoga,0
191,155,73,0.47,28.2,26.9,3.2,2,0,0,Strength,0
175,148,66,0.77,19.3,23.8,4.6,3,1,0,Mixed,1
158,145,74,0.52,20.6,18.0,3.1,4,1,0,HIIT,1
180,145,80,0.45,26.2,28.2,2.7,3,0,0,Cardio,0
186,153,77,0.47,24.6,29.0,2.6,3,0,0,Strength,0
191,137,71,0.73,22.2,18.0,4.0,3,0,0,Yoga,0
190,173,72,0.26,30.5,19.8,2.7,3,0,0,HIIT,0
193,174,61,1.38,18.8,32.1,3.4,7,2,1,HIIT,2
188,138,77,0.68,26.4,24.9,3.6,2,0,0,Yoga,0
199,140,67,0.62,30.9,24.0,3.5,2,0,0,Yoga,0
174,141,63,0.76,14.0,22.3,4.1,4,2,1,Strength,2
173,147,68,1.21,30.7,19.9,4.5,3,0,0,Mixed,0
191,133,63,1.32,10.9,23.2,4.4,7,3,1,Yoga,3
187,155,60,1.42,19.1,27.9,4.7,6,2,1,Mixed,2
182,167,85,0.65,23.8,23.9,3.7,2,0,0,HIIT,0
195,177,75,0.72,17.3,26.4,2.7,4,1,0,HIIT,1
204,168,60,1.39,8.0,31.1,4.6,5,3,1,Mixed,3
188,153,72,0.34,24.8,21.7,2.9,4,1,0,Strength,1
201,156,72,0.58,15.4,25.2,2.8,4,1,0,Cardio,1
171,143,60,0.74,13.4,28.0,3.4,7,2,1,Mixed,2
192,140,76,1.08,19.4,20.3,4.5,3,1,0,Yoga,1
168,154,75,0.25,21.8,24.7,2.9,2,0,0,HIIT,0
181,148,71,0.67,27.0,31.5,3.0,2,0,0,Strength,0
172,156,68,1.24,18.3,22.6,4.1,5,2,1,HIIT,2
174,132,55,1.34,9.3,28.3,3.9,7,3,1,Cardio,3
171,143,78,0.96,25.8,23.4,3.5,2,0,0,Strength,0
196,178,72,0.75,18.0,31.2,3.8,4,1,0,HIIT,1
197,162,57,1.45,19.2,18.0,4.9,7,3,1,Mixed,3
190,173,80,0.76,32.6,24.3,3.3,2,0,0,HIIT,0
160,147,74,0.45,17.7,18.1,2.5,5,1,0,HIIT,1
191,172,68,0.61,21.0,21.2,2.9,3,1,0,HIIT,1
189,139,78,0.25,21.7,21.2,3.3,3,0,0,Yoga,0
180,128,63,0.25,21.2,22.9,3.6,3,1,0,Yoga,1
159,147,77,0.69,36.8,19.2,2.9,3,0,0,HIIT,0
168,143,68,0.47,20.9,23.7,3.2,2,0,0,Mixed,0
182,141,66,0.7,20.6,25.8,2.5,5,2,0,Cardio,2
182,148,68,0.98,16.7,18.0,3.5,4,2,1,Strength,2
175,146,62,1.31,17.6,21.5,4.7,7,3,1,Mixed,3
168,143,68,1.6,8.0,34.2,4.9,5,3,1,Mixed,3
194,160,56,1.28,18.3,25.3,4.5,7,3,1,Mixed,3
183,151,77,1.04,22.6,18.0,3.3,2,0,0,Strength,0
176,126,64,0.63,22.1,18.4,3.7,3,0,0,Yoga,0
181,143,72,0.48,30.6,24.9,2.6,2,0,0,Cardio,0
195,176,68,0.76,19.2,24.4,3.6,4,1,0,HIIT,1
162,150,83,0.71,23.2,21.7,2.6,2,0,0,HIIT,0
161,127,65,0.47,21.0,32.8,2.2,4,2,0,Cardio,2
200,168,70,1.03,10.6,34.5,4.4,5,2,1,Mixed,2
192,155,70,0.62,31.1,22.9,3.3,2,0,0,Strength,0
186,157,68,0.93,18.8,27.5,4.5,5,1,1,Mixed,1
191,173,71,0.91,23.8,27.7,3.5,2,0,0,HIIT,0
166,136,65,0.65,24.3,28.2,3.5,4,1,0,Strength,1
196,164,70,0.51,23.4,21.4,3.7,3,0,0,Mixed,0
176,140,57,1.22,17.4,31.8,4.5,7,3,1,Strength,3
171,146,70,1.18,10.9,23.7,4.6,6,3,1,Mixed,3
166,134,75,0.72,23.6,25.7,2.6,2,0,0,Cardio,0
185,146,55,1.01,10.9,24.0,3.4,7,3,1,Strength,3
169,134,67,0.94,17.7,23.4,3.6,4,1,1,Cardio,1
197,160,75,0.67,21.9,25.1,3.5,4,1,0,Strength,1
167,142,66,0.93,30.1,19.3,4.4,4,1,0,Mixed,1
192,174,72,1.39,18.0,18.0,3.7,7,2,1,HIIT,2
174,146,80,0.66,24.3,23.1,3.9,2,0,0,Strength,0
187,153,74,0.61,28.6,20.5,3.5,2,0,0,Strength,0
169,154,67,0.86,27.0,26.2,3.6,4,1,0,HIIT,1
184,166,65,0.47,26.6,25.7,2.9,3,1,0,HIIT,1
189,172,71,0.58,20.3,24.1,3.0,4,1,0,HIIT,1
167,152,67,1.04,21.8,29.9,3.6,6,2,1,HIIT,2
176,133,82,0.7,28.8,24.0,4.0,2,0,0,Yoga,0
166,130,62,0.97,15.7,18.2,3.5,6,3,1,Cardio,3
203,167,58,1.26,13.5,23.1,4.3,6,3,1,Mixed,3
192,175,82,0.59,26.3,28.7,3.1,2,0,0,HIIT,0
187,138,79,0.55,25.5,18.0,3.6,3,0,0,Yoga,0
194,174,67,0.51,22.3,23.6,2.5,3,1,0,HIIT,1
172,147,70,0.79,18.0,26.3,4.3,5,1,1,Mixed,1
191,138,73,1.49,22.0,34.6,4.2,5,1,1,Yoga,1
184,157,77,0.45,29.5,28.8,3.4,3,0,0,Mixed,0
194,147,60,1.15,16.5,24.5,3.2,5,2,1,Cardio,2
186,151,71,1.03,30.1,26.1,3.8,3,1,0,Strength,1
195,176,67,1.02,19.3,18.0,3.5,4,1,0,HIIT,1
174,159,70,0.69,17.6,19.8,2.6,3,1,0,HIIT,1
165,126,55,0.75,17.2,26.6,3.0,6,3,1,Cardio,3
180,128,66,0.44,29.6,24.6,3.5,4,1,0,Yoga,1
182,138,85,0.74,30.7,25.2,3.7,2,0,0,Yoga,0
173,128,73,0.66,24.9,24.1,3.2,3,0,0,Yoga,0
180,133,76,1.01,19.2,24.0,4.6,4,1,1,Yoga,1
199,165,64,1.09,14.6,24.4,4.3,7,2,1,Mixed,2
178,138,64,0.97,23.5,19.8,3.5,5,1,1,Cardio,1
192,132,60,1.23,19.7,23.1,4.7,6,2,1,Yoga,2
181,145,61,0.87,8.1,19.0,3.6,5,2,1,Strength,2
176,144,85,0.34,27.9,21.5,2.3,3,0,0,Cardio,0
167,141,64,0.96,16.3,28.8,4.0,5,2,1,Mixed,2
166,136,66,1.17,11.9,23.3,4.0,6,2,1,Strength,2
160,119,68,1.34,15.0,26.4,4.6,4,2,1,Yoga,2
180,145,63,1.52,15.0,24.5,4.1,7,3,1,Strength,3
201,183,79,1.03,26.0,22.5,3.9,2,0,0,HIIT,0
200,160,67,0.95,18.4,20.0,3.9,3,1,0,Strength,1
205,185,69,0.58,27.3,22.4,3.1,3,0,0,HIIT,0
180,153,70,0.86,34.6,24.7,4.3,2,0,0,Mixed,0
193,162,67,0.72,31.9,26.3,4.1,3,0,0,Mixed,0
195,147,57,1.09,11.0,24.5,3.0,7,3,1,Cardio,3
195,153,56,0.73,26.1,26.6,3.3,3,0,0,Strength,0
198,144,79,0.75,34.5,18.0,3.7,2,0,0,Yoga,0
169,154,73,0.77,25.6,27.5,3.4,3,1,0,HIIT,1
188,143,60,1.14,19.3,19.5,3.5,4,2,1,Cardio,2
156,141,58,0.91,22.0,27.9,3.1,5,2,1,HIIT,2
194,177,83,0.96,33.0,26.0,3.4,3,0,0,HIIT,0
201,163,75,0.95,23.2,18.0,4.3,4,1,0,Strength,1
171,157,74,0.88,25.9,26.9,4.0,2,0,0,HIIT,0
181,162,57,1.5,19.5,28.0,4.3,6,3,1,HIIT,3
185,129,60,1.04,20.4,29.0,3.8,5,3,1,Yoga,3
197,158,68,0.71,22.5,20.9,3.4,2,0,0,Strength,0
198,139,66,1.26,16.7,24.7,4.3,4,2,1,Yoga,2
178,137,59,1.12,20.7,26.8,3.1,5,2,1,Cardio,2
176,147,63,0.55,31.8,26.9,3.4,3,0,0,Mixed,0
165,149,61,0.94,11.8,25.6,3.6,7,2,1,HIIT,2
172,141,70,0.32,34.2,22.3,3.0,2,0,0,Strength,0
201,172,84,0.84,22.7,28.0,4.1,2,0,0,Mixed,0
172,156,68,1.07,11.3,28.0,3.4,6,3,1,HIIT,3
196,176,64,1.25,19.8,23.4,3.5,4,1,1,HIIT,1
190,159,64,0.59,12.6,20.9,4.0,6,2,1,Mixed,2
194,149,67,0.42,22.3,21.1,2.2,5,1,0,Cardio,1
175,134,84,0.42,26.0,29.5,3.1,2,0,0,Yoga,0
195,135,61,0.44,26.4,27.8,3.5,4,1,0,Yoga,1
185,154,62,1.19,24.6,23.9,5.0,7,3,1,Mixed,3
192,159,81,0.58,22.7,23.2,2.8,3,0,0,Strength,0
205,159,72,0.75,32.1,18.0,2.8,3,0,0,Cardio,0
200,156,75,0.25,23.6,23.7,2.0,3,0,0,Cardio,0
171,149,80,0.42,20.7,19.2,4.1,2,0,0,Mixed,0
201,168,69,1.0,31.9,24.6,4.3,3,0,0,Mixed,0
172,126,68,1.06,18.5,28.7,3.9,4,2,1,Yoga,2
167,137,67,0.86,26.3,20.1,4.3,2,0,0,Strength,0
186,128,57,1.25,19.6,25.0,4.5,7,2,1,Yoga,2
167,144,74,0.77,22.6,28.0,4.2,3,1,0,Mixed,1
183,154,65,0.9,21.5,24.9,4.4,3,1,0,Mixed,1
184,144,71,1.06,26.1,21.9,3.6,4,1,0,Cardio,1
154,125,59,1.22,21.6,24.0,3.6,4,2,1,Strength,2
197,165,66,0.69,19.8,27.8,4.1,7,2,1,Mixed,2
150,119,62,0.52,24.7,25.1,2.5,4,1,0,Cardio,1
198,141,71,0.86,20.1,24.0,3.6,7,2,1,Yoga,2
185,137,79,0.63,26.7,28.6,3.3,3,0,0,Yoga,0
180,141,67,0.84,19.9,26.1,2.7,3,1,0,Cardio,1
182,164,61,0.79,17.8,19.2,3.0,4,1,0,HIIT,1
167,125,74,0.65,27.2,26.5,4.0,2,0,0,Yoga,0
201,181,68,0.92,22.1,27.8,3.1,5,1,0,HIIT,1
168,133,67,1.06,25.4,19.1,3.0,5,1,0,Cardio,1
172,143,75,0.85,18.8,18.0,3.4,3,1,0,Strength,1
161,141,81,0.52,30.8,19.8,3.8,2,0,0,Mixed,0
167,125,72,0.66,34.4,23.6,3.4,3,1,0,Yoga,1
198,166,72,0.84,21.4,28.0,4.4,6,2,1,Mixed,2
205,183,56,0.76,20.1,20.4,3.0,3,1,0,HIIT,1
164,121,68,0.96,25.0,26.2,4.6,5,1,1,Yoga,1
165,133,58,1.12,12.5,18.0,4.2,7,3,1,Strength,3
168,137,64,1.42,8.0,24.7,4.3,6,3,1,Strength,3
163,132,58,1.08,11.9,22.4,3.7,6,3,1,Strength,3
186,154,78,0.49,29.5,32.4,3.1,3,0,0,Strength,0
160,137,68,0.43,20.0,18.0,4.2,4,1,0,Mixed,1
192,162,72,0.36,27.4,23.9,3.6,2,0,0,Mixed,0
189,172,74,0.64,23.2,18.0,3.2,4,1,0,HIIT,1
160,137,65,0.73,25.5,21.8,4.8,4,2,1,Mixed,2
204,184,72,0.84,19.1,18.0,3.4,3,1,0,HIIT,1
180,151,64,0.81,23.8,33.2,4.3,5,1,1,Mixed,1
169,154,68,0.82,20.9,22.6,3.6,5,2,1,HIIT,2
177,136,60,0.81,17.8,23.2,2.8,6,2,1,Cardio,2
201,163,74,1.11,13.1,23.8,4.3,5,2,1,Strength,2
192,132,59,1.25,16.9,19.5,4.2,5,3,1,Yoga,3
191,159,63,1.01,21.6,28.2,4.3,6,2,1,Mixed,2
190,155,74,0.72,15.3,26.6,3.1,3,1,0,Strength,1
181,155,75,0.82,24.2,27.7,3.9,2,0,0,Mixed,0
188,171,79,0.48,23.0,19.1,3.4,3,0,0,HIIT,0
160,137,69,0.71,15.2,28.5,4.3,5,1,1,Mixed,1
187,151,69,0.74,8.8,28.1,3.0,5,2,1,Strength,2
168,140,75,0.82,28.1,23.1,3.6,3,0,0,Strength,0
180,152,69,1.2,16.8,27.6,4.4,5,2,1,Mixed,2
171,126,71,1.07,10.5,25.1,4.1,7,2,1,Yoga,2
184,129,62,0.9,17.5,18.0,4.6,4,1,1,Yoga,1
189,148,72,0.58,26.4,23.3,2.6,3,1,0,Cardio,1
205,163,84,0.27,30.1,22.1,2.4,2,0,0,Cardio,0
172,139,78,0.59,30.0,24.3,3.4,2,0,0,Cardio,0
198,181,85,1.06,28.0,28.1,4.0,2,0,0,HIIT,0
190,132,60,0.97,16.8,18.0,3.8,5,2,1,Yoga,2
175,139,71,0.5,25.2,22.2,2.8,4,1,0,Cardio,1
176,132,77,1.18,27.2,20.7,4.3,3,0,0,Yoga,0
183,155,72,0.76,25.2,20.9,4.1,3,0,0,Mixed,0
161,137,64,0.73,27.2,20.7,4.4,4,1,0,Mixed,1
194,164,76,0.87,23.8,24.3,4.4,7,2,1,Mixed,2
195,158,71,1.01,19.1,26.1,4.0,6,2,1,Strength,2
172,130,78,0.31,19.1,25.4,3.0,2,0,0,Yoga,0
179,149,60,1.32,15.9,24.7,5.2,7,3,1,Mixed,3
191,149,71,0.7,22.8,26.5,2.7,3,1,0,Cardio,1
201,170,78,0.84,29.8,33.5,4.2,3,0,0,Mixed,0
187,137,77,0.85,19.7,24.5,3.9,5,1,0,Yoga,1
199,179,71,0.27,25.2,28.1,2.3,2,0,0,HIIT,0
204,171,71,0.57,28.7,27.9,3.8,5,1,0,Mixed,1
185,148,63,0.79,14.5,31.1,3.8,5,2,1,Strength,2
180,146,65,0.25,13.7,26.2,2.6,5,1,0,Strength,1
163,115,57,1.06,9.0,20.6,3.7,7,3,1,Yoga,3
172,127,71,0.99,26.0,25.2,3.7,4,1,0,Yoga,1
191,145,59,1.39,8.0,25.0,3.8,7,3,1,Cardio,3
169,133,65,1.01,21.3,27.3,3.8,4,2,1,Cardio,2
190,157,79,0.89,34.2,20.5,3.2,3,0,0,Strength,0
195,166,81,0.49,29.7,29.1,3.7,3,0,0,Mixed,0
186,149,78,0.82,25.4,24.0,3.1,5,2,0,Cardio,2
164,133,74,0.48,26.0,27.4,2.5,3,1,0,Cardio,1
197,153,72,1.02,24.9,25.2,3.1,3,0,0,Cardio,0
198,152,66,1.01,16.8,24.5,3.1,7,3,1,Cardio,3
172,132,58,1.05,15.8,24.9,3.4,6,3,1,Cardio,3
201,166,62,1.14,16.6,26.7,4.6,4,2,1,Mixed,2
164,149,68,0.98,18.2,31.8,3.8,7,2,1,HIIT,2
204,161,82,0.25,30.4,18.0,2.9,2,0,0,Cardio,0
172,127,72,0.72,23.3,26.2,3.9,3,0,0,Yoga,0
196,177,67,0.92,21.4,24.2,3.6,6,2,1,HIIT,2
179,147,72,0.99,23.7,23.3,4.3,4,1,0,Strength,1
182,154,70,0.34,30.7,18.0,3.2,2,0,0,Mixed,0
200,150,58,0.98,18.7,26.3,3.2,6,2,1,Cardio,2
176,142,63,0.61,22.6,23.5,3.1,5,1,0,Strength,1
193,174,71,0.99,17.3,20.7,3.7,6,2,1,HIIT,2
166,151,68,0.68,26.6,24.2,3.2,4,1,0,HIIT,1
186,157,72,0.54,25.2,22.8,4.2,3,0,0,Mixed,0
186,158,72,0.8,20.9,18.0,4.1,3,1,0,Mixed,1
166,133,72,0.88,23.9,24.4,2.8,5,2,0,Cardio,2
195,138,69,0.78,26.7,26.3,4.1,2,0,0,Yoga,0
186,153,55,1.2,12.1,21.8,4.9,7,3,1,Mixed,3
203,185,82,0.39,25.4,25.0,2.9,2,0,0,HIIT,0
193,157,73,0.86,24.6,24.4,3.4,4,1,0,Strength,1
190,153,65,0.84,16.1,28.2,3.5,4,1,1,Strength,1
190,155,73,0.68,23.5,23.6,3.4,3,0,0,Strength,0
166,140,65,1.09,14.4,27.2,3.9,5,1,1,Mixed,1
184,144,68,0.98,17.7,22.7,2.8,7,2,1,Cardio,2
195,177,70,1.15,16.5,31.9,3.8,7,2,1,HIIT,2
194,162,63,0.98,19.9,22.3,4.8,5,3,1,Mixed,3
167,141,61,1.35,17.2,21.3,4.7,7,3,1,Mixed,3
159,116,62,0.88,16.7,23.6,3.6,5,3,1,Yoga,3
196,157,66,0.44,21.3,21.1,3.3,3,1,0,Strength,1
169,154,68,0.48,20.7,19.0,2.5,5,1,0,HIIT,1
165,138,75,0.25,28.6,26.9,2.6,2,0,0,Strength,0
179,142,74,1.0,31.6,18.0,3.3,2,0,0,Cardio,0
166,134,75,0.59,24.1,21.1,2.6,2,0,0,Cardio,0
180,149,57,0.77,23.9,18.6,4.0,4,2,1,Mixed,2
165,131,69,0.89,16.0,24.6,3.0,4,2,1,Cardio,2
189,171,70,0.89,24.7,18.0,3.6,2,0,0,HIIT,0
205,168,55,1.18,12.9,26.2,4.9,7,3,1,Mixed,3
161,147,66,0.89,31.2,26.6,3.1,4,1,0,HIIT,1
157,132,74,0.46,22.4,18.0,2.9,3,0,0,Strength,0
177,145,85,0.25,31.2,24.8,2.1,3,0,0,Cardio,0
198,154,73,0.57,23.2,26.1,2.9,2,0,0,Cardio,0
173,149,76,0.57,24.9,27.8,3.6,3,0,0,Mixed,0
187,149,62,1.53,12.5,18.1,4.1,7,3,1,Strength,3
173,132,57,0.73,15.8,18.0,2.8,4,2,1,Cardio,2
178,142,74,0.62,21.3,30.0,2.5,2,0,0,Cardio,0
192,174,74,0.7,24.8,20.7,3.2,2,0,0,HIIT,0
193,150,70,0.86,16.6,21.9,3.0,3,1,0,Cardio,1
196,163,62,1.16,12.5,26.5,4.8,7,3,1,Mixed,3
188,172,79,0.52,21.5,19.3,3.4,3,0,0,HIIT,0
185,167,66,0.75,25.0,22.9,3.5,3,1,0,HIIT,1
166,140,62,1.06,19.1,27.6,4.4,7,3,1,Mixed,3
174,146,61,0.89,23.2,18.3,3.9,4,2,1,Mixed,2
152,123,55,1.21,12.5,22.0,4.1,5,3,1,Strength,3
205,175,84,0.74,28.6,19.5,4.3,3,0,0,Mixed,0
195,154,56,0.63,16.0,20.9,3.0,4,2,1,Strength,2
183,133,72,0.72,32.3,28.7,4.0,2,0,0,Yoga,0
175,129,71,0.81,21.2,29.6,3.8,4,1,0,Yoga,1
181,143,72,0.62,31.7,25.0,3.2,3,0,0,Cardio,0
192,135,66,0.55,22.1,26.1,3.4,6,2,1,Yoga,2
159,146,68,0.81,19.7,26.0,4.0,2,0,0,HIIT,0
179,160,56,1.09,18.6,21.3,4.2,6,2,1,HIIT,2
163,127,61,1.01,23.2,25.0,3.4,4,2,1,Cardio,2
201,138,61,1.11,8.0,18.8,4.1,6,3,1,Yoga,3
184,130,64,0.67,18.7,20.2,3.7,7,2,1,Yoga,2
194,176,73,0.85,26.2,23.7,3.2,5,1,0,HIIT,1
168,135,58,0.95,16.6,19.8,3.4,7,2,1,Strength,2
185,145,72,0.43,28.0,18.9,2.2,2,0,0,Cardio,0
181,140,65,1.13,19.4,21.2,3.6,5,2,1,Cardio,2
192,159,60,1.22,26.8,28.6,4.3,7,2,1,Mixed,2
182,154,71,0.75,15.1,30.2,3.8,3,1,0,Mixed,1
170,120,59,0.98,17.6,23.9,4.2,7,3,1,Yoga,3
187,147,72,0.93,25.8,26.3,2.6,5,1,0,Cardio,1
171,147,76,0.43,23.3,21.7,3.6,2,0,0,Mixed,0
186,156,66,0.41,29.6,18.0,3.7,3,0,0,Mixed,0
189,151,82,0.66,26.3,20.4,3.5,2,0,0,Cardio,0
173,135,64,0.71,29.7,22.8,3.2,3,0,0,Cardio,0
167,137,67,0.9,32.4,24.6,3.6,2,0,0,Strength,0
176,144,70,0.65,20.3,23.6,2.9,4,1,0,Strength,1
187,169,66,1.13,13.3,22.9,3.9,5,2,1,HIIT,2
168,154,74,0.58,24.2,21.7,2.6,2,0,0,HIIT,0
174,142,67,0.54,29.7,25.4,3.0,5,1,0,Strength,1
163,123,75,0.62,32.2,18.5,3.9,3,0,0,Yoga,0
173,140,63,1.14,15.9,27.2,3.7,7,3,1,Strength,3
173,138,55,0.94,8.0,21.7,3.5,7,3,1,Strength,3
180,145,64,0.9,18.8,32.3,4.1,5,1,1,Strength,1
174,123,61,1.08,25.9,22.7,4.7,6,2,1,Yoga,2
177,132,77,1.05,29.7,22.1,3.7,4,1,0,Yoga,1
180,165,77,0.58,25.0,21.7,2.3,3,0,0,HIIT,0
167,145,78,0.35,24.3,22.1,4.1,3,0,0,Mixed,0
179,131,73,1.34,19.2,26.4,3.9,5,2,1,Yoga,2
164,132,74,1.08,26.5,23.8,3.1,3,1,0,Cardio,1
186,148,61,1.05,10.3,27.9,4.3,7,3,1,Strength,3
168,138,68,0.96,18.9,25.9,3.5,7,3,1,Strength,3
160,128,70,0.55,20.9,24.1,2.6,2,0,0,Cardio,0
173,142,69,0.66,21.3,25.5,3.3,5,1,0,Strength,1
175,160,76,0.57,22.6,28.8,3.1,3,1,0,HIIT,1
188,155,55,0.86,15.5,26.6,4.5,5,3,1,Mixed,3
204,154,61,0.74,13.8,25.1,3.2,5,2,1,Cardio,2
191,174,74,0.25,21.5,25.7,2.3,4,1,0,HIIT,1
194,175,66,0.9,16.1,19.4,3.0,6,2,1,HIIT,2
186,169,73,0.71,27.4,34.3,2.9,3,1,0,HIIT,1
192,158,55,1.3,15.9,26.1,4.3,7,3,1,Mixed,3
183,166,71,0.49,29.5,26.5,2.8,3,0,0,HIIT,0
188,138,78,0.59,22.8,23.9,3.4,3,0,0,Yoga,0
196,163,65,0.69,21.0,18.0,3.7,3,1,0,Mixed,1
201,146,79,0.6,24.1,22.9,4.2,2,0,0,Yoga,0
191,173,71,0.96,24.5,24.3,3.7,3,1,0,HIIT,1
177,150,69,0.59,28.8,20.7,3.7,2,0,0,Mixed,0
190,137,72,0.65,15.7,20.7,3.8,3,1,0,Yoga,1
198,144,79,0.61,27.7,22.6,3.6,3,0,0,Yoga,0
193,158,77,0.52,28.0,27.1,3.2,3,0,0,Strength,0
184,150,73,0.75,26.4,29.0,3.4,4,1,0,Strength,1
194,152,55,1.08,20.4,24.7,3.8,5,3,1,Strength,3
162,141,76,1.15,16.4,21.7,4.0,5,2,1,Mixed,2
158,125,85,0.9,22.6,22.6,3.6,2,0,0,Yoga,0
201,157,77,0.69,17.1,24.4,2.5,3,1,0,Cardio,1
162,137,61,1.15,9.6,24.9,4.7,7,3,1,Mixed,3
183,166,68,0.83,26.2,25.7,3.2,4,1,0,HIIT,1
177,139,68,0.94,19.2,22.2,2.7,3,1,0,Cardio,1
196,176,64,1.26,21.4,26.1,4.0,7,3,1,HIIT,3
190,163,80,0.7,24.9,25.8,4.1,3,0,0,Mixed,0
187,149,62,1.16,23.3,22.4,3.8,6,2,1,Strength,2
168,145,75,0.56,25.8,18.0,4.1,2,0,0,Mixed,0
168,152,66,1.3,20.2,20.5,4.1,7,3,1,HIIT,3
168,140,74,0.64,25.7,30.3,3.0,3,0,0,Strength,0
191,159,61,1.1,16.0,18.0,4.4,7,3,1,Mixed,3
163,135,72,1.2,28.2,29.3,4.5,7,2,1,Strength,2
166,145,81,0.56,25.4,18.0,4.5,2,0,0,Mixed,0
169,124,69,0.84,13.8,20.9,4.0,6,2,1,Yoga,2
193,172,55,1.31,10.8,22.5,3.9,7,3,1,HIIT,3
190,136,70,0.72,22.3,31.1,3.8,3,0,0,Yoga,0
161,145,56,1.18,13.7,24.1,4.0,5,3,1,HIIT,3
166,121,67,0.68,23.0,23.1,3.4,3,1,0,Yoga,1
185,158,76,0.28,18.9,20.3,3.5,3,0,0,Mixed,0
188,160,75,0.46,31.7,26.1,3.7,3,0,0,Mixed,0
165,149,59,1.21,9.1,21.9,4.2,5,3,1,HIIT,3
180,162,59,1.01,13.0,23.1,3.7,7,3,1,HIIT,3
191,157,56,1.7,10.4,22.6,5.1,6,3,1,Mixed,3
178,129,68,0.75,27.5,26.9,4.0,5,1,0,Yoga,1
203,171,72,0.93,16.5,27.0,4.6,6,3,1,Mixed,3
197,160,73,0.89,19.9,20.4,3.5,3,1,0,Strength,1
163,150,75,0.87,28.0,21.5,3.8,2,0,0,HIIT,0
193,155,67,0.84,24.1,21.1,3.8,3,0,0,Strength,0
191,171,55,1.33,12.7,24.7,4.3,7,3,1,HIIT,3
167,133,70,1.01,17.6,27.6,3.4,5,1,1,Cardio,1
173,150,82,0.41,29.5,24.8,3.4,3,0,0,Mixed,0
165,151,71,1.34,26.1,18.0,3.7,3,1,0,HIIT,1
165,137,71,0.81,26.0,27.0,3.6,4,1,0,Strength,1
174,160,81,0.6,31.6,18.6,2.7,3,0,0,HIIT,0
179,152,70,0.64,14.6,21.1,3.6,3,0,0,Mixed,0
179,135,82,0.56,28.3,24.8,4.2,2,0,0,Yoga,0
171,127,73,0.82,27.1,23.7,3.9,3,0,0,Yoga,0
199,167,71,1.01,14.9,27.5,4.8,6,2,1,Mixed,2
173,160,83,0.44,27.2,21.6,3.4,2,0,0,HIIT,0
170,139,65,0.34,25.6,20.1,2.7,3,1,0,Strength,1
184,166,65,0.74,16.4,22.8,3.4,6,2,1,HIIT,2
205,146,74,0.86,16.5,27.9,4.1,5,1,1,Yoga,1
193,157,74,0.61,25.6,26.5,3.0,2,0,0,Strength,0
181,147,69,0.8,24.1,24.3,4.0,5,1,0,Strength,1
183,149,68,0.84,18.3,29.3,3.6,5,1,1,Strength,1
202,168,66,0.61,27.7,28.6,4.5,2,0,0,Mixed,0
204,159,75,1.15,24.2,27.2,3.0,5,1,0,Cardio,1
161,118,65,0.6,18.0,19.3,3.9,5,1,1,Yoga,1
166,135,64,0.71,21.8,27.1,2.4,3,0,0,Strength,0
167,138,70,1.57,21.8,23.2,4.3,5,2,1,Strength,2
194,165,77,0.67,24.9,22.4,4.1,3,0,0,Mixed,0
205,170,63,0.83,23.7,21.3,4.1,4,1,0,Mixed,1
170,155,70,1.36,19.4,23.3,4.5,7,2,1,HIIT,2
161,128,68,1.22,16.7,21.5,3.8,5,2,1,Cardio,2
181,148,70,0.82,16.4,24.7,3.5,5,1,1,Strength,1
186,143,63,0.75,27.0,23.3,3.3,7,2,1,Cardio,2
204,169,64,0.95,21.3,24.9,3.6,5,2,1,Mixed,2
168,154,71,0.97,22.3,26.2,3.5,3,1,0,HIIT,1
192,144,56,1.28,20.0,22.8,3.3,5,3,1,Cardio,3
172,144,81,0.57,24.4,21.1,3.6,2,0,0,Strength,0
170,156,73,1.0,25.6,18.0,3.3,4,1,0,HIIT,1
189,151,64,1.01,22.2,27.1,3.5,4,2,1,Strength,2
200,161,69,1.0,10.4,24.3,3.7,7,3,1,Strength,3
198,155,73,0.4,21.1,23.3,3.1,3,0,0,Cardio,0
188,138,78,0.86,18.4,28.7,4.1,5,1,0,Yoga,1
203,146,76,0.82,24.7,18.8,4.2,3,0,0,Yoga,0
173,143,74,0.59,31.5,24.2,3.1,5,1,0,Strength,1
190,149,73,0.61,16.2,20.1,2.3,3,0,0,Cardio,0
177,141,56,1.0,23.5,26.6,3.2,5,2,1,Strength,2
197,179,77,0.9,27.1,18.0,3.2,3,0,0,HIIT,0
202,169,69,0.41,31.4,27.2,4.0,3,0,0,Mixed,0
190,160,67,0.79,23.4,27.1,4.2,5,1,0,Mixed,1
165,123,70,0.67,19.8,20.3,3.8,3,1,0,Yoga,1
161,139,72,0.48,36.6,24.3,3.8,2,0,0,Mixed,0
190,138,75,0.59,23.9,20.4,3.6,2,0,0,Yoga,0
169,120,61,1.54,15.3,25.7,4.8,7,3,1,Yoga,3
179,162,63,0.93,23.1,27.3,3.5,4,1,0,HIIT,1
171,157,76,0.26,29.5,20.0,2.9,3,0,0,HIIT,0
174,128,72,0.55,32.0,18.8,3.7,3,0,0,Yoga,0
201,168,70,0.55,24.8,28.4,4.3,3,0,0,Mixed,0
183,152,60,1.1,18.9,31.8,4.8,5,1,1,Mixed,1
169,118,55,1.12,12.7,26.0,4.5,7,3,1,Yoga,3
203,162,65,0.9,16.2,26.3,3.5,7,2,1,Strength,2
195,157,70,0.64,23.3,22.7,3.1,4,1,0,Strength,1
201,181,68,1.22,18.9,24.7,3.2,6,2,1,HIIT,2
198,180,74,0.9,26.7,25.4,3.6,4,2,0,HIIT,2
175,150,77,1.04,29.7,23.3,4.5,3,1,0,Mixed,1
182,155,75,1.01,26.0,29.4,4.5,3,1,0,Mixed,1
198,169,81,0.49,22.6,24.7,3.2,3,0,0,Mixed,0
204,146,76,0.4,24.0,25.2,3.2,2,0,0,Yoga,0
179,163,76,0.42,29.2,23.4,3.0,3,0,0,HIIT,0
179,163,73,1.08,23.4,23.8,3.8,4,2,1,HIIT,2
166,137,71,0.99,21.5,28.9,3.5,5,1,1,Strength,1
168,136,76,0.75,31.9,24.6,3.3,3,0,0,Cardio,0
203,185,81,0.58,26.1,24.7,2.9,3,0,0,HIIT,0
176,160,69,0.47,21.9,24.7,2.6,4,1,0,HIIT,1
194,149,64,0.85,20.9,22.5,2.7,6,2,1,Cardio,2
181,138,58,1.05,24.2,18.4,3.4,4,2,1,Cardio,2
166,130,63,0.73,16.2,30.3,2.6,6,2,1,Cardio,2
199,179,63,0.94,10.8,28.3,3.6,4,2,1,HIIT,2
167,142,69,0.93,22.7,29.0,4.6,4,1,1,Mixed,1
178,161,64,1.18,14.8,19.7,4.1,7,3,1,HIIT,3
190,134,65,0.79,18.3,29.8,4.0,3,1,0,Yoga,1
175,147,82,0.83,21.7,31.9,3.3,2,0,0,Strength,0
200,137,60,0.52,20.8,28.2,3.4,3,1,0,Yoga,1
154,128,78,0.64,24.6,30.6,2.7,3,0,0,Cardio,0
175,160,74,0.91,20.0,27.2,3.3,3,1,0,HIIT,1
173,157,68,0.78,23.8,20.6,3.2,5,2,0,HIIT,2
181,148,70,1.18,16.4,26.0,4.5,5,2,1,Strength,2
173,143,74,0.53,28.9,19.9,3.5,3,0,0,Strength,0
168,142,81,0.68,32.2,21.6,3.5,3,0,0,Strength,0
184,149,67,0.88,23.1,25.3,3.8,5,1,1,Strength,1
171,126,72,0.8,27.9,24.7,3.8,2,0,0,Yoga,0
179,132,75,0.93,22.5,25.9,4.2,7,2,1,Yoga,2
190,156,76,0.85,28.3,18.0,3.9,3,0,0,Strength,0
205,163,65,0.95,12.0,23.4,3.4,7,3,1,Strength,3
188,136,72,1.0,28.4,26.2,4.1,4,1,0,Yoga,1
173,159,79,0.5,23.6,27.0,2.4,3,0,0,HIIT,0
164,147,55,1.12,15.5,27.3,4.1,4,2,1,HIIT,2
176,150,72,0.76,23.6,25.0,4.3,5,1,0,Mixed,1
175,160,75,0.7,21.2,22.5,3.1,2,0,0,HIIT,0
170,155,70,1.19,20.1,26.0,3.8,6,2,1,HIIT,2
159,136,66,0.87,16.7,22.8,4.3,3,1,1,Mixed,1
165,144,81,0.5,25.1,27.6,3.9,2,0,0,Mixed,0
158,113,59,1.1,20.0,25.7,3.7,4,2,1,Yoga,2
181,149,73,0.67,31.7,23.8,3.8,3,0,0,Strength,0
194,131,55,1.16,10.8,20.9,4.8,7,3,1,Yoga,3
205,163,65,0.35,22.3,28.5,2.6,4,1,0,Strength,1
190,171,65,1.06,23.4,26.2,3.4,5,2,1,HIIT,2
176,146,77,0.65,25.1,32.4,3.7,4,1,0,Strength,1
197,167,75,0.67,18.9,26.1,3.6,2,0,0,Mixed,0
174,145,59,1.3,14.5,26.4,5.5,5,2,1,Mixed,2
176,143,64,0.95,29.3,18.1,4.3,2,0,0,Strength,0
172,141,68,0.98,20.6,25.2,4.3,4,2,1,Strength,2
184,150,72,0.84,29.3,22.7,4.0,3,0,0,Strength,0
195,176,72,0.7,32.8,27.3,3.2,2,0,0,HIIT,0
166,152,75,1.0,25.2,25.3,3.0,4,1,0,HIIT,1
199,179,64,0.8,15.9,27.9,3.8,7,2,1,HIIT,2
195,176,69,0.89,26.0,32.5,3.2,5,1,0,HIIT,1
178,142,76,0.52,29.0,20.8,2.4,3,0,0,Cardio,0
196,153,72,1.16,20.3,27.8,3.2,6,2,1,Cardio,2
196,140,71,1.03,22.6,26.7,3.4,3,1,0,Yoga,1
179,143,59,0.59,18.9,31.9,3.7,4,1,1,Strength,1
188,170,66,0.62,23.5,26.8,3.1,4,1,0,HIIT,1
193,175,69,0.77,23.4,26.4,3.1,3,1,0,HIIT,1
195,165,74,1.0,16.3,27.4,4.5,4,1,1,Mixed,1
201,155,69,0.53,25.3,27.7,2.9,2,0,0,Cardio,0
185,167,66,1.02,13.9,29.8,3.6,6,2,1,HIIT,2
160,132,65,0.76,12.3,20.7,3.5,5,2,1,Strength,2
168,143,70,1.04,19.4,22.4,4.4,7,2,1,Mixed,2
180,130,70,0.28,22.3,30.9,2.8,3,0,0,Yoga,0
180,129,66,1.03,22.3,18.0,3.3,5,2,1,Yoga,2
186,150,83,0.87,25.6,23.7,2.5,3,0,0,Cardio,0
166,137,69,1.33,16.4,24.6,4.1,4,2,1,Strength,2
171,143,78,0.39,23.5,23.3,2.5,3,0,0,Strength,0
205,146,73,0.51,27.1,30.3,3.9,3,0,0,Yoga,0
179,161,61,1.14,11.9,25.9,4.6,5,3,1,HIIT,3
178,162,74,0.63,24.7,22.5,3.0,2,0,0,HIIT,0
182,153,69,1.11,18.3,21.5,4.2,4,2,1,Mixed,2
153,134,78,0.94,30.2,25.1,4.5,2,0,0,Mixed,0
205,162,62,1.15,18.2,28.7,4.1,5,2,1,Strength,2
175,143,84,0.63,33.8,24.6,2.9,2,0,0,Cardio,0
197,178,76,1.11,18.0,23.5,3.6,5,1,0,HIIT,1
178,162,71,0.43,25.1,21.2,2.4,2,0,0,HIIT,0
190,144,58,1.13,14.2,25.5,3.0,7,3,1,Cardio,3
163,149,69,1.19,23.5,25.3,3.5,4,1,0,HIIT,1
201,183,79,0.31,26.4,21.1,3.0,2,0,0,HIIT,0
192,148,66,0.84,17.7,28.1,2.7,4,1,0,Cardio,1
174,136,67,0.82,22.0,30.8,3.2,5,1,0,Cardio,1
183,153,64,1.32,8.0,24.2,4.7,7,3,1,Mixed,3
179,152,73,0.47,23.9,25.2,3.7,4,1,0,Mixed,1
175,135,60,0.45,24.7,19.6,2.4,4,1,0,Cardio,1
162,131,73,0.89,19.9,26.9,2.9,3,1,0,Cardio,1
194,152,55,1.28,10.4,25.9,3.8,5,3,1,Strength,3
184,131,67,0.6,20.4,22.7,3.4,3,1,0,Yoga,1
183,129,63,1.28,25.2,21.0,4.9,7,2,1,Yoga,2
157,124,63,1.39,14.0,31.4,3.4,7,2,1,Cardio,2
202,166,57,1.05,16.2,25.5,5.1,6,3,1,Mixed,3
174,157,60,1.2,21.9,20.3,3.6,7,2,1,HIIT,2
174,141,63,1.28,15.0,27.4,4.1,5,3,1,Strength,3
195,163,67,0.59,23.2,24.9,3.8,2,0,0,Mixed,0
205,165,72,0.62,21.4,24.2,3.4,3,0,0,Strength,0
202,171,79,0.29,20.6,27.9,3.9,3,0,0,Mixed,0
189,170,62,1.38,14.7,18.0,3.5,7,3,1,HIIT,3
178,136,58,0.95,11.7,18.0,2.6,7,2,1,Cardio,2
164,115,55,1.46,12.9,29.5,4.4,6,2,1,Yoga,2
194,151,70,0.25,25.5,23.5,1.7,2,0,0,Cardio,0
194,162,64,0.7,27.0,22.3,3.9,2,0,0,Mixed,0
193,161,65,0.77,12.5,18.6,3.1,4,2,1,Mixed,2
191,155,73,0.55,26.5,24.8,3.0,3,0,0,Strength,0
180,163,68,0.57,19.2,25.3,3.2,3,1,0,HIIT,1
167,124,73,0.67,27.7,29.8,3.2,4,1,0,Yoga,1
191,158,79,0.53,26.2,25.5,3.1,2,0,0,Strength,0
173,156,61,1.28,15.7,22.8,3.5,7,3,1,HIIT,3
183,167,74,0.69,20.0,25.6,2.9,3,0,0,HIIT,0
183,138,56,1.04,17.2,28.4,2.9,7,3,1,Cardio,3
189,147,68,0.79,27.6,27.6,3.1,3,1,0,Cardio,1
174,160,76,0.87,32.1,26.5,4.1,3,0,0,HIIT,0
184,133,70,1.04,18.6,25.1,3.5,6,2,1,Yoga,2
173,121,58,1.23,19.3,21.7,4.3,7,2,1,Yoga,2
199,164,59,1.21,19.1,19.9,5.2,6,2,1,Mixed,2
188,158,70,0.77,20.5,19.2,4.3,3,1,0,Mixed,1
165,132,55,0.81,23.4,25.6,3.4,4,2,1,Strength,2
185,166,61,1.41,10.8,26.0,3.3,7,3,1,HIIT,3
190,141,80,0.6,20.6,28.4,4.2,3,0,0,Yoga,0
187,161,85,0.53,24.3,26.2,4.1,2,0,0,Mixed,0
165,143,75,0.58,30.4,28.2,4.0,2,0,0,Mixed,0
182,153,64,0.96,19.5,23.5,4.2,7,3,1,Mixed,3
198,166,70,1.27,26.7,27.1,4.3,5,1,1,Mixed,1
179,136,83,0.53,25.7,20.0,4.0,2,0,0,Yoga,0
188,170,73,0.61,36.2,23.8,2.7,3,0,0,HIIT,0
183,150,72,0.56,20.9,18.0,3.6,5,1,0,Strength,1
182,148,68,0.74,15.4,24.1,3.2,4,2,1,Strength,2
193,161,67,1.11,18.0,28.9,4.7,5,2,1,Mixed,2
156,126,56,1.03,13.4,24.3,4.1,7,3,1,Strength,3
180,150,58,1.17,23.9,26.9,5.1,5,2,1,Mixed,2
179,134,80,0.87,33.5,25.1,3.9,2,0,0,Yoga,0
188,169,66,0.93,17.5,21.7,3.4,6,2,1,HIIT,2
166,132,70,0.86,22.6,23.3,2.7,5,1,0,Cardio,1
196,139,69,1.02,23.7,28.7,4.7,7,2,1,Yoga,2
173,143,74,1.11,20.4,26.9,4.1,5,1,1,Strength,1
189,148,72,0.65,16.2,21.5,2.7,4,1,0,Cardio,1
180,149,78,0.25,26.8,18.5,3.0,2,0,0,Strength,0
187,129,57,1.19,8.6,24.8,4.2,7,3,1,Yoga,3
177,146,73,0.83,25.8,21.7,3.4,3,1,0,Strength,1
183,147,62,0.75,24.9,23.3,3.4,4,1,0,Strength,1
177,162,75,0.64,23.0,18.2,3.2,3,0,0,HIIT,0
173,143,74,0.57,21.5,28.2,3.3,4,1,0,Strength,1
177,123,56,1.13,15.9,23.6,4.3,7,3,1,Yoga,3
185,152,76,0.62,32.5,24.2,3.8,2,0,0,Strength,0
180,165,77,0.68,25.8,20.7,3.5,2,0,0,HIIT,0
165,151,71,0.9,19.4,22.9,3.4,3,0,0,HIIT,0
175,146,76,0.43,26.7,24.5,2.8,5,1,0,Strength,1
162,122,72,0.66,21.2,21.5,3.9,4,1,0,Yoga,1
175,159,67,0.71,31.6,23.1,3.2,2,0,0,HIIT,0
187,169,65,1.1,18.9,29.5,4.4,7,2,1,HIIT,2
168,153,67,1.36,16.3,18.0,4.2,5,3,1,HIIT,3
205,166,75,0.74,27.5,24.7,3.2,3,0,0,Strength,0
190,171,62,0.85,22.9,20.9,3.8,7,2,1,HIIT,2
196,158,67,0.81,26.2,29.3,3.7,5,1,0,Strength,1
185,152,74,0.61,21.9,23.3,3.6,3,0,0,Strength,0
201,160,64,0.64,25.2,19.8,4.1,5,1,0,Strength,1
193,160,82,0.79,33.7,23.1,3.6,3,0,0,Strength,0
171,125,70,0.6,13.6,25.4,3.4,5,2,1,Yoga,2
201,171,80,0.41,28.6,35.0,3.8,2,0,0,Mixed,0
192,134,62,0.94,23.1,18.0,4.5,5,1,1,Yoga,1
173,144,76,0.41,34.3,19.2,2.8,2,0,0,Strength,0
190,146,65,1.38,12.1,29.2,3.7,7,3,1,Cardio,3
185,149,65,0.62,27.0,18.0,3.3,4,1,0,Strength,1
171,134,65,1.05,15.4,24.0,3.0,6,2,1,Cardio,2
193,145,55,1.03,10.1,22.1,3.0,7,3,1,Cardio,3
168,141,79,0.46,33.0,21.4,3.5,3,0,0,Strength,0
165,138,59,1.27,8.3,23.3,4.6,7,3,1,Mixed,3
182,147,65,0.87,15.9,22.7,3.7,5,2,1,Strength,2
201,162,69,0.3,27.3,28.2,3.1,3,0,0,Strength,0
186,155,83,0.86,24.9,29.3,3.1,2,0,0,Strength,0
196,150,65,0.54,11.1,25.7,2.8,4,2,1,Cardio,2
201,169,74,0.91,13.6,23.1,3.9,4,1,0,Mixed,1
197,165,72,0.76,21.2,25.0,3.9,4,1,0,Mixed,1
186,167,55,1.37,22.0,27.2,4.3,5,3,1,HIIT,3
205,160,55,0.92,16.0,28.0,4.0,7,3,1,Strength,3
177,146,74,0.78,25.7,25.5,3.2,2,0,0,Strength,0
184,151,76,0.37,21.7,30.1,2.7,3,1,0,Strength,1
184,126,55,1.21,21.9,21.5,4.6,7,3,1,Yoga,3
196,160,75,0.74,19.0,28.6,3.2,4,2,0,Strength,2
182,154,69,0.78,16.4,26.8,4.4,7,2,1,Mixed,2
163,132,76,0.62,25.1,21.6,2.4,2,0,0,Cardio,0
175,143,69,0.46,28.6,24.9,3.4,3,1,0,Strength,1
181,149,74,0.88,18.5,25.2,3.8,4,1,0,Strength,1
193,156,69,0.63,22.9,23.4,3.7,3,0,0,Strength,0
198,178,67,0.98,20.3,23.4,3.2,5,2,1,HIIT,2
159,146,77,0.31,27.0,18.0,2.2,3,0,0,HIIT,0
159,123,79,0.88,26.4,21.2,4.0,3,1,0,Yoga,1
185,144,68,1.18,28.4,23.0,3.6,4,1,0,Cardio,1
180,149,75,0.72,32.5,21.7,3.0,3,0,0,Strength,0
205,158,70,1.09,23.4,20.6,3.4,4,1,0,Cardio,1
197,159,72,0.93,23.4,28.2,4.0,3,0,0,Strength,0
164,135,82,0.25,24.7,23.6,2.2,2,0,0,Cardio,0
196,152,70,0.62,27.7,32.7,3.3,2,0,0,Cardio,0
162,147,62,0.59,19.6,24.9,3.1,3,1,0,HIIT,1
159,146,76,0.75,26.3,28.2,3.5,3,0,0,HIIT,0
198,160,71,0.25,21.9,23.2,2.8,3,0,0,Strength,0
163,128,61,1.51,16.0,21.4,3.4,7,3,1,Cardio,3
182,145,78,0.31,20.7,25.1,2.1,3,0,0,Cardio,0
156,135,71,0.91,30.9,29.2,4.6,3,1,0,Mixed,1
169,136,75,0.74,20.2,23.6,3.1,2,0,0,Cardio,0
193,159,55,1.2,21.4,25.8,4.6,6,3,1,Mixed,3
192,151,73,0.59,25.3,25.0,2.2,4,1,0,Cardio,1
192,140,76,0.6,28.7,23.6,3.5,3,0,0,Yoga,0
167,139,74,1.41,16.6,23.8,3.9,7,2,1,Strength,2
160,146,71,1.06,15.9,20.0,3.9,7,2,1,HIIT,2
189,129,55,1.5,15.8,24.0,4.8,7,3,1,Yoga,3
193,163,70,1.15,14.3,26.6,4.4,6,2,1,Mixed,2
183,143,69,0.75,24.1,25.2,2.2,3,0,0,Cardio,0
202,163,74,0.67,20.8,24.7,3.4,3,1,0,Strength,1
169,137,77,0.69,28.9,26.9,2.6,3,1,0,Cardio,1
198,161,74,1.38,9.7,24.8,4.4,7,2,1,Strength,2
176,160,68,0.78,29.1,24.1,3.7,3,1,0,HIIT,1
177,161,69,1.05,26.1,26.9,3.6,6,2,1,HIIT,2
187,155,80,0.95,28.6,24.5,4.0,3,0,0,Strength,0
182,144,72,1.04,17.2,23.1,3.9,3,1,0,Cardio,1
197,163,62,0.91,29.1,25.9,4.5,3,1,0,Mixed,1
184,129,61,1.2,19.8,23.9,4.1,5,3,1,Yoga,3
194,165,78,0.83,25.8,22.9,4.4,2,0,0,Mixed,0
185,167,65,1.1,24.0,24.6,3.7,7,2,1,HIIT,2
184,167,71,0.42,28.6,24.7,2.6,3,0,0,HIIT,0
165,133,74,0.49,26.2,19.6,2.7,2,0,0,Cardio,0
173,131,80,0.48,31.6,25.3,3.9,3,0,0,Yoga,0
181,147,67,0.98,22.1,31.4,3.2,7,2,1,Strength,2
161,147,67,1.3,15.5,20.1,3.9,6,2,1,HIIT,2
182,143,69,0.48,10.4,22.0,2.6,3,1,0,Cardio,1
162,139,67,0.73,13.9,35.0,3.7,4,2,1,Mixed,2
177,143,64,0.5,26.8,20.7,3.0,2,0,0,Strength,0
167,123,70,1.09,22.7,29.1,4.6,4,1,1,Yoga,1
175,159,68,0.45,26.3,23.1,2.9,5,1,0,HIIT,1
191,134,65,0.93,21.1,24.2,3.5,6,2,1,Yoga,2
189,151,64,1.11,20.7,23.5,3.8,5,1,1,Strength,1
169,156,77,0.71,24.1,25.7,3.8,3,0,0,HIIT,0
199,160,70,1.36,8.8,18.0,5.1,5,3,1,Strength,3
164,149,60,1.12,14.7,24.7,3.8,7,3,1,HIIT,3
179,145,65,1.13,16.3,22.4,4.0,7,2,1,Strength,2
179,145,83,0.72,23.3,18.0,3.0,4,1,0,Cardio,1
172,134,65,0.67,21.2,28.5,2.5,4,1,0,Cardio,1
167,145,77,0.56,23.2,18.0,4.0,2,0,0,Mixed,0
194,159,78,0.51,22.2,32.6,3.2,4,1,0,Strength,1
172,143,58,1.41,22.9,26.5,5.3,7,3,1,Mixed,3
194,152,74,0.85,22.7,18.6,3.4,4,1,0,Cardio,1
197,178,71,0.59,23.4,29.4,3.3,4,1,0,HIIT,1
182,144,55,1.18,16.4,21.0,4.6,7,3,1,Strength,3
197,176,59,1.02,8.0,21.2,3.6,7,3,1,HIIT,3
165,151,70,0.81,23.9,18.0,2.8,4,1,0,HIIT,1
197,166,72,0.71,25.4,20.5,4.5,3,0,0,Mixed,0
175,148,67,0.5,30.7,21.0,3.5,3,0,0,Mixed,0
183,140,58,1.19,17.5,27.3,3.6,7,3,1,Cardio,3
167,150,55,0.92,18.8,28.7,3.7,6,3,1,HIIT,3
172,127,73,1.03,23.1,19.0,4.5,3,1,0,Yoga,1
188,171,78,0.82,32.3,25.1,3.6,2,0,0,HIIT,0
176,137,64,0.63,17.0,18.0,2.8,5,1,0,Cardio,1
188,135,70,1.02,22.0,25.1,3.9,5,1,1,Yoga,1
199,180,68,0.78,26.9,32.6,3.4,3,0,0,HIIT,0
176,141,58,1.09,16.6,18.0,3.9,5,3,1,Strength,3
177,161,72,0.7,27.3,19.9,3.5,3,0,0,HIIT,0
178,150,67,1.18,18.0,26.9,4.4,5,2,1,Mixed,2
165,134,62,1.19,21.2,27.4,3.7,3,1,1,Strength,1
198,166,70,0.85,25.3,20.2,4.4,5,2,1,Mixed,2
167,152,71,0.79,19.8,29.9,2.9,5,2,0,HIIT,2
187,136,74,0.65,27.0,20.7,4.0,2,0,0,Yoga,0
189,158,63,0.5,26.2,30.7,4.0,5,1,0,Mixed,1
197,164,65,0.45,29.6,25.9,3.6,2,0,0,Mixed,0
178,129,70,1.18,16.5,29.1,4.2,5,2,1,Yoga,2
182,136,80,0.78,24.9,25.5,3.5,5,1,0,Yoga,1
168,126,75,0.6,26.0,26.6,3.3,2,0,0,Yoga,0
196,139,69,0.82,25.1,26.8,4.1,3,0,0,Yoga,0
205,171,70,0.56,28.0,28.6,3.9,2,0,0,Mixed,0
168,137,81,0.5,24.9,23.9,2.6,3,0,0,Cardio,0
169,153,66,0.85,13.8,20.4,3.4,6,2,1,HIIT,2
157,130,65,0.46,22.6,23.7,2.8,4,1,0,Strength,1
179,135,81,1.19,17.4,21.3,4.1,3,1,0,Yoga,1
175,159,70,0.79,10.1,21.6,3.3,6,2,1,HIIT,2
165,151,73,0.61,31.2,30.6,2.9,5,1,0,HIIT,1
192,147,62,1.28,16.5,26.5,4.0,4,2,1,Cardio,2
182,143,71,0.81,24.7,26.3,2.9,5,2,0,Cardio,2
187,158,69,1.02,18.2,28.3,3.8,6,2,1,Mixed,2
181,163,64,1.13,21.2,26.5,3.3,7,2,1,HIIT,2
190,160,70,0.84,18.6,31.5,4.3,5,2,1,Mixed,2
178,151,70,1.04,23.0,18.0,4.8,5,2,1,Mixed,2
186,168,66,1.24,16.3,20.0,3.7,7,2,1,HIIT,2
175,138,69,0.9,23.9,21.2,3.2,2,0,0,Cardio,0
178,151,70,0.61,25.8,18.5,4.2,3,0,0,Mixed,0
177,128,67,0.54,27.2,24.5,3.6,3,0,0,Yoga,0
171,140,82,0.75,21.9,24.6,2.4,3,0,0,Cardio,0
170,136,58,0.85,21.8,31.9,3.8,6,2,1,Strength,2
174,145,60,1.35,16.7,27.6,5.3,5,3,1,Mixed,3
184,165,57,1.2,20.9,22.0,3.3,7,2,1,HIIT,2
166,122,68,1.39,13.3,26.0,4.6,7,3,1,Yoga,3
166,142,69,0.59,30.9,18.0,3.4,2,0,0,Mixed,0
202,155,67,0.93,21.3,24.6,2.9,5,2,1,Cardio,2
195,150,67,0.93,36.0,24.4,3.6,2,0,0,Cardio,0
203,182,64,1.2,8.0,20.4,4.7,6,3,1,HIIT,3
198,179,70,1.18,15.8,23.2,3.7,7,2,1,HIIT,2
204,139,60,1.17,10.9,21.2,4.2,7,3,1,Yoga,3
199,159,65,0.86,21.3,20.3,4.2,5,2,1,Strength,2
172,143,74,0.66,24.9,26.7,3.4,3,1,0,Strength,1
186,146,72,0.68,29.8,28.1,2.5,2,0,0,Cardio,0
178,139,65,1.46,11.1,26.0,3.6,7,3,1,Cardio,3
156,126,71,0.82,22.7,22.2,3.0,5,1,0,Cardio,1
192,144,55,1.19,16.8,21.3,3.0,5,3,1,Cardio,3
176,132,79,0.77,32.4,22.4,3.4,4,1,0,Yoga,1
180,133,76,0.59,33.0,23.1,3.7,3,0,0,Yoga,0
186,169,73,1.09,22.7,20.5,3.7,3,0,0,HIIT,0
171,144,66,1.39,23.2,28.2,4.9,5,2,1,Mixed,2
179,141,71,0.51,26.7,23.2,2.5,3,0,0,Cardio,0
179,150,64,0.84,17.1,27.1,4.8,6,2,1,Mixed,2
203,164,74,0.89,17.8,18.4,4.0,4,1,0,Strength,1
188,171,73,0.85,19.6,21.2,3.3,4,1,0,HIIT,1
166,122,68,0.85,24.4,27.4,3.8,6,2,1,Yoga,2
183,166,72,0.89,28.2,27.5,3.5,3,0,0,HIIT,0
195,176,66,0.88,24.0,19.2,3.5,3,1,0,HIIT,1
188,170,67,1.07,21.5,25.2,4.0,5,2,1,HIIT,2
182,147,64,1.14,9.2,25.3,4.2,7,3,1,Strength,3
180,131,71,0.79,23.2,21.2,4.0,2,0,0,Yoga,0
203,163,69,0.48,25.9,25.4,3.3,4,1,0,Strength,1
183,153,62,1.18,26.5,18.0,4.7,5,3,1,Mixed,3
177,161,70,0.54,24.6,20.3,2.4,3,1,0,HIIT,1
162,138,66,1.07,12.2,26.4,4.6,7,3,1,Mixed,3
194,159,55,0.81,17.1,24.1,4.4,6,3,1,Mixed,3
200,156,55,0.8,15.4,24.3,3.3,6,3,1,Strength,3
174,148,70,1.06,16.2,23.3,4.7,4,2,1,Mixed,2
197,153,73,0.84,20.3,26.1,3.1,3,1,0,Cardio,1
179,133,75,0.89,25.3,26.3,4.1,3,0,0,Yoga,0
185,169,73,0.78,22.9,27.2,2.7,2,0,0,HIIT,0
161,132,77,0.26,31.2,24.5,2.2,2,0,0,Cardio,0
190,161,76,0.8,27.0,22.4,4.0,2,0,0,Mixed,0
173,130,76,0.81,24.6,21.8,3.6,2,0,0,Yoga,0
185,146,75,0.47,18.3,19.8,2.9,2,0,0,Cardio,0
196,160,78,1.19,24.0,22.4,3.9,3,0,0,Strength,0
195,166,80,0.74,27.3,21.6,3.9,2,0,0,Mixed,0
192,153,80,0.56,30.4,30.4,2.8,3,0,0,Cardio,0
192,174,72,0.95,23.0,19.8,3.5,4,1,0,HIIT,1
199,166,65,1.32,16.3,28.1,5.0,7,2,1,Mixed,2
158,117,67,1.04,16.9,22.9,4.1,7,2,1,Yoga,2
178,128,66,1.26,9.8,23.2,4.5,6,3,1,Yoga,3
178,138,64,0.8,17.6,25.6,2.9,4,2,1,Cardio,2
168,144,74,0.65,21.8,18.3,4.2,2,0,0,Mixed,0
161,119,67,1.19,10.0,20.8,4.6,7,2,1,Yoga,2
205,144,69,1.05,17.8,19.0,4.1,5,2,1,Yoga,2
185,150,69,0.71,24.8,22.5,3.2,5,1,0,Strength,1
201,161,67,0.98,19.7,20.4,4.1,7,2,1,Strength,2
162,140,71,0.61,25.3,29.3,3.6,2,0,0,Mixed,0
194,138,70,0.93,24.1,21.7,3.8,5,1,0,Yoga,1
181,165,78,0.68,19.9,18.0,3.3,4,1,0,HIIT,1
178,128,68,1.22,26.1,22.7,4.4,4,2,1,Yoga,2
175,160,72,0.55,17.6,27.2,2.9,3,0,0,HIIT,0
198,141,72,0.41,32.5,30.5,3.3,2,0,0,Yoga,0
178,138,64,0.4,20.8,23.1,3.0,5,1,0,Cardio,1
187,145,68,0.86,13.1,21.9,3.1,7,3,1,Cardio,3
161,138,70,0.73,23.6,23.9,4.3,2,0,0,Mixed,0
160,113,55,0.88,19.6,25.7,4.1,7,2,1,Yoga,2
187,157,68,0.5,26.8,19.5,4.0,3,0,0,Mixed,0
191,157,75,0.64,32.9,23.0,3.2,3,0,0,Strength,0
166,141,66,0.44,20.4,23.8,3.5,3,1,0,Mixed,1
179,130,71,0.49,18.4,24.2,3.2,3,1,0,Yoga,1
175,126,67,1.07,21.4,23.4,4.4,7,2,1,Yoga,2
188,158,67,0.9,25.6,20.3,4.0,3,1,0,Mixed,1
169,138,65,0.82,19.5,25.4,3.5,5,1,1,Strength,1
202,159,80,0.72,34.4,23.8,2.6,3,0,0,Cardio,0
171,157,76,0.78,28.9,23.8,2.8,3,0,0,HIIT,0
168,128,55,1.3,16.8,19.7,3.7,6,2,1,Cardio,2
183,131,67,0.67,31.3,26.6,3.4,3,0,0,Yoga,0
194,175,66,0.41,28.8,20.2,2.9,3,0,0,HIIT,0
180,145,64,0.93,22.6,30.5,3.8,7,2,1,Strength,2
196,135,61,1.05,15.8,19.3,4.1,7,3,1,Yoga,3
205,159,74,0.7,29.2,27.0,3.2,2,0,0,Cardio,0
161,147,67,0.54,25.0,18.0,2.8,5,1,0,HIIT,1
182,167,80,0.27,27.4,18.0,2.4,3,0,0,HIIT,0
166,139,77,0.86,24.2,21.8,3.5,2,0,0,Strength,0
198,150,60,0.74,12.6,18.0,2.8,4,2,1,Cardio,2
192,173,66,0.49,12.6,26.9,2.7,5,1,0,HIIT,1
205,185,71,0.77,24.4,23.9,3.1,2,0,0,HIIT,0
198,156,58,1.0,13.8,29.6,3.7,5,3,1,Strength,3
179,130,70,0.85,24.7,23.3,3.8,5,1,0,Yoga,1
192,136,67,0.9,20.3,25.0,3.7,6,2,1,Yoga,2
190,153,66,0.8,25.6,22.9,4.1,3,1,0,Strength,1
195,163,68,0.66,24.9,20.5,3.4,3,0,0,Mixed,0
195,140,72,0.56,22.7,22.4,3.1,3,1,0,Yoga,1
159,147,79,0.71,27.4,19.2,2.9,3,0,0,HIIT,0
188,162,84,0.91,36.2,25.5,4.4,3,0,0,Mixed,0
159,120,72,0.7,25.8,22.8,3.9,4,1,0,Yoga,1
184,150,71,0.65,21.2,23.6,3.4,3,0,0,Strength,0
170,136,73,0.59,25.6,35.0,2.8,4,1,0,Cardio,1
174,148,69,0.85,19.7,22.4,3.5,4,1,0,Mixed,1
173,122,58,1.01,16.9,25.3,4.1,5,2,1,Yoga,2
181,131,70,0.82,23.9,23.8,4.5,4,1,0,Yoga,1
182,152,61,1.22,16.9,28.6,4.8,5,3,1,Mixed,3
164,135,67,1.11,18.5,25.0,3.7,7,3,1,Strength,3
200,158,60,1.36,16.2,22.9,4.2,6,3,1,Strength,3
199,178,61,0.94,15.9,33.2,3.7,4,2,1,HIIT,2
175,139,56,1.15,25.4,20.6,4.3,7,2,1,Strength,2
197,152,69,0.58,26.4,23.2,2.5,2,0,0,Cardio,0
205,156,65,0.75,19.0,27.7,3.3,4,1,0,Cardio,1
192,139,73,1.09,16.0,20.7,3.9,4,2,1,Yoga,2
165,122,69,0.65,27.4,27.1,3.9,4,1,0,Yoga,1
175,143,70,0.85,28.5,22.1,3.3,5,1,0,Strength,1
197,161,76,0.54,18.7,28.0,3.6,5,1,0,Strength,1
167,120,63,1.24,13.4,27.9,4.1,7,3,1,Yoga,3
159,120,74,0.4,26.1,23.6,3.1,3,0,0,Yoga,0
182,166,76,1.07,20.2,20.0,3.5,3,1,0,HIIT,1
168,120,62,1.39,18.5,22.4,4.6,7,2,1,Yoga,2
188,160,76,0.61,21.9,23.9,4.3,2,0,0,Mixed,0
194,133,59,0.96,21.3,27.6,4.0,7,2,1,Yoga,2
193,136,66,1.04,17.5,25.3,4.4,7,2,1,Yoga,2
188,154,75,0.84,20.1,26.2,3.5,3,1,0,Strength,1
174,127,69,0.74,20.4,25.4,3.6,7,2,1,Yoga,2
168,142,80,0.3,22.6,27.4,3.4,2,0,0,Strength,0
158,138,79,0.72,15.7,23.2,3.9,6,2,1,Mixed,2
164,142,74,0.29,30.8,24.7,3.6,2,0,0,Mixed,0
196,151,65,0.55,16.6,24.1,2.9,5,1,0,Cardio,1
196,154,77,0.47,28.8,22.2,2.3,3,0,0,Cardio,0
195,175,61,1.06,21.6,28.0,3.7,5,2,1,HIIT,2
182,145,59,1.09,20.5,28.0,3.8,6,2,1,Strength,2
201,153,64,1.04,21.5,28.8,3.0,7,2,1,Cardio,2
194,164,75,0.65,11.6,20.9,4.0,7,2,1,Mixed,2
160,137,68,1.1,15.2,25.4,4.4,7,2,1,Mixed,2
190,154,72,0.61,16.6,28.4,2.9,5,1,0,Strength,1
150,117,57,1.11,23.8,30.0,3.4,6,2,1,Cardio,2
181,153,72,0.49,26.1,18.0,3.8,2,0,0,Mixed,0
176,127,67,1.34,17.5,24.0,4.5,7,3,1,Yoga,3
191,153,64,1.12,18.3,23.2,4.3,5,2,1,Strength,2
167,153,71,1.07,10.0,30.4,3.6,7,3,1,HIIT,3
179,151,67,1.03,16.8,18.0,4.7,5,2,1,Mixed,2
169,140,74,0.43,29.4,19.8,3.4,2,0,0,Strength,0
190,155,73,0.55,25.0,29.7,3.3,2,0,0,Strength,0
172,124,65,1.18,17.6,22.1,4.4,4,2,1,Yoga,2
179,152,68,0.56,27.6,18.8,3.7,3,0,0,Mixed,0
186,170,80,0.42,19.8,30.0,2.9,2,0,0,HIIT,0
201,182,77,0.25,18.9,18.3,2.6,2,0,0,HIIT,0
171,142,74,0.44,26.0,28.1,2.7,2,0,0,Strength,0
196,153,74,0.75,32.6,18.0,2.9,3,0,0,Cardio,0
169,144,69,0.69,19.2,18.2,4.1,6,2,1,Mixed,2
171,157,80,0.77,14.4,24.8,3.1,4,1,0,HIIT,1
180,166,83,0.59,20.7,20.6,2.9,2,0,0,HIIT,0
162,139,71,0.76,31.0,25.1,3.9,4,1,0,Mixed,1
203,157,71,0.45,29.3,31.2,3.0,3,0,0,Cardio,0
175,122,57,1.02,14.9,23.4,4.4,4,2,1,Yoga,2
178,129,71,0.77,26.0,30.5,3.7,5,1,0,Yoga,1
202,169,71,1.06,29.7,25.3,4.2,2,0,0,Mixed,0
181,166,76,0.46,32.8,27.8,2.7,2,0,0,HIIT,0
174,136,66,1.06,17.6,18.0,3.3,6,2,1,Cardio,2
172,158,79,0.37,15.4,26.5,2.8,3,0,0,HIIT,0
195,153,55,1.36,10.3,25.9,4.3,5,3,1,Strength,3
183,152,56,1.34,8.6,22.6,4.5,7,3,1,Mixed,3
198,164,63,0.96,22.9,31.6,3.6,7,2,1,Mixed,2
187,171,76,0.37,30.6,22.0,2.6,2,0,0,HIIT,0
183,149,71,0.82,20.2,18.0,3.4,3,1,0,Strength,1
188,152,85,0.74,28.5,27.1,2.9,2,0,0,Cardio,0
189,145,64,0.67,22.7,18.3,3.0,3,0,0,Cardio,0
183,130,66,1.19,18.7,24.3,4.5,7,3,1,Yoga,3
174,150,80,0.48,27.2,29.4,3.4,3,0,0,Mixed,0
183,149,70,0.74,19.2,26.0,3.8,3,0,0,Strength,0
170,119,58,1.08,16.0,23.0,4.1,5,3,1,Yoga,3
192,159,84,0.34,16.8,22.6,2.8,3,0,0,Strength,0
198,165,67,1.01,15.4,29.1,4.8,4,1,1,Mixed,1
205,161,57,0.96,13.8,19.1,3.4,6,3,1,Strength,3
186,137,76,0.72,27.3,27.1,4.0,2,0,0,Yoga,0
187,169,68,0.79,14.7,32.8,3.4,4,2,1,HIIT,2
169,156,80,0.58,22.1,26.2,2.9,3,0,0,HIIT,0
186,169,75,1.06,16.4,23.0,4.1,4,1,1,HIIT,1
197,144,79,0.68,28.3,23.4,3.3,2,0,0,Yoga,0
188,155,55,1.2,23.4,22.1,4.4,7,2,1,Mixed,2
185,156,70,0.9,22.6,21.4,4.1,3,1,0,Mixed,1
184,168,78,0.36,27.3,24.5,2.9,3,0,0,HIIT,0
176,140,73,0.73,23.1,26.7,3.1,3,1,0,Cardio,1
200,168,71,0.54,33.3,30.4,3.4,3,0,0,Mixed,0
161,116,60,1.24,13.5,18.0,4.4,4,2,1,Yoga,2
201,166,60,1.38,15.8,18.0,4.8,5,2,1,Mixed,2
168,125,72,0.85,19.9,30.5,3.9,4,1,0,Yoga,1
200,181,75,0.66,26.1,24.2,3.6,5,1,0,HIIT,1
162,117,61,1.04,15.0,24.4,4.2,7,3,1,Yoga,3
169,138,65,1.08,17.8,26.0,3.4,4,1,1,Strength,1
199,144,76,0.68,23.9,23.3,3.2,3,0,0,Yoga,0
188,150,60,0.87,18.7,31.9,3.7,5,2,1,Strength,2
174,147,66,0.88,22.0,26.0,3.9,4,1,0,Mixed,1
180,164,73,0.9,24.2,22.2,3.7,3,0,0,HIIT,0
176,139,71,0.51,29.2,22.6,2.4,3,0,0,Cardio,0
186,147,55,0.95,17.2,23.4,3.7,7,3,1,Strength,3
189,157,83,0.44,23.9,20.9,2.7,3,0,0,Strength,0
183,139,56,1.03,20.2,30.8,3.3,7,2,1,Cardio,2
182,154,72,0.44,24.7,24.5,3.4,3,0,0,Mixed,0
181,164,69,0.68,27.9,19.3,3.6,3,1,0,HIIT,1
173,141,81,0.33,21.1,25.6,2.4,3,0,0,Cardio,0
196,160,76,0.25,28.4,29.8,2.9,2,0,0,Strength,0
190,171,64,0.9,28.1,28.2,3.0,7,2,1,HIIT,2
153,139,61,1.31,24.0,21.0,4.3,4,2,1,HIIT,2
166,133,71,0.53,14.3,19.6,2.5,7,2,1,Cardio,2
189,171,71,0.68,33.6,29.7,3.5,3,0,0,HIIT,0
165,125,76,0.36,27.4,18.0,3.0,3,0,0,Yoga,0
191,173,69,0.29,24.5,25.5,2.8,5,1,0,HIIT,1
181,147,67,1.2,19.0,21.7,4.3,6,2,1,Strength,2
167,134,73,0.9,22.7,29.3,3.4,7,2,1,Cardio,2
205,146,74,0.5,17.1,19.8,3.4,3,1,0,Yoga,1
170,154,64,0.97,23.1,20.8,3.3,7,2,1,HIIT,2
178,133,78,0.93,23.6,26.5,4.8,5,1,0,Yoga,1
198,156,78,0.71,17.6,27.2,2.5,4,1,0,Cardio,1
193,160,81,0.48,23.0,29.4,3.0,3,0,0,Strength,0
167,124,71,0.9,22.8,25.9,3.8,4,1,0,Yoga,1
196,151,66,1.21,24.3,25.4,3.4,3,1,0,Cardio,1
198,163,58,0.54,27.5,28.2,3.5,3,1,0,Mixed,1
191,155,71,1.21,20.7,18.5,4.0,3,1,0,Strength,1
193,164,79,0.52,25.5,20.5,4.4,2,0,0,Mixed,0
178,129,68,0.66,26.0,18.9,3.1,2,0,0,Yoga,0
163,133,77,0.94,20.2,18.0,2.8,2,0,0,Cardio,0
183,129,63,0.93,10.6,27.4,4.5,4,2,1,Yoga,2
186,135,73,0.47,27.3,29.7,3.2,3,1,0,Yoga,1
181,152,67,0.55,19.2,26.2,3.7,4,1,0,Mixed,1
168,122,66,0.71,27.3,25.5,3.4,5,1,0,Yoga,1
190,154,70,0.8,28.2,24.3,3.5,4,1,0,Strength,1
193,153,59,1.16,14.5,24.2,4.4,5,2,1,Strength,2
198,138,65,1.37,14.6,30.8,4.5,7,3,1,Yoga,3
167,124,70,0.77,20.1,30.2,4.0,5,1,1,Yoga,1
189,152,64,0.83,18.5,21.7,3.8,3,1,0,Strength,1
194,158,72,0.73,27.7,28.4,3.3,3,0,0,Strength,0
187,133,68,1.15,11.5,28.9,4.6,5,2,1,Yoga,2
189,171,68,0.71,17.2,26.6,3.2,3,1,0,HIIT,1
175,141,64,1.44,14.8,25.6,4.4,7,3,1,Strength,3
163,148,65,0.92,21.4,25.4,3.4,5,1,1,HIIT,1
197,178,74,0.86,26.8,18.1,3.1,2,0,0,HIIT,0
198,166,70,0.44,22.6,18.0,4.2,3,1,0,Mixed,1
196,159,71,1.17,9.8,27.1,4.1,7,3,1,Strength,3
161,131,61,1.03,14.9,19.6,4.1,7,2,1,Strength,2
192,158,78,0.66,19.3,18.4,3.6,2,0,0,Strength,0
197,161,77,0.25,20.1,18.0,3.0,3,0,0,Strength,0
168,147,84,0.37,30.7,22.1,3.8,2,0,0,Mixed,0
183,154,67,1.0,19.8,25.5,4.3,5,3,1,Mixed,3
183,143,68,1.12,24.3,25.8,2.9,3,1,0,Cardio,1
160,135,60,1.02,18.4,27.4,4.6,6,2,1,Mixed,2
187,151,68,0.29,29.5,22.4,3.0,3,0,0,Strength,0
189,170,61,1.04,15.0,24.4,3.9,7,3,1,HIIT,3
166,140,80,0.34,21.8,27.4,3.2,3,0,0,Strength,0
204,166,76,1.03,17.9,25.9,3.5,3,1,0,Strength,1
190,173,74,0.71,25.7,21.7,3.0,3,0,0,HIIT,0
167,153,75,0.58,17.8,25.2,3.1,3,0,0,HIIT,0
198,139,67,1.05,17.7,18.0,4.1,7,3,1,Yoga,3
201,169,71,0.54,25.2,24.0,3.9,3,0,0,Mixed,0
164,129,63,0.65,28.0,21.5,3.0,2,0,0,Cardio,0
195,163,66,1.31,13.1,30.1,4.9,7,3,1,Mixed,3
201,165,59,1.57,25.6,20.1,5.3,5,2,1,Mixed,2
166,132,69,1.02,27.3,24.5,3.3,3,1,0,Cardio,1
197,179,77,0.57,23.6,22.3,2.9,3,0,0,HIIT,0
184,166,63,0.69,19.2,21.8,3.0,7,2,1,HIIT,2
193,158,75,0.87,22.0,25.5,3.5,3,1,0,Strength,1
205,163,85,0.7,27.1,22.3,2.8,3,0,0,Cardio,0
191,153,66,0.73,29.5,31.4,3.1,4,1,0,Strength,1
186,134,71,1.01,17.0,18.0,4.2,3,1,1,Yoga,1
181,164,70,0.8,19.3,26.5,3.1,5,1,0,HIIT,1
189,134,67,0.91,23.0,23.7,3.8,5,2,1,Yoga,2
199,165,62,1.38,21.1,23.8,4.7,6,2,1,Mixed,2
200,165,62,0.97,19.3,25.2,4.3,6,2,1,Mixed,2
169,131,62,1.14,24.2,28.0,3.8,5,2,1,Cardio,2
186,143,63,0.86,22.1,25.1,2.9,4,2,1,Cardio,2
199,179,63,0.87,17.9,28.0,3.1,7,2,1,HIIT,2
196,146,55,1.05,12.7,24.2,3.4,5,3,1,Cardio,3
195,176,70,1.1,23.4,19.9,3.8,5,1,1,HIIT,1
183,131,68,0.41,19.4,23.6,3.5,5,1,0,Yoga,1
171,133,61,1.53,17.5,28.6,3.8,4,2,1,Cardio,2
197,166,75,0.4,19.7,22.4,3.5,2,0,0,Mixed,0
177,160,65,0.73,15.2,19.7,2.8,4,2,1,HIIT,2
161,115,58,0.97,13.8,26.5,4.4,7,3,1,Yoga,3
169,141,75,0.76,26.3,25.3,3.6,2,0,0,Strength,0
194,175,67,0.8,22.3,20.9,3.0,3,1,0,HIIT,1
174,148,69,0.49,27.0,23.1,3.9,2,0,0,Mixed,0
193,152,75,0.79,18.1,23.3,2.9,5,2,0,Cardio,2
201,141,68,0.86,32.2,24.0,3.8,4,1,0,Yoga,1
174,142,66,0.89,21.1,26.6,3.8,4,2,1,Strength,2
184,150,85,0.28,26.7,22.4,2.5,3,0,0,Cardio,0
167,151,63,0.95,17.8,26.8,3.6,7,2,1,HIIT,2
186,159,77,0.43,22.6,21.9,4.5,2,0,0,Mixed,0
161,136,77,1.19,21.4,30.7,3.8,6,2,1,Strength,2
161,131,62,0.75,27.1,30.8,3.4,5,1,0,Strength,1
178,141,72,1.07,18.3,20.6,3.4,5,2,1,Cardio,2
172,129,76,0.61,25.5,19.1,4.1,3,0,0,Yoga,0
195,162,62,0.84,20.4,27.9,4.3,6,2,1,Mixed,2
186,131,65,1.03,11.6,25.0,4.4,6,2,1,Yoga,2
174,127,68,0.52,19.6,26.2,3.7,5,1,0,Yoga,1
192,141,78,1.09,21.1,21.4,4.2,5,1,1,Yoga,1
171,137,75,0.43,15.0,23.5,2.6,3,0,0,Cardio,0
167,120,63,1.48,19.3,22.6,4.5,7,3,1,Yoga,3
176,142,62,1.24,13.5,25.2,4.2,6,2,1,Strength,2
194,162,66,0.75,14.7,19.0,4.5,7,2,1,Mixed,2
165,133,58,1.17,12.7,23.6,4.0,7,3,1,Strength,3
200,180,68,0.59,18.8,19.0,2.3,2,0,0,HIIT,0
184,136,77,0.85,24.9,21.9,3.4,3,1,0,Yoga,1
183,131,67,0.73,12.1,23.6,4.3,5,2,1,Yoga,2
172,134,64,1.04,9.9,26.0,3.4,7,3,1,Cardio,3
171,134,66,1.07,26.6,26.4,3.2,3,1,0,Cardio,1
205,186,76,0.4,23.3,27.0,2.8,4,1,0,HIIT,1
167,145,77,0.45,21.4,18.1,3.9,3,0,0,Mixed,0
203,165,76,0.39,20.7,29.1,3.1,3,0,0,Strength,0
172,147,75,0.79,22.9,21.4,4.1,3,1,0,Mixed,1
179,163,73,0.58,23.9,21.7,3.4,2,0,0,HIIT,0
158,139,81,0.8,27.6,25.1,4.1,2,0,0,Mixed,0
202,151,57,1.52,8.4,22.7,3.8,5,3,1,Cardio,3
188,150,60,1.21,17.7,25.4,4.0,7,3,1,Strength,3
164,136,70,0.75,20.5,26.2,3.2,3,0,0,Strength,0
167,119,59,0.33,15.3,20.9,3.2,7,2,1,Yoga,2
195,133,58,1.2,14.1,23.3,4.3,6,3,1,Yoga,3
186,145,69,0.65,28.5,23.4,3.0,4,1,0,Cardio,1
194,142,78,0.47,20.9,27.8,4.0,2,0,0,Yoga,0
167,124,72,0.32,27.6,22.1,3.3,2,0,0,Yoga,0
182,146,78,0.47,26.4,22.0,2.4,3,0,0,Cardio,0
204,169,63,1.02,15.0,19.9,3.9,4,2,1,Mixed,2
184,155,68,0.76,17.3,20.4,4.4,5,1,1,Mixed,1
177,161,68,0.84,18.4,18.6,3.4,5,2,1,HIIT,2
198,159,67,1.06,21.5,21.2,4.0,5,1,1,Strength,1
180,155,79,1.0,22.2,30.4,4.8,3,1,0,Mixed,1
192,151,77,0.72,20.1,26.8,2.7,2,0,0,Cardio,0
164,136,68,0.52,27.9,29.1,3.6,2,0,0,Strength,0
191,172,64,0.93,16.4,20.2,3.4,7,2,1,HIIT,2
165,134,62,0.68,18.5,18.0,2.6,7,2,1,Strength,2
187,133,67,0.7,27.9,25.3,3.7,3,0,0,Yoga,0
195,155,80,0.63,23.9,31.4,2.8,3,0,0,Cardio,0
172,157,70,1.05,17.4,22.1,3.6,6,2,1,HIIT,2
190,172,71,0.76,25.8,24.4,3.9,3,0,0,HIIT,0
180,164,74,0.95,24.7,18.0,3.6,5,1,0,HIIT,1
194,152,74,0.87,19.7,24.1,3.2,4,1,0,Cardio,1
166,151,65,0.73,20.0,23.5,3.3,6,2,1,HIIT,2
170,129,80,0.71,14.4,18.0,3.8,2,0,0,Yoga,0
158,115,61,1.22,12.0,19.9,3.7,7,3,1,Yoga,3
165,144,81,0.48,31.5,19.5,3.6,2,0,0,Mixed,0
177,161,69,0.75,21.9,18.0,3.4,3,0,0,HIIT,0
199,162,76,0.8,28.0,21.1,3.5,2,0,0,Strength,0
194,174,61,1.12,8.0,26.0,3.2,7,3,1,HIIT,3
174,143,69,1.12,23.6,21.5,4.4,3,0,0,Strength,0
199,134,55,1.1,8.7,28.6,3.9,7,3,1,Yoga,3
175,126,67,0.64,23.3,22.5,3.7,2,0,0,Yoga,0
194,141,75,0.31,21.6,25.3,3.3,2,0,0,Yoga,0
162,127,63,1.03,9.7,26.0,3.5,4,2,1,Cardio,2
158,128,59,0.96,9.8,30.1,4.1,7,2,1,Strength,2
183,155,71,1.01,22.8,21.1,4.5,4,2,1,Mixed,2
165,152,77,0.61,30.4,25.8,2.5,3,0,0,HIIT,0
169,136,56,1.44,8.4,20.2,4.1,6,3,1,Strength,3
188,154,76,0.77,23.3,30.9,3.2,2,0,0,Strength,0
174,129,74,0.59,27.4,19.8,3.9,3,0,0,Yoga,0
186,142,62,0.64,25.3,25.5,3.0,4,1,0,Cardio,1
182,150,76,0.45,27.4,30.2,2.5,2,0,0,Strength,0
174,140,78,0.77,20.9,19.2,3.0,5,1,0,Cardio,1
186,148,77,0.55,22.4,26.4,2.7,5,1,0,Cardio,1
189,144,61,1.1,11.4,20.0,3.3,7,3,1,Cardio,3
198,178,68,0.88,29.6,33.3,3.6,3,1,0,HIIT,1
201,163,73,0.74,15.2,18.0,3.1,5,1,0,Strength,1
187,133,66,0.73,18.4,18.0,3.4,6,2,1,Yoga,2
163,137,74,0.36,27.6,19.5,3.3,3,0,0,Strength,0
173,140,79,0.86,26.6,19.6,2.8,4,1,0,Cardio,1
198,160,73,0.61,18.7,26.1,3.2,2,0,0,Strength,0
197,144,80,0.82,27.8,31.2,3.8,3,0,0,Yoga,0
159,119,71,0.42,26.9,28.6,4.0,4,1,0,Yoga,1
182,142,66,1.27,18.5,24.9,3.4,5,2,1,Cardio,2
172,124,67,0.73,24.7,24.0,3.3,2,0,0,Yoga,0
185,145,71,0.83,16.5,21.6,3.2,6,2,1,Cardio,2
199,159,64,1.39,8.1,25.6,3.7,7,3,1,Strength,3
199,168,76,0.61,27.6,23.2,3.7,3,0,0,Mixed,0
153,128,70,0.85,21.8,24.8,3.6,7,2,1,Strength,2
173,149,77,0.48,28.2,21.0,3.8,3,0,0,Mixed,0
176,142,64,1.16,26.9,19.2,4.0,3,1,0,Strength,1
197,135,60,1.03,24.0,24.1,4.2,7,2,1,Yoga,2
195,158,70,0.51,17.7,24.0,4.1,4,1,0,Strength,1
163,134,67,0.61,35.3,21.6,3.0,3,0,0,Strength,0
189,155,76,1.18,31.7,20.9,4.1,4,1,0,Strength,1
201,180,64,0.91,15.1,26.2,3.1,6,2,1,HIIT,2
188,171,76,0.62,26.5,25.8,3.2,2,0,0,HIIT,0
167,143,70,0.64,26.6,31.5,4.4,2,0,0,Mixed,0
178,161,68,1.18,18.4,29.5,4.0,7,2,1,HIIT,2
186,169,74,0.63,22.2,19.2,3.3,3,0,0,HIIT,0
188,134,68,0.92,21.8,23.2,4.0,3,1,0,Yoga,1
182,137,82,0.89,21.7,18.5,3.8,3,0,0,Yoga,0
170,148,82,0.49,26.3,18.0,3.2,2,0,0,Mixed,0
181,133,74,1.01,19.4,32.8,4.2,5,1,1,Yoga,1
200,168,71,1.04,23.3,29.9,4.7,3,1,0,Mixed,1
189,137,72,0.38,32.5,21.5,3.4,2,0,0,Yoga,0
173,147,69,0.65,15.4,29.0,4.1,3,1,0,Mixed,1
187,157,68,1.21,22.3,29.6,4.6,4,1,1,Mixed,1
186,150,67,1.03,18.4,18.0,3.7,4,2,1,Strength,2
202,167,60,1.21,8.2,27.4,4.7,6,3,1,Mixed,3
191,160,65,0.89,18.1,22.0,4.4,5,2,1,Mixed,2
189,162,83,0.55,26.5,25.5,4.1,3,0,0,Mixed,0
172,140,81,0.59,36.0,35.0,2.7,2,0,0,Cardio,0
165,140,66,0.82,22.3,30.3,4.6,3,1,0,Mixed,1
177,142,61,0.82,16.1,23.5,3.4,7,3,1,Strength,3
163,131,71,0.49,24.3,29.7,3.3,2,0,0,Cardio,0
198,158,63,0.97,8.9,18.0,3.4,7,3,1,Strength,3
180,151,85,0.44,20.0,26.0,3.1,2,0,0,Strength,0
163,136,73,0.86,31.1,26.1,3.5,2,0,0,Strength,0
161,117,64,1.07,11.8,26.8,4.3,7,3,1,Yoga,3
167,146,83,0.95,25.6,22.0,4.6,2,0,0,Mixed,0
195,139,69,0.65,17.2,25.5,3.9,5,1,1,Yoga,1
169,141,77,0.85,26.0,27.4,3.7,3,0,0,Strength,0
195,167,84,0.86,33.3,18.0,4.3,2,0,0,Mixed,0
162,133,65,0.95,28.0,22.7,4.1,4,1,0,Strength,1
189,129,55,1.37,11.9,20.4,4.5,7,3,1,Yoga,3
186,167,59,0.67,25.3,26.6,3.0,5,2,1,HIIT,2
158,129,74,0.7,21.7,29.5,3.3,4,1,0,Cardio,1
174,140,60,0.58,20.6,21.6,3.0,6,2,1,Strength,2
185,137,78,0.7,28.8,19.6,3.8,2,0,0,Yoga,0
188,138,77,0.7,18.0,24.5,3.6,5,1,0,Yoga,1
159,136,67,0.45,13.9,19.4,3.7,4,1,0,Mixed,1
171,124,66,0.49,21.8,23.1,3.4,3,1,0,Yoga,1
183,166,68,0.99,21.6,22.7,3.1,5,2,1,HIIT,2
196,160,75,0.51,29.4,26.3,2.6,2,0,0,Strength,0
188,155,58,0.87,16.5,25.3,4.1,3,1,1,Mixed,1
184,149,68,1.1,17.0,24.6,4.4,5,3,1,Strength,3
178,163,78,0.7,19.9,30.5,3.4,3,0,0,HIIT,0
165,142,73,0.37,31.7,25.1,3.6,3,0,0,Mixed,0
196,176,63,1.03,19.2,22.3,3.4,7,2,1,HIIT,2
170,125,69,1.17,25.1,22.8,4.4,5,2,1,Yoga,2
171,157,75,0.83,24.4,20.9,3.4,3,0,0,HIIT,0
197,140,70,1.08,23.8,19.9,5.1,4,1,1,Yoga,1
172,135,66,0.96,11.0,18.4,3.3,6,2,1,Cardio,2
188,158,71,0.33,28.7,28.5,3.7,2,0,0,Mixed,0
168,142,63,0.81,22.0,21.1,4.2,5,2,1,Mixed,2
164,133,74,0.49,32.8,25.3,2.4,3,0,0,Cardio,0
163,134,66,0.45,24.8,22.8,3.4,4,1,0,Strength,1
185,150,66,0.68,18.8,23.9,3.7,5,2,1,Strength,2
203,144,72,0.69,16.6,28.6,3.7,4,1,0,Yoga,1
161,142,83,0.44,25.5,24.7,4.0,3,0,0,Mixed,0
184,143,66,1.05,22.4,20.3,3.5,3,1,0,Cardio,1
192,142,79,0.36,22.5,21.7,3.6,2,0,0,Yoga,0
167,129,82,0.68,27.8,27.4,4.0,2,0,0,Yoga,0
172,140,80,0.39,26.9,25.9,2.1,2,0,0,Cardio,0
164,141,73,0.62,22.1,27.7,4.3,3,0,0,Mixed,0
178,160,58,1.29,15.0,23.0,3.8,6,3,1,HIIT,3
193,175,73,0.76,23.0,18.4,2.8,6,2,0,HIIT,2
194,174,59,1.46,18.2,26.0,4.0,7,3,1,HIIT,3
180,133,75,0.59,24.6,25.0,3.8,3,0,0,Yoga,0
172,125,68,0.76,21.2,25.1,3.9,3,1,0,Yoga,1
178,148,79,0.6,24.8,18.5,3.7,2,0,0,Strength,0
178,126,63,0.72,28.2,21.4,3.7,2,0,0,Yoga,0
184,149,66,0.93,13.6,20.2,4.1,4,1,1,Strength,1
198,151,65,0.97,26.0,25.6,2.9,3,1,0,Cardio,1
191,153,83,0.59,28.9,25.7,2.8,2,0,0,Cardio,0
173,147,71,0.44,15.3,23.8,3.4,4,1,0,Mixed,1
185,158,74,0.98,32.3,27.9,4.2,2,0,0,Mixed,0
165,122,69,1.01,26.1,30.0,4.0,5,1,1,Yoga,1
180,151,63,0.3,18.8,25.4,3.5,5,1,0,Mixed,1
156,134,82,0.47,17.3,26.7,3.1,3,0,0,Strength,0
190,148,68,0.63,25.5,21.8,2.8,4,1,0,Cardio,1
173,143,73,0.6,11.8,21.1,3.2,3,1,0,Strength,1
192,156,72,0.53,24.8,28.0,3.2,3,0,0,Strength,0
187,169,70,0.97,26.1,20.5,3.3,3,1,0,HIIT,1
194,162,65,0.64,25.2,26.8,4.0,3,1,0,Mixed,1
178,145,69,0.91,22.5,30.9,3.9,5,1,1,Strength,1
169,154,70,1.18,15.3,26.6,3.9,7,2,1,HIIT,2
205,147,76,0.8,39.1,23.7,4.0,3,0,0,Yoga,0
175,158,62,1.36,19.4,18.6,4.4,7,3,1,HIIT,3
185,147,75,0.63,27.9,24.7,3.1,2,0,0,Cardio,0
177,162,73,0.63,15.7,28.0,3.0,7,2,1,HIIT,2
182,125,56,1.52,20.3,23.3,4.5,5,3,1,Yoga,3
185,141,59,0.98,9.3,28.1,3.4,7,3,1,Cardio,3
181,164,71,0.6,17.2,25.5,3.4,5,1,0,HIIT,1
161,148,70,0.63,28.9,25.2,3.0,3,0,0,HIIT,0
202,163,71,0.67,16.2,22.7,3.0,4,1,0,Strength,1
184,151,75,0.25,34.4,18.2,3.3,2,0,0,Strength,0
170,139,66,1.18,14.7,22.3,4.2,7,2,1,Strength,2
161,137,66,0.55,23.2,22.3,4.0,6,2,1,Mixed,2
191,152,62,0.99,12.1,26.3,4.0,5,2,1,Strength,2
177,142,62,0.7,19.2,23.9,3.4,5,1,1,Strength,1
186,134,71,1.03,31.0,28.3,3.8,4,1,0,Yoga,1
197,159,71,0.65,31.0,25.1,3.3,2,0,0,Strength,0
175,158,65,0.86,15.1,22.0,3.5,7,2,1,HIIT,2
197,157,66,0.86,17.8,20.7,4.2,5,1,1,Strength,1
183,141,63,0.95,27.9,21.6,3.3,5,1,0,Cardio,1
167,132,67,0.98,17.8,24.6,3.2,5,2,1,Cardio,2
177,144,69,0.76,11.8,22.5,3.0,4,2,1,Strength,2
172,157,76,0.98,26.6,19.7,3.4,5,1,0,HIIT,1
168,143,68,0.74,22.6,28.0,3.9,5,1,0,Mixed,1
184,150,70,0.58,26.6,24.6,3.1,3,1,0,Strength,1
172,137,72,0.84,28.8,25.1,2.3,4,1,0,Cardio,1
168,155,80,0.35,29.3,20.7,2.6,2,0,0,HIIT,0
197,163,61,0.69,24.5,19.8,4.5,4,1,0,Mixed,1
160,129,58,1.12,20.1,23.4,4.1,6,2,1,Strength,2
175,148,67,0.95,14.8,18.0,4.1,7,3,1,Mixed,3
167,119,62,0.71,21.4,27.1,4.3,3,1,0,Yoga,1
166,120,65,1.1,13.1,21.2,4.4,7,3,1,Yoga,3
174,160,82,0.72,23.9,22.9,3.3,3,0,0,HIIT,0
159,137,69,1.36,17.4,25.7,4.4,6,2,1,Mixed,2
179,123,55,1.15,13.8,23.1,4.4,7,3,1,Yoga,3
186,150,66,0.77,26.8,19.3,2.8,5,1,0,Strength,1
184,150,70,0.89,18.5,30.0,3.4,4,1,0,Strength,1
186,159,79,0.91,15.7,18.0,4.6,4,1,0,Mixed,1
186,136,74,1.15,16.7,18.0,3.8,5,2,1,Yoga,2
170,154,61,0.88,15.9,27.5,3.3,7,3,1,HIIT,3
181,146,62,0.78,20.8,18.2,3.4,5,1,1,Strength,1
179,151,66,0.77,24.6,29.0,4.4,5,2,1,Mixed,2
159,114,59,1.15,14.7,25.5,4.3,7,3,1,Yoga,3
194,176,75,0.5,20.5,25.1,2.6,2,0,0,HIIT,0
193,154,62,0.83,18.4,21.7,3.7,5,1,1,Strength,1
190,158,61,1.26,14.9,20.7,4.7,6,3,1,Mixed,3
185,142,62,0.58,28.1,22.5,3.3,4,1,0,Cardio,1
178,147,57,0.69,22.9,20.5,4.0,3,1,0,Mixed,1
176,148,66,1.42,15.8,28.8,4.6,6,2,1,Mixed,2
188,162,85,0.49,24.0,21.0,4.4,2,0,0,Mixed,0
176,141,61,0.84,23.3,26.0,4.3,4,2,1,Strength,2
186,150,68,0.62,25.8,28.0,3.4,3,1,0,Strength,1
200,162,74,0.59,22.0,20.5,3.9,5,1,0,Strength,1
169,146,76,0.7,20.5,25.5,3.7,3,1,0,Mixed,1
175,149,71,0.53,21.2,20.4,3.9,4,1,0,Mixed,1
205,145,71,0.72,23.1,23.3,4.3,2,0,0,Yoga,0
174,130,77,0.81,13.1,22.2,4.4,3,1,0,Yoga,1
180,164,69,0.73,31.2,21.2,3.4,3,0,0,HIIT,0
179,140,67,0.64,20.9,24.6,2.7,4,1,0,Cardio,1
184,152,78,0.66,23.0,19.1,3.2,2,0,0,Strength,0
166,128,57,0.9,15.6,27.7,3.2,5,2,1,Cardio,2
179,147,72,1.18,21.9,19.7,3.8,4,1,0,Strength,1
177,134,81,0.42,15.2,18.9,3.5,3,0,0,Yoga,0
201,182,73,1.06,17.5,23.0,3.8,7,2,1,HIIT,2
194,151,73,0.7,27.4,22.5,3.0,2,0,0,Cardio,0
175,148,68,0.99,15.1,25.4,4.5,5,1,1,Mixed,1
166,122,69,1.09,17.8,24.3,4.3,5,2,1,Yoga,2
163,150,72,0.31,22.9,18.0,2.3,3,0,0,HIIT,0
187,153,73,0.25,27.6,27.9,3.0,2,0,0,Strength,0
190,156,77,0.89,21.1,22.9,4.0,2,0,0,Strength,0
180,162,62,1.17,8.0,25.0,3.5,7,3,1,HIIT,3
205,160,55,0.98,12.7,32.8,3.9,7,2,1,Strength,2
194,156,69,0.8,21.6,29.1,3.7,2,0,0,Strength,0
200,167,66,0.85,29.9,24.8,4.4,3,0,0,Mixed,0
172,139,62,0.94,26.8,18.5,3.8,5,1,1,Strength,1
170,133,64,0.26,19.6,18.6,1.8,3,1,0,Cardio,1
178,162,74,0.38,32.1,28.6,3.0,3,0,0,HIIT,0
172,158,74,0.55,23.8,22.4,3.5,2,0,0,HIIT,0
165,138,55,1.02,20.9,23.3,4.3,7,2,1,Mixed,2
201,135,55,1.08,26.2,19.4,4.1,7,3,1,Yoga,3
199,140,67,0.7,29.2,25.8,4.2,2,0,0,Yoga,0
191,156,74,0.39,30.9,28.6,3.3,3,0,0,Strength,0
194,175,72,0.47,27.0,30.1,3.2,2,0,0,HIIT,0
193,152,76,0.93,19.8,22.2,2.7,3,1,0,Cardio,1
186,147,74,0.54,23.4,26.6,3.0,2,0,0,Cardio,0
166,137,72,0.55,22.5,23.6,2.6,2,0,0,Strength,0
158,118,69,0.6,15.2,27.5,4.3,5,1,1,Yoga,1
168,139,72,0.59,24.4,24.0,3.5,2,0,0,Strength,0
205,150,82,0.5,19.8,20.7,3.6,2,0,0,Yoga,0
177,149,63,1.03,19.7,29.3,5.4,5,2,1,Mixed,2
160,138,72,0.4,21.5,24.4,3.8,5,1,0,Mixed,1
174,148,69,0.96,21.3,22.6,4.8,4,2,1,Mixed,2
179,163,72,0.38,25.6,24.7,2.8,3,0,0,HIIT,0
183,130,66,0.47,38.6,21.1,3.3,3,0,0,Yoga,0
172,125,68,1.07,21.7,25.7,3.6,5,1,1,Yoga,1
177,160,68,0.96,22.6,23.2,3.6,6,2,1,HIIT,2
187,157,67,0.64,27.7,20.8,4.0,3,0,0,Mixed,0
199,181,76,0.49,28.4,33.5,3.1,2,0,0,HIIT,0
183,152,79,0.57,26.5,20.0,3.5,2,0,0,Strength,0
174,148,67,1.22,17.8,25.4,5.0,6,3,1,Mixed,3
166,120,63,1.05,12.1,24.2,3.7,5,3,1,Yoga,3
171,140,66,1.03,18.7,19.9,3.4,4,2,1,Strength,2
169,141,76,0.62,23.4,22.7,3.1,2,0,0,Strength,0
180,150,59,1.26,19.8,18.6,5.0,5,2,1,Mixed,2
187,169,65,0.65,21.7,32.3,2.8,3,1,0,HIIT,1
165,116,56,1.28,16.1,22.9,4.8,5,2,1,Yoga,2
169,142,60,1.15,9.0,23.3,4.2,7,3,1,Mixed,3
168,141,77,0.71,35.7,31.8,3.9,3,0,0,Strength,0
164,133,61,1.16,8.0,20.7,4.7,5,3,1,Strength,3
165,134,61,1.2,22.3,29.2,4.2,5,3,1,Strength,3
186,153,74,1.19,20.5,26.4,4.6,5,1,1,Strength,1
158,143,58,1.35,15.5,18.0,4.0,6,2,1,HIIT,2
167,124,70,1.16,20.8,22.5,4.1,5,1,1,Yoga,1
199,179,66,1.26,17.7,25.7,3.8,5,2,1,HIIT,2
187,158,68,0.91,15.5,24.1,4.4,4,1,1,Mixed,1
187,168,64,0.55,20.3,24.2,3.2,3,0,0,HIIT,0
192,161,70,0.91,24.4,21.6,4.9,3,0,0,Mixed,0
169,132,62,1.45,19.0,21.1,3.9,7,2,1,Cardio,2
162,127,61,0.82,17.1,22.8,3.1,6,3,1,Cardio,3
164,142,75,0.68,24.1,31.8,3.9,2,0,0,Mixed,0
169,156,80,0.56,29.8,20.4,3.2,4,1,0,HIIT,1
172,147,70,0.91,16.6,22.1,4.1,7,2,1,Mixed,2
173,143,75,0.82,26.7,24.1,3.8,3,0,0,Strength,0
163,147,61,1.5,8.0,18.1,3.8,7,3,1,HIIT,3
186,146,71,0.68,15.8,25.7,2.4,6,2,1,Cardio,2
174,126,67,0.95,17.8,18.8,4.3,5,3,1,Yoga,3
184,143,67,0.94,28.7,19.7,3.3,4,2,0,Cardio,2
163,123,74,1.05,19.4,19.5,4.4,4,2,1,Yoga,2
194,163,71,0.42,27.1,18.0,3.6,2,0,0,Mixed,0
165,141,70,1.07,27.2,29.1,4.1,4,1,0,Mixed,1
183,154,85,0.51,22.5,26.1,3.2,2,0,0,Strength,0
180,139,64,1.29,12.1,27.7,3.5,6,3,1,Cardio,3
200,153,64,1.05,19.9,27.3,2.9,5,2,1,Cardio,2
195,165,76,0.36,32.8,23.3,3.7,2,0,0,Mixed,0
182,154,71,0.83,30.3,23.9,4.3,5,1,0,Mixed,1
200,165,83,0.67,26.3,28.1,2.8,2,0,0,Strength,0
186,168,69,0.96,16.3,30.6,3.6,4,2,1,HIIT,2
195,164,70,0.76,24.7,19.0,4.0,5,1,0,Mixed,1
172,141,67,0.25,29.7,34.1,2.4,2,0,0,Strength,0
200,167,66,0.98,24.9,18.7,3.9,5,1,1,Mixed,1
179,164,75,0.56,28.3,22.2,3.3,2,0,0,HIIT,0
187,136,74,0.52,27.6,24.3,3.5,3,0,0,Yoga,0
154,121,80,0.25,34.2,24.7,2.9,3,0,0,Yoga,0
185,153,59,1.16,15.5,31.9,4.1,6,3,1,Mixed,3
173,158,74,0.68,25.2,28.0,3.4,4,1,0,HIIT,1
193,154,63,1.03,27.8,25.7,3.4,3,1,0,Strength,1
179,140,67,0.75,20.3,28.1,2.6,5,1,0,Cardio,1
175,148,68,0.98,16.2,25.4,4.9,7,2,1,Mixed,2
187,151,85,0.66,29.6,21.3,2.7,3,0,0,Cardio,0
158,120,74,0.75,21.7,25.9,3.8,2,0,0,Yoga,0
190,162,79,0.61,23.4,24.3,4.3,2,0,0,Mixed,0
198,181,82,0.25,21.3,20.6,3.1,2,0,0,HIIT,0
178,153,75,0.74,20.5,29.1,4.1,5,1,0,Mixed,1
185,137,79,0.65,30.8,23.8,3.7,3,0,0,Yoga,0
175,159,68,0.62,25.6,19.5,2.6,5,1,0,HIIT,1
181,156,83,0.46,15.8,20.1,3.6,3,0,0,Mixed,0
177,160,63,1.24,26.8,26.1,3.3,5,1,1,HIIT,1
192,151,55,1.19,9.1,28.2,4.1,7,3,1,Strength,3
163,151,84,0.97,26.6,25.9,3.2,3,0,0,HIIT,0
189,149,77,0.47,22.5,25.9,2.3,3,0,0,Cardio,0
168,153,69,0.68,30.3,20.8,3.1,3,0,0,HIIT,0
176,138,68,0.64,22.8,24.4,2.8,3,0,0,Cardio,0
203,183,68,0.54,25.0,22.7,3.3,2,0,0,HIIT,0
162,139,85,0.49,26.2,23.2,3.8,2,0,0,Strength,0
189,150,60,1.32,15.7,23.6,4.3,7,3,1,Strength,3
176,136,62,1.05,22.0,21.4,3.2,5,2,1,Cardio,2
182,165,68,0.89,19.4,27.0,3.8,5,3,1,HIIT,3
192,156,71,1.0,20.5,20.0,3.7,3,1,0,Strength,1
171,120,58,1.27,18.8,18.8,4.4,5,3,1,Yoga,3
175,144,70,1.03,21.4,20.9,4.0,7,2,1,Strength,2
174,146,63,1.23,14.3,27.5,4.2,6,3,1,Mixed,3
202,165,78,0.65,25.4,25.4,2.9,2,0,0,Strength,0
171,123,64,0.68,15.3,18.0,3.4,7,2,1,Yoga,2
183,148,66,0.69,19.6,26.4,3.5,4,1,0,Strength,1
201,167,65,1.27,23.3,23.8,5.0,5,1,1,Mixed,1
203,183,71,0.79,23.4,22.3,3.0,4,1,0,HIIT,1
183,153,65,0.95,25.2,23.0,3.8,5,2,1,Mixed,2
180,139,62,1.26,17.0,18.7,3.3,6,3,1,Cardio,3
203,161,63,0.91,20.8,24.7,3.6,7,2,1,Strength,2
190,159,66,1.26,17.7,18.9,5.1,7,3,1,Mixed,3
172,134,63,1.2,23.6,22.6,3.2,5,1,1,Cardio,1
157,135,67,0.94,12.4,22.6,4.0,5,2,1,Mixed,2
173,146,65,1.04,18.8,27.1,4.4,4,1,1,Mixed,1
193,150,69,0.65,14.3,24.2,2.6,5,1,0,Cardio,1
181,125,55,0.87,9.8,26.8,4.1,7,3,1,Yoga,3
191,131,58,1.28,20.2,19.2,4.3,7,3,1,Yoga,3
180,150,60,0.81,23.7,23.6,4.2,4,2,1,Mixed,2
199,151,60,1.11,17.9,26.1,3.2,5,2,1,Cardio,2
160,139,75,0.8,25.4,29.0,4.2,3,1,0,Mixed,1
185,149,63,1.07,24.4,19.4,4.2,5,1,1,Strength,1
177,144,68,1.25,17.0,20.6,4.1,7,2,1,Strength,2
166,138,74,0.64,28.1,26.0,3.4,4,1,0,Strength,1
162,125,79,0.67,29.3,30.4,3.1,3,0,0,Yoga,0
174,158,70,0.76,23.9,25.1,3.5,5,1,0,HIIT,1
185,155,65,0.96,23.7,19.6,4.6,5,1,1,Mixed,1
189,170,67,0.77,34.6,19.6,2.6,3,0,0,HIIT,0
192,155,69,0.88,26.6,24.5,3.4,2,0,0,Strength,0
181,143,55,0.91,12.9,25.4,3.2,7,3,1,Strength,3
185,154,61,0.95,15.7,23.1,4.5,7,3,1,Mixed,3
193,154,63,0.65,19.9,19.7,3.5,5,1,0,Strength,1
183,165,64,1.03,22.9,28.4,3.2,5,2,1,HIIT,2
190,156,75,0.37,23.9,22.6,3.1,3,0,0,Strength,0
192,173,63,0.73,19.1,26.1,3.5,5,2,1,HIIT,2
177,145,69,1.08,24.9,18.0,3.7,5,1,1,Strength,1
186,152,71,0.97,24.5,28.8,3.6,5,2,1,Strength,2
185,168,72,0.86,27.2,21.3,3.1,3,1,0,HIIT,1
196,179,79,0.81,26.7,29.4,3.0,3,0,0,HIIT,0
180,163,63,1.28,22.6,26.5,4.1,4,2,1,HIIT,2
197,179,74,0.55,24.4,18.3,3.2,3,1,0,HIIT,1
176,127,67,0.87,25.8,25.0,3.6,4,2,1,Yoga,2
189,138,76,0.51,20.7,30.6,3.6,2,0,0,Yoga,0
159,118,68,0.95,19.9,21.6,3.9,3,1,0,Yoga,1
197,161,76,0.41,24.2,30.6,3.1,3,0,0,Strength,0
194,163,71,1.09,19.8,25.5,4.6,7,3,1,Mixed,3
200,138,63,1.36,10.2,29.4,4.9,7,3,1,Yoga,3
178,150,84,0.68,32.8,24.6,3.5,3,0,0,Strength,0
161,134,56,1.19,25.1,23.5,4.9,6,2,1,Mixed,2
167,135,75,0.67,28.9,31.3,2.9,2,0,0,Cardio,0
174,147,64,1.12,14.7,26.9,4.9,7,3,1,Mixed,3
171,138,77,0.65,20.6,23.1,2.4,2,0,0,Cardio,0
185,158,78,0.62,30.8,25.7,3.5,2,0,0,Mixed,0
198,160,73,0.57,24.9,21.7,3.6,2,0,0,Strength,0
172,142,71,1.25,13.3,24.4,4.3,6,2,1,Strength,2
204,156,67,0.6,27.6,28.8,3.0,2,0,0,Cardio,0
156,117,69,0.67,28.4,23.4,3.9,4,1,0,Yoga,1
188,171,71,0.71,26.4,20.5,3.0,4,1,0,HIIT,1
175,126,67,0.83,15.8,20.1,4.0,4,1,1,Yoga,1
192,155,70,0.95,26.5,24.3,4.1,3,1,0,Strength,1
178,150,65,0.77,22.9,20.8,4.7,3,0,0,Mixed,0
192,158,55,1.18,15.7,18.3,4.2,6,3,1,Mixed,3
172,131,81,0.4,28.5,19.2,3.2,2,0,0,Yoga,0
192,159,61,1.19,10.2,28.7,4.4,7,3,1,Mixed,3
187,151,68,0.29,16.6,23.4,2.9,5,1,0,Strength,1
193,158,75,0.77,21.7,24.2,3.5,4,1,0,Strength,1
188,140,82,0.55,24.2,20.1,3.3,3,0,0,Yoga,0
189,163,84,0.81,27.3,21.7,4.3,3,0,0,Mixed,0
198,177,61,1.15,16.6,21.5,4.2,3,1,1,HIIT,1
189,157,82,0.77,35.9,22.9,3.3,2,0,0,Strength,0
194,174,64,0.94,25.0,18.0,3.4,5,1,0,HIIT,1
186,169,72,0.79,18.7,28.4,3.0,3,1,0,HIIT,1
160,123,78,0.56,27.0,23.9,3.8,2,0,0,Yoga,0
153,122,83,0.61,24.8,24.8,4.0,2,0,0,Yoga,0
168,120,62,1.24,17.9,27.7,4.3,7,3,1,Yoga,3
187,147,71,0.75,22.7,27.4,2.9,3,1,0,Cardio,1
180,126,61,1.17,16.3,21.7,4.4,6,2,1,Yoga,2
169,133,67,0.68,18.6,26.4,3.4,3,0,0,Cardio,0
186,146,71,0.57,22.5,26.4,2.9,3,0,0,Cardio,0
189,150,77,1.18,14.5,25.3,3.8,4,1,1,Cardio,1
169,132,65,1.37,19.0,28.2,3.8,6,2,1,Cardio,2
180,165,78,1.17,19.2,27.2,4.2,4,1,0,HIIT,1
193,136,66,0.57,23.0,26.9,3.5,3,1,0,Yoga,1
176,162,79,0.69,19.2,29.5,3.5,3,0,0,HIIT,0
172,139,61,0.91,16.3,24.1,3.6,7,3,1,Strength,3
194,153,76,0.87,27.2,24.2,2.8,3,1,0,Cardio,1
198,155,74,0.83,26.4,27.3,3.0,2,0,0,Cardio,0
185,167,69,0.55,21.0,23.3,3.0,5,1,0,HIIT,1
178,134,81,0.83,37.4,25.9,3.9,2,0,0,Yoga,0
190,144,60,1.07,22.9,21.8,3.3,3,1,0,Cardio,1
174,141,64,0.91,16.0,18.0,3.7,7,2,1,Strength,2
157,116,67,0.51,31.8,26.4,3.6,2,0,0,Yoga,0
176,161,75,0.25,34.5,18.0,2.7,2,0,0,HIIT,0
200,140,68,1.27,24.2,21.2,4.2,5,1,1,Yoga,1
171,136,73,0.71,23.5,27.3,2.4,3,1,0,Cardio,1
172,127,72,0.6,19.8,27.3,4.1,5,1,0,Yoga,1
181,141,69,0.74,20.2,28.7,2.8,4,1,0,Cardio,1
193,138,70,0.65,20.1,18.0,3.8,2,0,0,Yoga,0
184,133,70,1.04,26.0,25.2,4.1,5,1,1,Yoga,1
171,155,67,1.03,13.6,23.0,3.5,5,3,1,HIIT,3
186,167,60,1.03,20.1,28.0,3.7,7,2,1,HIIT,2
192,161,67,0.74,32.7,29.9,4.5,2,0,0,Mixed,0
200,135,56,0.82,15.3,18.8,4.1,6,2,1,Yoga,2
161,147,67,0.65,23.7,24.1,3.2,2,0,0,HIIT,0
188,171,75,0.61,24.7,27.3,3.3,3,0,0,HIIT,0
200,158,58,1.08,20.4,22.6,3.6,5,2,1,Strength,2
179,148,73,0.25,23.3,31.0,3.1,2,0,0,Strength,0
173,134,62,1.26,14.4,22.4,3.4,5,3,1,Cardio,3
158,123,59,0.81,19.7,22.8,3.0,5,1,1,Cardio,1
171,126,70,0.98,11.8,19.7,4.2,6,2,1,Yoga,2
188,172,82,0.28,28.5,24.6,2.5,2,0,0,HIIT,0
205,166,74,1.03,16.6,18.0,3.6,6,2,1,Strength,2
171,149,82,0.38,20.6,23.0,4.4,2,0,0,Mixed,0
187,151,85,0.47,28.0,29.1,2.6,2,0,0,Cardio,0
166,141,66,1.09,27.5,18.4,4.4,4,2,1,Mixed,2
187,156,64,1.04,8.0,18.0,4.7,5,3,1,Mixed,3
189,156,59,0.75,13.7,28.5,3.9,5,3,1,Mixed,3
202,171,78,0.87,28.6,29.0,4.2,3,0,0,Mixed,0
187,145,66,1.25,18.5,18.6,3.8,6,2,1,Cardio,2
158,133,57,0.89,20.2,30.9,3.6,5,2,1,Mixed,2
153,132,67,0.61,21.9,25.7,3.7,2,0,0,Mixed,0
172,139,79,0.7,20.9,28.2,2.4,3,1,0,Cardio,1
194,151,71,0.8,21.2,20.8,3.5,5,1,0,Cardio,1
187,149,77,0.89,27.2,30.0,3.4,3,1,0,Cardio,1
163,138,62,1.14,16.8,22.9,4.6,5,2,1,Mixed,2
160,118,66,1.23,18.3,22.8,4.5,4,1,1,Yoga,1
162,136,75,0.26,19.8,25.9,2.6,2,0,0,Strength,0
164,139,79,0.89,22.8,22.4,3.4,2,0,0,Strength,0
198,166,72,0.89,15.3,18.0,4.1,4,2,1,Mixed,2
173,149,76,0.39,35.1,24.5,4.1,2,0,0,Mixed,0
185,169,78,0.57,28.2,22.7,2.7,3,0,0,HIIT,0
181,152,64,1.11,19.4,20.9,4.1,4,2,1,Mixed,2
180,164,72,0.66,14.9,29.0,3.0,6,2,1,HIIT,2
172,145,82,0.62,29.7,33.6,3.2,3,0,0,Strength,0
192,151,56,1.13,16.9,20.3,4.2,6,3,1,Strength,3
177,127,67,0.81,18.0,24.8,3.9,7,2,1,Yoga,2
184,128,60,0.88,11.4,22.4,4.0,4,2,1,Yoga,2
188,153,69,0.91,17.0,33.2,3.9,4,2,1,Strength,2
198,159,68,1.37,22.9,26.0,4.7,5,1,1,Strength,1
183,148,66,0.48,17.5,27.7,3.1,4,1,0,Strength,1
169,129,55,1.06,20.0,28.7,2.9,7,3,1,Cardio,3
183,147,80,0.35,24.2,24.5,2.2,2,0,0,Cardio,0
198,138,66,0.87,21.6,23.3,4.2,7,2,1,Yoga,2
170,135,71,0.92,23.7,30.1,3.7,5,1,0,Cardio,1
177,146,74,0.47,22.5,27.1,3.3,5,1,0,Strength,1
172,157,71,0.43,28.4,20.6,3.0,3,0,0,HIIT,0
194,162,65,0.72,21.0,21.1,4.1,3,1,0,Mixed,1
171,135,68,1.08,22.2,22.4,3.7,7,2,1,Cardio,2
180,145,81,0.56,32.9,28.6,2.7,2,0,0,Cardio,0
168,139,73,0.94,20.7,29.9,3.3,3,1,0,Strength,1
185,153,78,0.97,27.7,32.6,3.4,3,1,0,Strength,1
166,136,68,0.96,17.2,21.2,3.6,5,2,1,Strength,2
180,148,73,0.71,21.3,24.6,2.9,5,1,0,Strength,1
199,168,74,0.98,17.4,22.4,4.9,5,1,1,Mixed,1
183,155,69,0.85,19.4,23.3,4.3,3,1,0,Mixed,1
185,143,64,0.82,22.4,27.7,3.0,4,1,0,Cardio,1
186,154,60,0.8,19.3,23.8,4.2,7,3,1,Mixed,3
191,152,79,0.39,27.9,29.3,2.5,2,0,0,Cardio,0
170,125,71,0.68,25.9,21.9,3.9,2,0,0,Yoga,0
175,157,58,1.44,14.6,27.0,4.0,6,2,1,HIIT,2
188,152,66,0.67,17.9,22.2,3.9,4,1,0,Strength,1
167,152,67,1.15,8.0,18.0,4.0,7,3,1,HIIT,3
171,148,77,0.54,23.5,19.9,3.7,3,0,0,Mixed,0
163,130,69,0.84,19.6,24.5,2.8,3,1,0,Cardio,1
173,147,70,0.44,28.1,31.7,3.5,3,0,0,Mixed,0
195,152,71,0.75,21.1,22.2,2.8,4,1,0,Cardio,1
184,143,66,1.22,20.8,23.3,3.5,6,2,1,Cardio,2
187,150,62,1.33,16.3,26.0,4.0,7,3,1,Strength,3
188,149,78,1.02,15.7,21.6,3.5,4,2,1,Cardio,2
203,164,72,0.82,32.1,22.1,3.4,5,1,0,Strength,1
196,157,67,0.9,18.9,24.3,3.8,3,1,0,Strength,1
189,157,63,0.92,16.9,22.3,4.4,3,1,1,Mixed,1
182,130,67,1.27,23.2,18.0,4.5,3,1,1,Yoga,1
178,160,58,0.99,13.5,21.4,3.2,7,3,1,HIIT,3
193,159,79,0.49,25.1,26.5,4.2,3,0,0,Strength,0
199,159,67,0.9,23.1,26.6,3.6,5,1,0,Strength,1
194,162,65,0.78,18.5,29.3,4.2,3,1,0,Mixed,1
187,152,68,0.54,14.7,29.0,2.6,5,2,0,Strength,2
193,173,62,0.96,16.1,20.4,3.8,5,2,1,HIIT,2
177,152,78,0.81,22.6,21.0,4.0,3,0,0,Mixed,0
185,167,71,0.94,29.1,21.2,3.3,2,0,0,HIIT,0
189,143,58,1.66,12.1,23.4,4.6,7,3,1,Cardio,3
195,163,67,0.62,20.0,21.5,4.4,4,1,0,Mixed,1
189,173,77,0.82,37.2,23.3,3.5,3,0,0,HIIT,0
157,120,74,0.74,29.1,20.5,4.2,3,0,0,Yoga,0
172,154,55,1.09,8.0,27.1,3.4,7,3,1,HIIT,3
158,136,68,0.56,31.2,20.2,4.1,2,0,0,Mixed,0
197,139,68,0.78,29.7,20.0,4.0,3,1,0,Yoga,1
171,120,58,1.05,11.5,26.1,4.2,4,2,1,Yoga,2
192,161,68,1.23,19.6,26.9,4.7,5,1,1,Mixed,1
188,170,71,1.06,23.2,23.1,3.9,3,1,0,HIIT,1
204,162,64,0.85,26.0,27.5,4.0,3,1,0,Strength,1
170,140,69,0.91,15.5,27.2,3.7,4,2,1,Strength,2
161,148,72,1.1,20.3,31.6,3.4,6,2,1,HIIT,2
205,174,80,0.46,24.0,26.9,3.0,3,0,0,Mixed,0
160,123,78,0.49,23.4,30.8,3.8,3,0,0,Yoga,0
158,130,77,0.42,28.7,24.2,2.7,3,0,0,Cardio,0
172,127,71,0.96,20.9,29.6,4.3,5,1,1,Yoga,1
178,141,72,0.73,28.9,29.7,3.1,4,1,0,Cardio,1
165,150,67,0.89,13.7,23.4,2.7,4,1,0,HIIT,1
193,148,65,0.79,20.2,21.2,3.1,4,2,1,Cardio,2
188,159,71,0.49,21.6,21.9,3.7,4,1,0,Mixed,1
190,161,73,0.69,22.3,25.7,3.8,3,1,0,Mixed,1
205,141,62,0.56,23.8,19.4,4.0,5,1,0,Yoga,1
171,148,76,0.57,29.5,22.2,4.0,2,0,0,Mixed,0
195,158,70,1.02,9.3,28.8,4.0,4,2,1,Strength,2
181,132,72,0.46,29.5,26.7,3.4,2,0,0,Yoga,0
182,129,64,1.19,9.5,18.0,4.7,7,2,1,Yoga,2
173,139,61,0.39,22.5,18.7,3.0,3,1,0,Strength,1
189,155,75,0.71,29.0,32.6,3.2,3,0,0,Strength,0
185,168,68,0.77,23.4,28.7,3.3,2,0,0,HIIT,0
165,151,72,0.52,23.4,21.7,3.0,3,0,0,HIIT,0
162,148,65,1.09,13.2,18.0,3.3,7,2,1,HIIT,2
152,122,67,0.98,16.4,19.0,3.5,5,1,1,Cardio,1
198,138,64,1.03,20.0,26.0,3.8,6,2,1,Yoga,2
162,140,72,0.79,15.3,31.9,4.4,5,1,1,Mixed,1
189,138,75,0.57,20.8,31.7,3.4,3,0,0,Yoga,0
189,152,66,1.05,17.2,18.0,4.1,7,2,1,Strength,2
181,150,55,1.14,17.6,22.8,4.8,5,3,1,Mixed,3
156,127,74,0.63,20.6,20.6,2.9,2,0,0,Cardio,0
186,156,64,0.57,34.5,24.5,3.9,3,0,0,Mixed,0
174,146,63,1.14,24.7,18.7,4.4,6,2,1,Mixed,2
181,153,69,1.36,8.0,21.8,5.0,7,3,1,Mixed,3
170,123,65,1.52,18.6,20.5,4.3,7,3,1,Yoga,3
202,142,68,0.74,33.1,26.1,3.3,3,0,0,Yoga,0
191,172,67,0.57,16.0,21.9,3.4,4,1,0,HIIT,1
205,170,64,1.08,15.7,22.5,4.8,5,2,1,Mixed,2
174,128,73,0.57,25.3,26.0,3.8,4,1,0,Yoga,1
193,151,74,0.56,23.1,30.6,2.3,3,1,0,Cardio,1
189,141,83,0.97,22.2,32.5,3.9,2,0,0,Yoga,0
177,142,60,0.71,13.1,25.8,3.2,7,2,1,Strength,2
160,137,66,1.01,20.5,23.6,4.9,5,2,1,Mixed,2
156,142,61,0.63,21.2,29.3,3.6,5,1,1,HIIT,1
186,158,72,1.22,23.5,28.7,4.9,5,1,1,Mixed,1
172,144,77,0.73,28.9,27.5,4.1,3,0,0,Strength,0
170,140,70,1.21,27.8,18.0,3.9,3,1,0,Strength,1
189,139,78,0.43,34.7,28.8,3.6,2,0,0,Yoga,0
173,142,71,0.3,32.4,25.4,2.8,3,0,0,Strength,0
163,137,58,1.04,18.3,20.4,3.8,7,2,1,Mixed,2
193,147,60,0.99,11.1,21.3,3.0,6,2,1,Cardio,2
172,157,72,0.76,25.6,26.3,3.2,4,1,0,HIIT,1
185,143,67,1.45,10.6,18.0,3.5,6,3,1,Cardio,3
196,151,66,0.76,23.0,23.5,3.3,5,1,0,Cardio,1
183,148,67,0.53,28.0,21.4,3.5,5,1,0,Strength,1
177,129,71,0.75,20.9,21.0,3.4,5,1,0,Yoga,1
202,161,85,0.92,26.2,22.2,3.4,3,1,0,Cardio,1
157,130,68,0.97,26.5,18.1,3.9,5,1,1,Strength,1
205,158,70,0.74,18.6,28.2,2.9,5,2,0,Cardio,2
185,146,74,0.36,34.7,18.0,2.6,3,0,0,Cardio,0
185,155,67,0.6,24.4,24.7,3.3,5,1,0,Mixed,1
171,144,63,0.77,20.5,20.6,4.3,3,1,0,Mixed,1
200,168,73,0.64,29.4,31.9,4.3,3,0,0,Mixed,0
182,143,69,1.41,20.1,24.1,3.7,7,2,1,Cardio,2
170,125,71,0.51,22.2,18.0,3.4,2,0,0,Yoga,0
193,174,70,0.96,20.2,26.2,3.0,4,1,0,HIIT,1
186,151,71,0.32,34.6,19.6,2.8,2,0,0,Strength,0
185,134,73,0.44,32.9,27.9,3.7,2,0,0,Yoga,0
198,178,67,0.63,33.5,26.5,2.8,2,0,0,HIIT,0
185,139,82,0.48,22.3,29.9,3.4,4,1,0,Yoga,1
175,159,67,1.27,28.6,24.7,4.2,5,2,1,HIIT,2
197,165,68,0.52,26.6,27.3,3.9,4,1,0,Mixed,1
157,130,66,1.15,15.9,24.2,4.0,7,3,1,Strength,3
174,125,65,1.22,14.0,21.6,4.1,7,2,1,Yoga,2
177,132,77,0.56,34.6,28.3,3.4,2,0,0,Yoga,0
177,163,83,0.25,22.0,19.1,2.9,2,0,0,HIIT,0
177,148,82,0.77,20.8,23.9,3.6,3,0,0,Strength,0
197,151,64,1.05,16.8,21.7,2.8,4,1,1,Cardio,1
162,149,70,0.76,20.0,27.4,3.0,5,1,0,HIIT,1
170,157,81,0.54,19.5,20.2,2.5,2,0,0,HIIT,0
195,136,65,1.0,26.2,22.4,4.1,3,1,0,Yoga,1
184,167,69,0.46,27.8,24.2,3.1,3,1,0,HIIT,1
201,167,64,1.22,22.7,30.0,4.8,7,2,1,Mixed,2
165,137,73,0.99,23.8,21.9,4.0,4,1,0,Strength,1
184,167,69,0.73,17.6,22.4,3.2,4,2,0,HIIT,2
191,174,76,0.64,24.8,18.6,3.3,4,1,0,HIIT,1
159,135,60,0.76,18.2,20.1,4.2,6,3,1,Mixed,3
202,181,60,0.7,16.6,25.7,3.4,5,2,1,HIIT,2
183,154,68,1.15,22.1,24.1,3.9,3,1,0,Mixed,1
171,156,70,0.65,22.2,24.2,2.7,2,0,0,HIIT,0
176,129,72,0.65,27.0,31.0,3.8,2,0,0,Yoga,0
157,146,79,0.72,29.2,18.0,3.2,2,0,0,HIIT,0
175,127,68,0.58,28.8,33.3,3.6,2,0,0,Yoga,0
199,168,72,0.31,25.4,28.7,3.4,2,0,0,Mixed,0
197,178,69,1.0,24.9,22.7,3.3,6,2,1,HIIT,2
172,143,73,1.04,22.1,25.6,4.0,4,1,0,Strength,1
183,166,71,0.27,30.7,21.3,2.9,2,0,0,HIIT,0
196,140,71,0.25,27.8,25.3,3.3,2,0,0,Yoga,0
187,171,78,0.82,22.8,32.6,3.5,3,1,0,HIIT,1
173,158,72,0.71,20.6,21.4,2.9,3,1,0,HIIT,1
190,129,56,1.14,16.1,23.1,4.6,6,3,1,Yoga,3
204,157,70,0.83,22.0,21.0,2.6,3,1,0,Cardio,1
200,182,80,0.53,29.5,21.6,2.8,3,0,0,HIIT,0
170,140,71,0.8,25.4,22.4,3.7,2,0,0,Strength,0
204,184,70,0.43,28.2,19.6,2.4,2,0,0,HIIT,0
187,159,76,0.47,19.3,22.9,3.8,3,0,0,Mixed,0
196,148,58,1.15,13.7,24.2,3.4,4,2,1,Cardio,2
184,150,72,0.67,32.4,22.4,3.3,2,0,0,Strength,0
171,147,73,0.73,20.3,18.0,3.8,3,0,0,Mixed,0
165,132,55,0.8,25.2,23.4,3.6,7,2,1,Strength,2
166,134,75,0.47,32.4,23.8,2.4,3,0,0,Cardio,0
175,136,63,1.35,19.4,31.6,4.6,6,3,1,Cardio,3
196,158,70,1.25,10.8,24.1,4.0,7,3,1,Strength,3
175,143,68,0.98,12.0,27.7,3.3,6,2,1,Strength,2
177,129,70,0.78,26.0,22.3,3.8,2,0,0,Yoga,0
174,148,73,0.64,24.9,29.2,4.1,3,0,0,Mixed,0
161,138,84,0.33,23.5,20.2,3.0,3,0,0,Strength,0
182,155,72,0.7,23.2,26.0,3.8,3,1,0,Mixed,1
202,160,80,0.7,30.5,27.4,2.8,3,0,0,Cardio,0
191,150,72,0.82,23.2,26.8,2.5,2,0,0,Cardio,0
158,130,64,0.82,20.2,32.7,3.6,6,2,1,Strength,2
182,155,75,0.25,26.2,21.7,3.2,3,0,0,Mixed,0
176,139,70,1.17,13.7,29.7,3.4,6,2,1,Cardio,2
183,131,68,1.05,24.3,28.6,4.0,3,1,0,Yoga,1
180,151,63,1.7,12.2,24.2,5.4,7,3,1,Mixed,3
166,140,65,0.93,24.0,31.4,4.2,4,2,1,Mixed,2
184,155,69,0.64,24.3,23.4,4.2,2,0,0,Mixed,0
199,167,70,0.72,21.2,24.1,3.9,3,1,0,Mixed,1
175,149,71,0.96,18.6,24.0,4.2,7,2,1,Mixed,2
182,127,60,1.18,19.7,18.9,4.8,5,3,1,Yoga,3
185,144,68,1.06,26.5,27.0,3.7,5,1,0,Cardio,1
174,151,82,0.81,34.4,26.4,4.1,2,0,0,Mixed,0
174,150,77,1.04,28.7,23.6,4.5,2,0,0,Mixed,0
180,151,63,0.99,24.9,31.1,3.6,3,1,0,Mixed,1
192,145,59,1.23,14.2,22.3,3.9,7,3,1,Cardio,3
176,142,61,0.98,13.8,18.0,3.9,6,3,1,Strength,3
172,137,71,1.03,14.4,31.6,2.6,3,1,0,Cardio,1
200,167,68,0.94,24.1,28.0,4.4,6,2,1,Mixed,2
186,145,69,0.86,24.7,26.5,3.4,5,1,0,Cardio,1
196,177,69,1.03,14.2,22.6,4.0,4,1,1,HIIT,1
190,154,70,0.75,24.9,25.4,4.1,4,1,0,Strength,1
173,126,69,0.79,26.4,19.0,4.2,7,2,1,Yoga,2
185,168,67,0.93,21.0,23.1,2.9,5,1,0,HIIT,1
180,152,70,1.07,22.6,20.4,4.1,5,1,1,Mixed,1
196,138,66,0.97,20.6,25.0,4.5,7,2,1,Yoga,2
171,124,67,0.55,27.6,27.7,3.4,4,1,0,Yoga,1
199,161,72,0.69,21.5,19.8,3.6,5,1,0,Strength,1
194,151,72,0.38,31.3,26.9,2.7,4,1,0,Cardio,1
193,148,65,0.46,24.3,24.8,2.8,3,0,0,Cardio,0
196,154,75,0.6,17.7,26.7,2.5,2,0,0,Cardio,0
205,158,72,1.22,16.0,23.0,3.8,7,2,1,Cardio,2
168,154,72,1.01,20.5,26.8,3.6,6,2,1,HIIT,2
169,145,73,0.72,28.5,21.2,4.1,3,1,0,Mixed,1
180,136,81,0.73,23.4,18.0,3.5,2,0,0,Yoga,0
180,153,74,0.52,19.5,18.2,3.5,3,0,0,Mixed,0
182,155,73,1.08,16.6,22.0,4.2,5,1,1,Mixed,1
184,150,71,0.93,24.2,18.0,4.0,4,1,0,Strength,1
158,134,78,0.69,23.7,30.2,3.7,2,0,0,Strength,0
194,158,74,0.61,18.3,23.7,3.4,4,2,0,Strength,2
188,156,80,0.93,29.8,27.7,3.2,2,0,0,Strength,0
167,131,63,1.03,14.4,27.1,3.1,4,2,1,Cardio,2
203,149,83,0.76,29.2,24.0,4.3,2,0,0,Yoga,0
181,143,71,1.13,21.3,35.0,3.3,5,1,1,Cardio,1
205,169,63,1.22,9.4,35.0,4.4,5,3,1,Mixed,3
178,141,74,0.25,24.4,29.6,2.0,2,0,0,Cardio,0
198,140,69,0.96,13.4,20.4,4.2,4,2,1,Yoga,2
195,142,77,0.64,32.3,29.7,4.0,3,0,0,Yoga,0
193,161,66,1.11,17.4,18.0,5.1,7,3,1,Mixed,3
172,157,72,0.72,23.0,29.6,2.9,2,0,0,HIIT,0
183,155,70,0.8,17.8,18.0,3.6,7,2,1,Mixed,2
169,143,63,0.7,19.9,22.7,3.6,3,0,0,Mixed,0
194,151,72,0.43,37.5,28.8,2.7,2,0,0,Cardio,0
182,146,63,0.78,17.2,25.5,3.0,4,1,0,Strength,1
197,177,67,1.16,15.3,18.1,3.5,4,2,1,HIIT,2
184,150,70,1.0,13.6,24.7,4.0,6,2,1,Strength,2
193,162,70,0.56,24.8,25.5,3.9,4,1,0,Mixed,1
169,154,72,0.99,11.6,24.8,3.7,4,2,1,HIIT,2
163,129,66,0.61,21.4,22.4,2.9,3,1,0,Cardio,1
176,148,63,0.49,19.4,27.4,3.8,3,1,0,Mixed,1
158,137,74,0.75,27.5,28.6,4.0,5,1,0,Mixed,1
204,149,81,0.53,18.7,23.4,3.7,2,0,0,Yoga,0
171,134,66,1.07,26.0,30.1,2.6,6,2,1,Cardio,2
171,135,69,1.3,15.3,23.4,3.9,6,3,1,Cardio,3
192,163,78,0.39,20.3,22.0,4.1,3,0,0,Mixed,0
198,179,72,0.78,19.0,29.4,2.7,4,1,0,HIIT,1
195,176,68,1.14,26.8,29.3,3.9,4,1,0,HIIT,1
192,153,63,0.66,19.1,21.5,3.2,4,1,0,Strength,1
159,121,74,0.61,30.4,20.9,3.6,3,0,0,Yoga,0
161,122,73,1.19,15.0,31.1,4.2,6,2,1,Yoga,2
173,139,61,1.48,14.3,23.6,3.7,7,3,1,Strength,3
177,146,73,0.64,18.1,24.0,3.2,2,0,0,Strength,0
205,160,55,0.83,15.5,23.0,2.8,7,3,1,Strength,3
173,135,63,1.33,11.3,29.3,3.8,6,3,1,Cardio,3
183,148,64,0.82,19.8,32.6,3.5,4,1,0,Strength,1
181,145,77,0.6,23.6,24.3,2.9,3,0,0,Cardio,0
190,149,73,0.52,23.7,33.7,2.7,2,0,0,Cardio,0
176,149,69,0.64,26.8,21.8,3.9,5,1,0,Mixed,1
192,139,73,0.69,22.2,22.9,3.1,3,1,0,Yoga,1
175,157,60,0.82,15.4,26.7,3.3,5,2,1,HIIT,2
174,136,65,1.03,17.0,20.7,3.2,6,2,1,Cardio,2
195,132,55,1.37,11.3,26.6,4.4,7,3,1,Yoga,3
180,128,64,1.04,10.6,21.9,4.3,4,2,1,Yoga,2
171,122,62,0.91,8.0,18.0,3.9,7,3,1,Yoga,3
198,161,74,0.87,18.3,18.0,3.0,5,1,0,Strength,1
205,161,81,0.46,27.2,22.7,2.1,3,0,0,Cardio,0
186,154,78,0.25,27.6,25.7,2.6,2,0,0,Strength,0
179,147,73,0.65,35.1,18.6,3.4,3,0,0,Strength,0
178,149,61,0.69,20.0,24.7,3.9,5,1,1,Mixed,1
179,149,80,0.54,32.4,24.7,3.3,2,0,0,Strength,0
176,129,72,0.59,29.3,23.3,3.8,2,0,0,Yoga,0
172,154,55,1.05,12.7,20.3,3.4,5,3,1,HIIT,3
181,148,69,1.41,18.8,25.0,4.2,6,3,1,Strength,3
164,124,75,0.3,27.8,23.4,3.7,2,0,0,Yoga,0
174,145,77,0.36,33.3,27.9,2.8,3,0,0,Strength,0
174,143,71,0.86,17.5,18.8,3.6,3,1,0,Strength,1
174,145,75,0.74,18.0,24.5,3.7,3,0,0,Strength,0
192,154,63,0.81,18.8,18.9,3.6,6,2,1,Strength,2
181,163,62,0.89,12.8,23.1,3.9,4,2,1,HIIT,2
194,178,85,0.59,22.7,19.6,3.7,2,0,0,HIIT,0
175,147,63,0.84,21.9,20.3,4.5,3,1,1,Mixed,1
192,156,73,0.74,26.7,24.0,3.2,3,0,0,Strength,0
187,128,56,1.03,8.0,21.7,3.8,6,3,1,Yoga,3
183,145,73,0.89,18.7,29.9,2.5,5,1,0,Cardio,1
196,161,58,1.27,23.0,28.7,5.1,7,3,1,Mixed,3
204,145,73,0.54,23.4,27.2,3.9,3,0,0,Yoga,0
205,173,78,0.51,29.5,27.1,3.5,2,0,0,Mixed,0
185,148,80,0.89,24.8,24.5,3.0,5,1,0,Cardio,1
187,141,56,1.34,30.8,29.2,3.3,7,3,1,Cardio,3
166,130,62,0.99,21.9,22.8,3.1,3,1,0,Cardio,1
176,126,65,1.3,15.1,32.5,4.5,6,2,1,Yoga,2
173,150,79,0.54,27.8,20.2,4.2,2,0,0,Mixed,0
205,159,74,0.76,31.3,19.5,2.8,3,0,0,Cardio,0
204,148,78,0.48,29.0,18.4,3.6,3,0,0,Yoga,0
163,135,67,1.03,20.3,19.1,3.7,5,1,1,Strength,1
175,144,72,1.11,25.8,18.0,3.7,5,3,1,Strength,3
164,123,73,0.87,16.8,24.9,4.2,3,1,0,Yoga,1
165,137,73,0.33,25.3,27.4,2.5,2,0,0,Strength,0
161,133,66,0.95,26.6,24.1,3.9,5,1,1,Strength,1
191,151,76,0.66,25.5,18.5,2.5,3,0,0,Cardio,0
189,160,73,0.92,26.7,22.1,4.2,3,1,0,Mixed,1
167,123,68,0.66,33.9,27.4,3.6,2,0,0,Yoga,0
168,132,65,1.08,20.2,22.6,3.4,4,2,1,Cardio,2
185,168,69,1.31,16.6,20.8,3.9,6,2,1,HIIT,2
160,138,72,0.65,15.1,18.0,3.7,4,1,0,Mixed,1
164,151,78,0.66,26.8,22.3,3.0,2,0,0,HIIT,0
157,131,82,0.49,28.8,21.2,2.7,2,0,0,Cardio,0
164,138,59,0.65,29.7,23.7,4.3,2,0,0,Mixed,0
164,141,71,0.47,31.9,25.9,4.1,3,1,0,Mixed,1
189,145,63,0.68,22.2,22.9,2.3,3,0,0,Cardio,0
170,143,60,1.0,9.3,24.7,4.5,6,3,1,Mixed,3
201,140,66,1.17,17.4,25.9,4.6,7,3,1,Yoga,3
175,130,74,0.25,21.2,19.1,3.1,2,0,0,Yoga,0
194,147,60,0.97,16.1,31.5,2.7,7,2,1,Cardio,2
163,140,69,0.92,20.4,21.0,3.9,4,2,1,Mixed,2
168,134,71,0.92,28.9,26.1,3.3,5,1,0,Cardio,1
183,156,76,0.65,30.5,19.5,4.0,3,0,0,Mixed,0
184,159,85,0.29,32.0,24.4,3.5,2,0,0,Mixed,0
171,143,57,1.39,15.2,24.6,4.7,5,2,1,Mixed,2
166,143,72,0.61,32.5,30.6,3.5,2,0,0,Mixed,0
197,141,72,1.06,18.1,23.1,3.7,5,1,1,Yoga,1
170,144,66,1.26,17.3,29.2,5.3,5,3,1,Mixed,3
192,161,65,0.95,30.5,25.2,4.1,4,1,0,Mixed,1
196,162,58,1.23,9.0,31.4,5.2,7,3,1,Mixed,3
163,135,70,0.7,18.1,18.0,3.6,4,1,0,Strength,1
185,135,74,0.65,18.8,25.9,3.9,3,0,0,Yoga,0
204,141,63,0.68,16.7,18.0,3.9,6,3,1,Yoga,3
175,140,75,0.83,28.9,23.8,2.7,3,0,0,Cardio,0
202,140,63,1.29,13.6,28.1,4.8,5,3,1,Yoga,3
174,141,64,0.69,31.7,29.8,3.4,4,1,0,Strength,1
193,133,61,0.95,10.5,27.0,3.6,7,3,1,Yoga,3
202,164,75,0.6,30.4,22.8,3.3,3,0,0,Strength,0
192,141,79,0.38,22.9,26.2,3.1,3,0,0,Yoga,0
176,149,85,0.48,25.0,34.1,3.1,2,0,0,Strength,0
198,145,80,0.63,16.7,24.3,3.9,3,0,0,Yoga,0
187,143,61,0.7,20.3,27.8,3.1,6,2,1,Cardio,2
162,133,78,0.53,30.8,22.3,2.9,3,0,0,Cardio,0
179,146,70,1.24,24.9,28.3,3.9,5,1,1,Strength,1
188,157,63,1.15,14.7,27.6,4.7,6,2,1,Mixed,2
167,120,62,0.96,23.8,21.6,4.0,6,2,1,Yoga,2
181,127,62,0.54,22.5,27.1,3.2,7,2,1,Yoga,2
182,143,69,0.52,23.2,27.3,2.5,3,0,0,Cardio,0
181,142,69,0.64,30.4,27.0,2.9,3,0,0,Cardio,0
169,142,78,0.55,25.7,23.8,3.7,3,0,0,Strength,0
197,179,73,0.52,22.3,28.9,3.2,2,0,0,HIIT,0
168,144,71,0.68,21.4,20.3,4.4,5,1,0,Mixed,1
190,149,56,1.18,8.0,24.0,4.2,6,3,1,Strength,3
192,162,73,0.84,25.7,24.4,4.4,5,1,0,Mixed,1
187,151,66,0.78,21.5,28.7,3.4,3,1,0,Strength,1
195,134,58,1.18,13.0,20.1,3.8,4,2,1,Yoga,2
157,130,68,1.21,9.8,25.0,3.3,7,3,1,Strength,3
182,152,61,1.07,11.6,22.0,4.6,5,3,1,Mixed,3
163,148,63,1.11,19.4,24.4,3.7,5,2,1,HIIT,2
182,131,69,0.75,20.2,25.6,3.5,4,1,0,Yoga,1
172,147,73,0.89,26.2,18.9,4.2,2,0,0,Mixed,0
177,161,72,0.57,22.8,29.1,2.8,3,1,0,HIIT,1
168,123,67,0.26,31.3,25.7,3.6,3,0,0,Yoga,0
164,130,66,0.87,30.8,20.6,2.6,3,0,0,Cardio,0
168,141,61,0.99,10.1,22.6,4.4,7,3,1,Mixed,3
169,121,61,0.78,28.6,30.0,4.0,4,1,0,Yoga,1
190,170,60,0.92,19.8,25.7,3.3,5,1,1,HIIT,1
172,128,75,1.01,23.8,20.1,4.2,4,1,0,Yoga,1
185,145,71,0.86,24.7,20.9,3.7,3,1,0,Cardio,1
185,134,71,0.64,21.9,26.5,4.1,3,1,0,Yoga,1
179,136,55,1.1,18.1,27.0,3.7,6,3,1,Cardio,3
185,157,72,1.21,22.0,25.5,4.6,7,2,1,Mixed,2
167,128,80,0.35,21.4,22.8,3.5,3,0,0,Yoga,0
161,133,68,0.26,25.7,27.2,3.4,2,0,0,Strength,0
160,146,64,1.06,22.8,22.8,3.5,6,2,1,HIIT,2
177,144,68,0.84,22.3,20.6,3.3,5,1,0,Strength,1
185,149,65,1.23,20.9,30.3,4.3,5,2,1,Strength,2
199,141,70,1.35,23.1,26.0,4.8,6,2,1,Yoga,2
204,183,63,1.02,20.7,20.9,3.6,6,2,1,HIIT,2
175,148,65,1.44,11.1,24.5,4.9,6,3,1,Mixed,3
166,149,56,0.93,19.1,24.1,2.9,7,2,1,HIIT,2
162,130,72,0.58,22.8,22.6,2.8,2,0,0,Cardio,0
201,137,58,1.18,18.4,24.9,4.4,6,3,1,Yoga,3
176,145,72,0.35,33.0,20.3,3.3,2,0,0,Strength,0
179,149,60,1.48,8.0,27.5,4.8,6,3,1,Mixed,3
189,133,66,1.09,15.5,24.0,4.6,6,2,1,Yoga,2
188,160,76,0.46,24.1,18.0,4.0,3,0,0,Mixed,0
168,144,69,1.0,20.5,23.1,4.5,6,2,1,Mixed,2
173,138,74,0.76,20.5,21.5,3.0,4,1,0,Cardio,1
205,182,55,0.97,9.1,18.0,2.9,7,3,1,HIIT,3
172,127,71,0.8,26.5,23.4,4.2,3,1,0,Yoga,1
168,144,72,0.7,26.6,28.1,4.2,2,0,0,Mixed,0
170,157,79,1.11,23.4,23.6,3.5,2,0,0,HIIT,0
172,143,76,1.03,23.4,26.8,3.7,5,1,0,Strength,1
173,138,74,0.8,24.4,24.0,3.2,4,1,0,Cardio,1
192,154,85,0.89,26.0,22.2,3.1,3,0,0,Cardio,0
184,168,74,0.25,26.8,21.1,2.9,4,1,0,HIIT,1
154,130,75,0.64,15.4,18.9,3.5,4,1,0,Strength,1
164,148,61,0.78,20.3,27.7,3.4,6,2,1,HIIT,2
183,145,75,0.41,23.5,26.9,2.9,2,0,0,Cardio,0
163,141,73,0.84,21.3,22.9,4.1,4,1,0,Mixed,1
202,163,71,0.67,14.6,18.0,3.2,4,1,0,Strength,1
196,163,65,0.75,28.3,25.9,4.2,4,1,0,Mixed,1
201,166,60,1.03,17.4,20.4,4.6,4,2,1,Mixed,2
165,116,56,1.2,14.2,24.6,4.6,5,2,1,Yoga,2
193,163,72,1.14,30.2,18.0,4.7,3,1,0,Mixed,1
179,139,65,0.84,26.6,24.4,3.2,5,1,0,Cardio,1
180,145,78,0.5,21.4,23.5,2.3,2,0,0,Cardio,0
188,155,79,0.42,30.9,18.0,3.6,3,0,0,Strength,0
169,127,76,0.6,25.7,30.5,3.3,2,0,0,Yoga,0
176,160,72,0.59,23.5,22.7,2.8,5,1,0,HIIT,1
175,150,75,0.67,23.9,23.0,3.8,4,1,0,Mixed,1
188,158,71,0.9,23.2,26.1,4.4,5,2,1,Mixed,2
190,129,55,1.27,8.3,23.8,3.7,7,3,1,Yoga,3
170,141,74,0.47,13.3,25.5,3.4,4,1,0,Strength,1
173,144,77,0.45,26.4,19.4,3.6,2,0,0,Strength,0
163,124,76,0.57,31.0,23.4,3.7,2,0,0,Yoga,0
159,130,77,0.25,22.1,18.0,2.2,2,0,0,Cardio,0
188,149,58,1.09,22.6,23.0,4.1,7,3,1,Strength,3
163,130,55,1.02,18.3,29.8,3.9,7,3,1,Strength,3
172,147,72,0.54,24.3,18.0,3.7,2,0,0,Mixed,0
199,150,61,0.84,29.8,22.6,3.4,3,1,0,Cardio,1
169,130,57,0.89,22.3,18.0,3.2,7,2,1,Cardio,2
196,144,80,0.63,25.1,24.0,3.9,3,0,0,Yoga,0
173,142,67,0.74,27.7,25.9,3.7,5,1,0,Strength,1
172,125,66,1.17,20.7,25.5,4.0,7,2,1,Yoga,2
189,157,60,1.23,16.9,21.6,5.0,6,3,1,Mixed,3
176,161,72,0.99,23.3,18.0,3.7,5,2,1,HIIT,2
174,130,75,0.69,26.8,19.0,3.4,3,0,0,Yoga,0
167,134,72,0.93,26.9,29.0,3.6,3,0,0,Cardio,0
182,130,67,1.01,18.6,27.5,3.8,5,3,1,Yoga,3
176,130,73,0.45,24.0,23.6,3.7,2,0,0,Yoga,0
182,143,72,1.0,25.9,24.6,3.1,5,1,0,Cardio,1
191,157,77,0.71,29.9,19.9,3.4,3,0,0,Strength,0
189,159,69,0.68,28.2,29.2,4.4,3,0,0,Mixed,0
181,151,80,0.25,18.8,21.1,3.3,3,0,0,Strength,0
167,137,82,0.56,27.0,25.7,2.7,3,0,0,Cardio,0
182,137,55,1.33,8.6,18.7,3.9,7,3,1,Cardio,3
195,153,75,0.5,22.4,23.3,2.7,3,0,0,Cardio,0
182,156,77,1.06,19.0,29.0,4.8,5,1,1,Mixed,1
191,150,55,1.12,11.2,20.2,3.9,5,3,1,Strength,3
178,143,63,1.23,12.2,27.0,3.9,5,3,1,Strength,3
193,155,64,1.01,25.6,19.7,4.0,5,1,1,Strength,1
175,140,73,0.75,21.8,20.4,2.9,2,0,0,Cardio,0
167,153,74,0.69,18.5,24.0,3.3,2,0,0,HIIT,0
167,118,59,0.93,14.6,27.9,4.0,6,2,1,Yoga,2
190,130,55,1.38,16.1,22.8,4.8,6,3,1,Yoga,3
191,150,75,0.45,24.7,26.5,2.4,3,0,0,Cardio,0
165,132,72,0.83,16.8,28.6,2.9,7,2,1,Cardio,2
197,155,77,0.31,35.6,20.9,2.4,3,0,0,Cardio,0
163,148,67,0.7,19.0,18.0,3.4,3,0,0,HIIT,0
204,171,72,0.65,25.8,22.6,3.6,4,1,0,Mixed,1
193,163,75,0.36,28.6,29.1,3.5,3,0,0,Mixed,0
157,124,62,0.79,18.4,20.7,3.2,5,2,1,Cardio,2
159,127,68,1.13,18.4,28.1,3.4,5,1,1,Cardio,1
196,178,77,0.51,25.5,22.9,2.8,2,0,0,HIIT,0
171,155,62,1.13,24.2,31.0,3.4,3,1,0,HIIT,1
163,122,72,0.56,21.2,33.0,3.3,2,0,0,Yoga,0
173,156,59,1.29,17.1,28.1,3.6,6,2,1,HIIT,2
203,155,66,0.88,24.1,18.0,2.9,4,1,0,Cardio,1
198,164,62,1.27,14.0,18.0,3.8,7,3,1,Mixed,3
168,140,75,0.64,23.5,24.2,3.8,2,0,0,Strength,0
190,171,68,1.31,26.2,27.6,3.5,4,2,1,HIIT,2
178,144,64,0.58,20.1,26.0,3.8,3,0,0,Strength,0
175,138,69,0.81,30.4,21.1,3.0,3,1,0,Cardio,1
197,142,74,0.46,19.9,18.1,3.6,2,0,0,Yoga,0
179,138,62,0.49,31.1,27.7,2.7,5,1,0,Cardio,1
190,172,67,0.64,22.8,31.4,2.9,3,1,0,HIIT,1
179,132,75,0.49,32.0,21.3,3.7,2,0,0,Yoga,0
189,134,67,0.74,20.8,27.3,3.3,7,2,1,Yoga,2
180,150,62,1.02,12.3,34.4,4.0,5,3,1,Mixed,3
194,149,65,0.25,21.8,23.2,2.6,3,0,0,Cardio,0
178,137,62,0.84,23.1,23.3,3.7,7,2,1,Cardio,2
195,156,67,0.76,27.5,26.2,2.8,3,0,0,Strength,0
163,138,65,1.27,15.8,22.9,4.6,5,2,1,Mixed,2
196,158,68,0.35,20.3,29.4,2.8,4,1,0,Strength,1
162,148,72,0.61,36.2,22.4,3.2,2,0,0,HIIT,0
191,159,85,0.84,20.5,23.9,3.1,3,1,0,Strength,1
158,130,65,0.67,24.8,18.2,3.0,4,1,0,Strength,1
191,136,70,0.62,18.4,23.1,3.6,3,1,0,Yoga,1
179,147,72,0.64,24.5,20.0,3.1,3,1,0,Strength,1
195,137,67,0.83,17.8,25.4,3.9,6,2,1,Yoga,2
164,151,78,0.81,22.1,18.0,2.9,3,0,0,HIIT,0
186,153,77,0.77,32.6,27.9,3.7,3,0,0,Strength,0
183,155,68,0.97,20.6,20.5,3.7,4,1,0,Mixed,1
161,148,70,0.7,16.4,31.1,3.0,3,1,0,HIIT,1
195,140,72,0.44,20.8,29.5,3.2,3,0,0,Yoga,0
175,149,71,0.66,21.2,26.1,4.2,3,0,0,Mixed,0
188,170,68,0.61,32.6,18.0,3.3,3,0,0,HIIT,0
170,136,74,0.98,22.0,21.5,2.9,4,1,0,Cardio,1
177,143,81,0.52,26.8,20.4,2.4,2,0,0,Cardio,0
152,139,67,0.72,21.3,20.9,3.2,4,1,0,HIIT,1
178,162,70,0.96,22.0,30.3,3.8,5,1,0,HIIT,1
204,166,78,0.83,22.1,23.4,3.6,5,1,0,Strength,1
160,133,71,0.66,14.7,21.4,3.1,7,2,1,Strength,2
180,164,74,1.04,19.0,21.0,3.5,4,1,0,HIIT,1
186,157,71,1.16,24.1,21.9,4.5,4,1,1,Mixed,1
180,129,67,0.93,22.3,26.1,3.4,5,1,1,Yoga,1
184,166,62,1.07,15.7,18.0,3.2,5,2,1,HIIT,2
159,130,76,0.78,24.0,24.4,3.3,2,0,0,Cardio,0
192,156,72,0.93,19.3,25.7,3.7,3,1,0,Strength,1
184,150,70,0.76,27.5,18.0,3.9,3,0,0,Strength,0
188,150,81,0.49,32.6,18.3,3.0,3,0,0,Cardio,0
189,163,82,0.25,27.4,23.8,3.2,2,0,0,Mixed,0
189,172,74,0.81,20.8,29.8,3.7,3,1,0,HIIT,1
158,137,73,0.82,15.2,28.8,4.3,5,2,1,Mixed,2
173,149,78,0.5,31.4,21.6,4.2,2,0,0,Mixed,0
204,185,76,0.92,14.4,29.6,3.2,3,0,0,HIIT,0
188,158,65,0.88,15.9,22.7,4.1,6,2,1,Mixed,2
195,153,73,0.51,27.8,22.7,2.8,2,0,0,Cardio,0
196,176,65,1.2,15.4,24.4,4.1,6,2,1,HIIT,2
169,139,70,0.68,10.9,27.4,2.3,3,0,0,Strength,0
176,160,75,0.54,25.3,21.6,3.3,2,0,0,HIIT,0
185,149,64,0.64,19.3,22.4,3.4,3,1,0,Strength,1
166,116,56,1.19,8.0,19.0,4.3,7,3,1,Yoga,3
184,167,71,0.95,21.7,25.4,3.9,4,2,1,HIIT,2
195,160,76,0.64,16.2,27.7,3.0,5,1,0,Strength,1
166,140,61,0.91,19.4,28.0,3.8,4,2,1,Mixed,2
160,121,74,0.86,19.9,18.5,3.5,3,1,0,Yoga,1
205,184,62,0.72,14.4,22.5,3.3,6,2,1,HIIT,2
197,156,62,0.92,20.7,29.0,3.9,4,2,1,Strength,2
184,155,67,1.28,18.0,24.9,4.6,6,3,1,Mixed,3
175,143,70,0.46,31.1,24.1,2.9,3,0,0,Strength,0
192,173,66,0.72,29.7,24.0,3.2,3,0,0,HIIT,0
170,135,72,0.72,25.9,26.2,3.3,3,0,0,Cardio,0
199,153,67,0.61,17.4,25.1,2.8,4,1,0,Cardio,1
191,171,63,1.15,20.7,21.7,3.8,5,2,1,HIIT,2
175,148,66,0.48,19.5,27.5,3.5,3,0,0,Mixed,0
172,127,72,0.66,24.1,19.2,3.4,3,1,0,Yoga,1
190,157,79,0.58,22.4,29.3,3.4,5,1,0,Strength,1
160,136,67,1.01,19.4,20.4,4.8,4,2,1,Mixed,2
179,148,74,0.78,20.7,26.2,3.3,2,0,0,Strength,0
156,123,63,1.33,16.0,23.3,3.7,7,3,1,Cardio,3
168,126,75,0.92,23.7,22.1,3.8,2,0,0,Yoga,0
190,170,60,1.34,12.8,29.4,3.8,5,3,1,HIIT,3
194,176,75,0.57,27.9,27.0,2.3,2,0,0,HIIT,0
171,138,76,0.33,28.7,23.8,2.1,3,0,0,Cardio,0
161,147,68,0.9,20.2,31.0,3.2,4,1,0,HIIT,1
176,122,57,1.21,19.8,27.9,4.2,5,2,1,Yoga,2
188,141,84,0.47,24.0,20.8,3.3,3,0,0,Yoga,0
160,148,78,0.51,26.1,18.0,2.6,3,0,0,HIIT,0
187,154,56,1.24,16.3,24.4,4.1,7,3,1,Mixed,3
164,149,62,1.12,17.4,29.5,3.6,6,3,1,HIIT,3
172,126,69,0.55,31.8,26.4,3.7,3,0,0,Yoga,0
197,153,72,0.55,29.6,30.3,2.3,4,1,0,Cardio,1
192,175,79,0.98,28.8,21.6,2.9,2,0,0,HIIT,0
188,160,75,0.89,26.2,23.5,4.4,3,1,0,Mixed,1
193,175,73,1.03,20.6,23.6,3.5,4,1,0,HIIT,1
202,162,69,1.03,18.6,25.0,3.7,5,1,1,Strength,1
189,172,75,0.99,17.3,27.1,2.9,4,1,0,HIIT,1
185,134,72,0.72,20.9,30.5,3.4,3,0,0,Yoga,0
180,164,71,0.66,23.1,31.4,3.2,3,1,0,HIIT,1
198,177,56,1.23,17.2,30.7,3.9,7,3,1,HIIT,3
188,145,66,0.7,22.2,26.7,2.8,6,2,1,Cardio,2
180,149,77,0.58,23.7,22.6,3.0,5,1,0,Strength,1
179,144,79,0.61,25.1,24.9,3.1,3,0,0,Cardio,0
174,127,70,0.97,16.0,26.6,4.2,6,2,1,Yoga,2
181,154,71,0.99,16.1,24.5,4.6,6,2,1,Mixed,2
172,133,60,0.92,18.5,20.3,3.6,7,3,1,Cardio,3
171,124,66,0.77,18.6,22.2,4.3,3,1,1,Yoga,1
201,159,61,0.87,30.1,27.5,3.9,5,1,0,Strength,1
179,161,60,1.09,13.7,23.0,3.6,6,2,1,HIIT,2
164,133,76,0.53,27.7,24.1,2.1,2,0,0,Cardio,0
163,147,55,1.02,21.7,23.7,3.1,6,3,1,HIIT,3
170,142,76,0.99,24.6,20.4,3.5,3,0,0,Strength,0
170,145,72,0.67,16.6,23.3,3.9,4,1,0,Mixed,1
168,152,62,0.8,17.8,22.2,3.3,3,1,0,HIIT,1
183,157,79,0.92,21.5,21.2,4.4,3,0,0,Mixed,0
162,135,73,0.5,30.1,19.8,3.7,3,0,0,Strength,0
168,135,57,0.96,15.1,23.6,3.7,4,2,1,Strength,2
184,155,67,0.62,34.1,26.5,4.2,3,0,0,Mixed,0
176,141,75,0.71,27.8,28.5,2.4,2,0,0,Cardio,0
166,138,70,0.77,17.1,18.4,3.6,3,1,0,Strength,1
186,148,60,1.15,17.5,30.4,4.0,5,3,1,Strength,3
158,139,80,0.71,19.8,25.2,3.8,3,0,0,Mixed,0
190,172,70,1.16,25.2,19.5,3.5,5,1,0,HIIT,1
199,167,72,0.68,26.6,22.4,4.0,2,0,0,Mixed,0
188,132,63,1.25,16.3,18.0,4.2,5,2,1,Yoga,2
191,172,65,1.32,8.0,18.0,3.8,6,3,1,HIIT,3
175,159,69,0.52,20.7,30.9,3.4,2,0,0,HIIT,0
185,147,61,0.98,8.0,21.2,4.2,7,3,1,Strength,3
169,153,61,1.14,18.6,26.1,4.1,7,3,1,HIIT,3
199,155,75,0.81,21.0,23.6,2.5,4,1,0,Cardio,1
188,145,66,1.04,14.0,24.1,3.5,5,2,1,Cardio,2
200,149,55,0.56,8.0,25.5,2.6,6,3,1,Cardio,3
171,124,66,1.47,24.8,18.0,4.5,6,2,1,Yoga,2
169,142,79,0.52,23.5,29.3,3.2,2,0,0,Strength,0
192,160,66,1.19,22.7,23.6,4.4,6,2,1,Mixed,2
162,125,80,0.87,32.2,22.0,3.9,3,0,0,Yoga,0
184,126,55,1.56,16.9,25.9,4.8,7,3,1,Yoga,3
181,144,74,0.6,29.2,21.1,2.6,2,0,0,Cardio,0
201,181,70,0.79,21.4,24.8,3.6,4,1,0,HIIT,1
184,155,69,1.08,17.2,23.3,4.5,4,2,1,Mixed,2
175,145,74,0.81,20.9,26.8,4.0,3,1,0,Strength,1
170,154,65,0.77,17.9,23.1,3.3,6,2,1,HIIT,2
195,174,58,0.96,15.6,19.9,3.2,5,3,1,HIIT,3
190,139,76,0.35,24.9,25.4,3.4,2,0,0,Yoga,0
192,137,69,0.37,23.5,22.9,3.4,3,0,0,Yoga,0
203,155,68,0.78,20.1,18.0,2.7,5,1,0,Cardio,1
184,151,73,0.83,24.2,24.8,3.7,4,1,0,Strength,1
160,135,77,0.46,28.4,21.9,2.7,3,0,0,Strength,0
162,117,62,1.2,22.3,25.4,4.4,4,2,1,Yoga,2
188,131,61,0.8,14.5,20.6,3.5,6,2,1,Yoga,2
163,131,71,0.82,28.2,19.2,2.2,2,0,0,Cardio,0
168,152,61,1.14,13.4,28.7,3.2,5,2,1,HIIT,2
151,131,71,0.79,24.8,27.4,4.3,4,1,0,Mixed,1
177,143,81,0.53,20.1,24.0,3.1,2,0,0,Cardio,0
198,159,67,1.25,9.9,25.8,4.3,5,3,1,Strength,3
205,165,70,0.54,20.3,27.2,3.6,3,0,0,Strength,0
165,151,72,0.5,24.8,24.0,2.9,4,1,0,HIIT,1
172,157,71,0.9,18.4,19.2,2.9,4,1,0,HIIT,1
200,169,76,0.83,27.5,25.2,4.5,3,0,0,Mixed,0
197,159,70,0.72,24.0,28.0,3.6,2,0,0,Strength,0
192,138,71,0.63,16.3,26.4,3.5,2,0,0,Yoga,0
182,130,67,1.06,22.1,24.2,3.3,5,2,1,Yoga,2
167,132,68,0.54,17.8,26.3,2.5,4,1,0,Cardio,1
175,128,70,0.93,20.5,23.1,4.5,5,1,1,Yoga,1
162,135,55,1.2,18.1,28.2,4.7,5,3,1,Mixed,3
197,166,73,0.63,30.7,29.4,3.7,3,0,0,Mixed,0
170,135,55,0.89,12.6,18.8,4.0,7,3,1,Strength,3
201,143,71,0.56,23.0,28.5,3.5,3,1,0,Yoga,1
165,151,73,0.58,24.3,32.9,3.1,2,0,0,HIIT,0
197,159,71,1.22,22.6,26.1,4.2,5,1,1,Strength,1
204,153,58,1.06,10.7,27.9,2.8,5,3,1,Cardio,3
194,177,76,0.5,29.0,21.4,3.3,2,0,0,HIIT,0
196,141,74,0.8,22.0,22.0,3.6,5,2,0,Yoga,2
168,144,72,0.81,27.7,23.2,4.2,2,0,0,Mixed,0
166,124,72,0.62,24.5,22.4,3.2,3,1,0,Yoga,1
176,148,67,1.05,19.9,18.8,4.6,4,1,1,Mixed,1
180,142,69,0.93,19.2,23.3,3.7,3,1,0,Cardio,1
189,151,62,1.34,9.7,27.3,4.1,5,3,1,Strength,3
175,124,61,1.37,8.0,18.8,4.7,6,3,1,Yoga,3
181,166,78,0.33,22.3,24.7,2.6,3,0,0,HIIT,0
166,125,75,0.49,25.2,24.6,3.1,5,1,0,Yoga,1
201,141,68,0.68,13.9,22.8,3.5,5,2,1,Yoga,2
163,130,70,1.27,15.8,26.0,3.7,5,2,1,Cardio,2
163,140,71,0.27,20.8,25.6,3.8,4,1,0,Mixed,1
182,149,71,0.56,34.6,22.5,3.4,3,0,0,Strength,0
164,136,69,1.45,16.0,28.2,4.4,7,2,1,Strength,2
183,154,68,0.61,24.7,26.2,4.1,3,1,0,Mixed,1
178,162,73,0.88,21.3,30.3,3.3,5,1,0,HIIT,1
181,130,69,0.42,22.3,23.7,3.3,3,0,0,Yoga,0
176,138,68,0.59,22.8,22.7,2.5,3,1,0,Cardio,1
170,156,72,0.6,31.1,23.2,3.6,3,0,0,HIIT,0
200,155,72,0.66,17.9,28.7,2.9,5,1,0,Cardio,1
194,150,67,0.47,15.5,23.4,2.5,5,1,0,Cardio,1
166,121,65,0.74,15.5,23.6,3.6,6,2,1,Yoga,2
181,133,74,0.61,27.2,31.8,3.2,2,0,0,Yoga,0
205,168,80,0.58,30.0,18.6,3.4,3,0,0,Strength,0
171,140,67,0.94,20.9,25.4,3.7,5,2,1,Strength,2
194,139,71,0.83,31.6,23.8,4.2,4,1,0,Yoga,1
190,148,70,0.83,30.0,23.0,3.3,4,1,0,Cardio,1
183,138,56,0.95,26.2,20.2,3.3,7,3,1,Cardio,3
192,154,66,0.5,25.0,21.3,3.3,3,1,0,Strength,1
189,160,76,0.88,20.3,22.4,4.2,2,0,0,Mixed,0
175,124,63,0.87,20.0,26.0,4.4,5,1,1,Yoga,1
178,129,70,0.79,36.5,27.4,4.2,4,1,0,Yoga,1
192,135,66,0.74,23.4,18.0,4.3,5,2,1,Yoga,2
182,147,68,0.43,25.5,19.2,3.2,2,0,0,Strength,0
187,136,75,0.29,33.2,26.2,3.5,3,0,0,Yoga,0
162,149,75,0.9,16.4,26.5,3.2,3,0,0,HIIT,0
182,150,75,1.19,19.8,18.1,3.9,6,2,1,Strength,2
200,160,65,0.96,23.1,27.5,4.0,6,2,1,Strength,2
200,144,74,0.7,24.1,23.9,3.8,5,1,0,Yoga,1
176,145,72,1.15,22.8,27.0,3.9,5,1,1,Strength,1
166,141,66,0.66,20.6,20.6,4.1,7,2,1,Mixed,2
177,143,79,0.31,27.3,18.4,1.9,2,0,0,Cardio,0
170,154,63,0.81,27.7,22.8,3.3,4,1,0,HIIT,1
158,133,60,1.26,19.8,22.9,4.5,7,3,1,Mixed,3
169,154,66,0.87,16.6,22.7,3.5,7,2,1,HIIT,2
205,185,70,0.78,35.0,22.4,2.8,2,0,0,HIIT,0
178,132,75,0.8,32.1,30.8,4.4,3,0,0,Yoga,0
194,157,70,1.01,19.2,18.0,3.6,5,1,1,Strength,1
185,168,74,0.58,26.7,20.6,2.9,2,0,0,HIIT,0
183,153,61,1.73,13.9,22.3,5.3,6,2,1,Mixed,2
167,151,61,0.93,18.6,24.1,3.5,5,2,1,HIIT,2
175,140,58,1.32,21.4,26.8,4.2,7,3,1,Strength,3
173,158,72,0.91,18.9,27.5,3.6,4,1,0,HIIT,1
182,141,65,0.97,8.2,28.3,3.2,5,2,1,Cardio,2
156,144,76,0.57,29.7,25.9,3.2,2,0,0,HIIT,0
185,146,74,0.56,28.2,18.0,2.7,3,0,0,Cardio,0
181,164,71,0.25,24.4,18.0,2.5,3,0,0,HIIT,0
175,149,73,0.25,25.3,28.6,3.6,2,0,0,Mixed,0
197,177,66,0.31,22.5,28.3,2.7,3,1,0,HIIT,1
162,125,55,0.96,17.5,26.5,3.1,4,1,1,Cardio,1
169,134,70,1.08,24.3,20.7,3.4,5,1,0,Cardio,1
194,140,74,0.63,29.3,22.7,3.8,2,0,0,Yoga,0
198,169,81,0.46,24.5,22.4,3.2,2,0,0,Mixed,0
164,135,68,0.98,16.7,19.9,4.1,5,2,1,Strength,2
193,151,72,0.67,32.5,25.0,3.1,3,1,0,Cardio,1
163,140,70,0.51,25.0,32.6,3.9,3,0,0,Mixed,0
180,131,70,1.23,15.3,22.0,3.9,7,2,1,Yoga,2
182,143,71,0.61,27.1,29.2,2.5,4,1,0,Cardio,1
169,145,73,0.62,32.4,20.5,3.7,2,0,0,Mixed,0
178,151,71,0.77,24.0,18.0,4.4,2,0,0,Mixed,0
190,171,67,0.87,21.5,27.9,3.3,4,1,0,HIIT,1
182,131,69,0.73,23.3,23.1,4.2,3,1,0,Yoga,1
193,133,60,0.81,22.7,29.1,4.2,7,2,1,Yoga,2
205,185,70,0.71,21.0,29.9,3.1,5,1,0,HIIT,1
196,165,69,0.72,18.7,22.9,4.2,4,1,0,Mixed,1
176,161,73,1.1,22.4,29.4,3.3,5,1,0,HIIT,1
192,174,69,0.51,17.8,20.5,3.1,3,1,0,HIIT,1
202,168,66,0.74,30.9,20.4,3.9,3,0,0,Mixed,0
188,152,68,0.78,20.5,28.3,3.1,4,1,0,Strength,1
202,156,69,0.51,27.7,18.0,2.5,2,0,0,Cardio,0
179,149,57,1.2,17.8,24.0,4.3,7,3,1,Mixed,3
180,163,65,1.0,25.4,29.0,3.8,5,1,1,HIIT,1
193,143,80,0.97,21.3,29.3,4.4,3,1,0,Yoga,1
194,163,68,0.99,28.0,22.3,4.8,5,1,1,Mixed,1
171,123,64,1.32,25.0,28.0,4.7,5,3,1,Yoga,3
177,145,68,0.79,27.9,19.5,3.8,4,1,0,Strength,1
175,143,69,0.75,26.8,21.3,3.5,5,1,0,Strength,1
185,147,58,1.67,15.1,24.9,4.3,7,3,1,Strength,3
171,131,57,1.44,21.4,25.5,4.2,5,3,1,Cardio,3
205,165,72,0.63,23.4,19.8,3.3,2,0,0,Strength,0
171,156,72,0.73,19.9,31.4,3.6,3,1,0,HIIT,1
190,151,60,1.32,13.6,18.0,4.4,5,3,1,Strength,3
172,139,77,0.69,26.7,24.2,2.7,4,1,0,Cardio,1
183,149,69,1.07,21.3,24.8,4.0,3,1,0,Strength,1
186,158,74,0.72,16.3,18.0,4.1,2,0,0,Mixed,0
166,123,70,1.2,23.6,29.3,4.9,3,1,1,Yoga,1
158,145,73,0.78,18.3,21.0,2.9,5,1,0,HIIT,1
205,186,76,0.25,25.6,24.4,2.5,3,0,0,HIIT,0
195,161,82,0.78,25.7,25.3,3.7,2,0,0,Strength,0
187,151,85,0.71,38.4,18.2,2.8,3,0,0,Cardio,0
159,123,79,0.55,23.8,19.7,3.7,3,0,0,Yoga,0
195,154,77,0.75,19.0,30.3,2.9,2,0,0,Cardio,0
166,133,55,1.24,21.9,23.7,4.4,7,3,1,Strength,3
159,132,82,0.42,30.8,18.0,2.4,3,0,0,Cardio,0
184,133,71,1.08,16.0,22.8,4.3,6,2,1,Yoga,2
187,140,83,0.53,22.9,23.9,3.6,3,0,0,Yoga,0
186,147,74,0.7,18.5,24.9,3.0,5,1,0,Cardio,1
165,135,65,1.01,20.0,18.0,4.0,4,1,1,Strength,1
195,136,65,0.81,19.2,23.9,3.8,5,1,1,Yoga,1
189,142,55,1.12,9.7,20.7,2.9,7,3,1,Cardio,3
170,137,75,0.71,22.3,24.9,2.3,3,0,0,Cardio,0
155,142,66,1.07,22.3,26.0,3.4,3,1,0,HIIT,1
201,142,69,0.92,21.3,25.6,4.1,4,2,1,Yoga,2
202,181,62,1.08,18.1,29.6,4.0,5,2,1,HIIT,2
176,123,58,0.89,22.3,32.8,4.0,7,3,1,Yoga,3
193,158,76,0.73,30.1,19.5,3.5,2,0,0,Strength,0
163,148,58,1.11,10.8,22.5,3.3,7,3,1,HIIT,3
196,177,65,0.87,27.3,27.0,3.1,3,1,0,HIIT,1
173,141,66,0.78,27.3,23.5,3.6,3,0,0,Strength,0
169,146,75,0.6,27.0,18.0,3.7,5,1,0,Mixed,1
176,158,60,0.98,22.7,23.2,3.6,7,2,1,HIIT,2
178,146,73,0.56,22.8,28.9,3.0,3,0,0,Strength,0
196,156,63,0.92,11.3,18.4,3.3,6,2,1,Strength,2
169,138,65,0.45,26.5,24.9,2.9,3,0,0,Strength,0
161,119,66,1.0,21.5,18.0,4.2,5,2,1,Yoga,2
196,160,77,1.0,24.7,27.5,4.1,4,1,0,Strength,1
205,167,80,0.52,15.5,25.0,3.1,3,0,0,Strength,0
184,145,73,0.65,32.6,21.7,2.7,3,0,0,Cardio,0
202,168,65,0.66,25.2,22.3,3.9,7,3,1,Mixed,3
193,174,66,0.53,29.9,18.0,3.0,2,0,0,HIIT,0
180,150,79,0.64,32.2,28.0,3.3,3,0,0,Strength,0
161,128,66,0.78,28.8,20.8,3.3,4,1,0,Cardio,1
168,141,80,0.64,23.5,26.0,3.0,3,0,0,Strength,0
169,146,75,0.35,27.2,20.2,3.5,3,0,0,Mixed,0
190,157,59,0.87,25.2,32.8,4.1,4,2,1,Mixed,2
169,155,76,0.59,24.4,30.2,2.8,3,0,0,HIIT,0
153,130,75,0.53,27.2,32.3,3.1,2,0,0,Strength,0
186,168,66,1.23,26.3,32.8,3.8,6,2,1,HIIT,2
157,142,56,1.54,14.1,21.5,4.4,7,3,1,HIIT,3
166,128,59,0.84,16.7,20.5,3.2,5,2,1,Cardio,2
183,150,73,0.68,15.6,32.1,3.6,5,1,0,Strength,1
180,130,70,0.96,25.6,23.4,4.4,5,1,1,Yoga,1
195,135,63,1.2,10.8,27.3,4.4,7,3,1,Yoga,3
194,163,68,0.97,20.4,21.5,4.0,5,2,1,Mixed,2
191,138,74,0.93,19.7,21.6,3.9,4,1,0,Yoga,1
182,165,68,0.99,8.0,27.3,3.9,7,3,1,HIIT,3
161,147,71,1.3,17.2,18.0,4.0,4,1,1,HIIT,1
195,146,55,1.29,11.0,27.1,3.8,6,3,1,Cardio,3
183,151,56,1.52,14.4,26.1,5.0,7,3,1,Mixed,3
159,136,69,1.1,18.0,21.9,4.1,4,1,1,Mixed,1
180,150,61,1.07,12.0,24.1,4.5,6,3,1,Mixed,3
184,138,82,0.38,28.1,24.7,3.5,2,0,0,Yoga,0
197,151,64,0.84,10.7,24.9,3.2,6,2,1,Cardio,2
164,136,83,0.25,32.9,26.8,2.2,3,0,0,Cardio,0
179,141,69,1.35,18.0,20.7,3.9,6,3,1,Cardio,3
197,155,77,0.45,23.6,34.8,2.0,3,0,0,Cardio,0
185,142,63,1.31,20.4,23.2,3.2,6,3,1,Cardio,3
176,145,73,0.49,30.9,23.5,3.2,3,0,0,Strength,0
167,153,73,0.7,18.9,31.8,2.8,5,2,0,HIIT,2
181,148,72,1.06,25.7,18.0,4.3,3,0,0,Strength,0
176,161,71,0.84,13.5,31.7,3.3,7,2,1,HIIT,2
164,150,65,0.73,21.2,24.4,2.7,4,1,0,HIIT,1
197,157,63,1.2,10.2,21.9,3.3,5,3,1,Strength,3
174,159,71,1.28,12.7,19.5,3.9,7,2,1,HIIT,2
199,160,70,0.91,14.4,18.9,3.7,5,2,1,Strength,2
187,147,73,0.38,27.3,22.6,2.4,3,0,0,Cardio,0
198,154,74,0.42,30.2,25.1,2.6,2,0,0,Cardio,0
188,152,68,1.09,20.0,26.5,4.0,6,3,1,Strength,3
196,165,72,0.55,24.6,25.1,4.2,2,0,0,Mixed,0
167,129,58,1.21,18.6,22.0,3.5,7,3,1,Cardio,3
175,161,83,0.71,31.9,29.4,2.8,3,0,0,HIIT,0
184,146,75,0.77,29.3,34.7,3.0,2,0,0,Cardio,0
194,153,60,1.33,11.1,30.0,4.8,6,3,1,Strength,3
174,159,74,0.9,17.7,22.6,2.9,7,2,1,HIIT,2
192,138,72,0.66,20.8,26.0,4.1,3,0,0,Yoga,0
182,130,66,0.9,16.3,26.3,4.2,5,1,1,Yoga,1
160,115,61,1.19,15.0,30.4,4.1,7,3,1,Yoga,3
198,179,75,0.47,26.2,22.6,3.3,2,0,0,HIIT,0
174,159,71,0.63,21.2,20.1,3.0,2,0,0,HIIT,0
179,147,74,0.78,19.2,28.5,3.4,5,1,0,Strength,1
164,133,75,0.83,26.3,25.6,3.4,2,0,0,Cardio,0
160,128,70,0.71,22.8,19.6,2.6,5,1,0,Cardio,1
160,129,70,0.73,13.4,26.8,3.2,3,1,0,Cardio,1
194,173,55,1.35,14.3,31.4,4.0,6,3,1,HIIT,3
180,161,56,1.25,13.8,21.2,4.0,5,3,1,HIIT,3
168,141,62,0.98,22.9,20.4,4.4,3,1,1,Mixed,1
186,148,76,0.85,23.4,24.1,3.1,4,1,0,Cardio,1
205,142,65,0.91,12.7,26.7,3.9,7,2,1,Yoga,2
165,135,80,0.98,22.6,23.7,3.7,2,0,0,Cardio,0
157,133,58,0.94,8.0,28.5,3.8,5,3,1,Mixed,3
186,170,81,0.68,21.9,25.0,2.6,2,0,0,HIIT,0
182,130,67,0.6,32.1,28.0,3.7,3,0,0,Yoga,0
161,140,75,0.6,21.5,21.1,4.0,3,1,0,Mixed,1
194,165,75,0.74,25.5,19.1,4.2,3,0,0,Mixed,0
191,146,63,0.93,14.8,22.6,2.5,3,1,0,Cardio,1
183,153,61,0.81,19.3,18.6,4.1,2,0,0,Mixed,0
179,152,73,0.92,12.6,25.6,3.9,3,1,0,Mixed,1
205,171,70,1.01,17.4,18.0,4.6,7,2,1,Mixed,2
187,144,65,1.54,16.7,22.2,4.4,5,2,1,Cardio,2
175,141,78,0.36,24.5,22.9,2.7,2,0,0,Cardio,0
175,131,77,0.73,24.3,19.8,3.6,2,0,0,Yoga,0
192,155,70,0.91,18.9,22.8,3.8,3,1,0,Strength,1
186,146,70,1.25,13.6,24.0,3.5,5,2,1,Cardio,2
182,139,58,1.14,16.7,29.1,3.1,5,2,1,Cardio,2
169,136,60,1.3,8.6,19.8,3.4,7,3,1,Strength,3
184,136,78,0.68,28.1,25.4,3.5,3,0,0,Yoga,0
159,136,68,0.94,18.2,26.2,4.3,5,1,1,Mixed,1
155,141,66,1.33,14.6,23.9,4.3,5,2,1,HIIT,2
188,155,55,1.0,15.9,22.0,4.2,5,3,1,Mixed,3
192,157,75,0.39,37.7,19.4,3.4,3,0,0,Strength,0
189,153,71,0.48,25.9,31.6,3.8,3,0,0,Strength,0
205,143,67,0.62,23.3,24.3,3.7,4,1,0,Yoga,1
162,131,73,0.93,15.0,22.7,2.7,3,1,0,Cardio,1
204,161,61,0.99,19.3,32.5,4.3,3,1,1,Strength,1
171,154,55,1.01,12.3,24.9,3.9,7,3,1,HIIT,3
205,156,64,0.97,12.7,34.2,3.7,7,3,1,Cardio,3
